agres,genre,texte,type,nombre_min,nombre_max,confirmation,element_id,palier,famille,libelle
Saut,valorisation,2 sauts de 1er envol différents,familles,2,,,saut-50-p2-19,P2,Saut par renversement avant,Lune vrille Lune avec rotation longitudinale de 360°dans le 2e envol
Saut,valorisation,2 sauts de 1er envol différents,familles,2,,,saut-50-p3-21,P3,Saut par renversement avant,Lune vrille et demie. Lune avec rotation longitudinale de 540°
Saut,valorisation,2 sauts de 1er envol différents,familles,2,,,saut-50-p3-44,P3,Saut par renversement latéral,Tsukahara groupé. Rotation longitudinale de 90° à 180° dans le 1er envol et salto arrière groupé dans le 2e envol
Saut,valorisation,2 sauts de 1er envol différents,familles,2,,,saut-50-p4-45,P4,Saut par renversement latéral,Tsukahara carpé. Rotation longitudinale de 90° à 180° dans le 1er envol et salto arrière carpé dans le 2e envol
Saut,valorisation,2 sauts de 1er envol différents,familles,2,,,saut-50-p5-25,P5,Saut par renversement avant,Lune avec salto avant groupé dans le 2e envol
Saut,valorisation,2 sauts de 1er envol différents,familles,2,,,saut-50-p5-26,P5,Saut par renversement avant,Lune avec salto avant carpé dans le 2e envol
Saut,valorisation,2 sauts de 1er envol différents,familles,2,,,saut-50-p5-46,P5,Saut par renversement latéral,Tsukahara tendu. Rotation longitudinale de 90° à 180° dans le 1er envol et salto arrière tendu dans le 2e envol
Saut,valorisation,2 sauts de 1er envol différents,familles,2,,,saut-50-p6-28,P6,Saut par renversement avant,Lune avec salto avant tendu
Saut,valorisation,2 sauts de 1er envol différents,familles,2,,,saut-50-p7-35,P7,Saut par renversement avant,Lune double salto
Saut,valorisation,2 sauts de 1er envol différents,familles,2,,,saut-50-p7-48,P7,Saut par renversement latéral,Tsukahara vrillé ou Kasamatsu. Rotation longitudinale de 90° à 180° dans le 1er envol et salto arrière avec rotation longitudinale de 360°
Saut,valorisation,2 sauts de 1er envol différents,familles,2,,,saut-50-p7-70-new,P7,Saut par renversement avant,Lune avec salto avant
Saut,valorisation,2 sauts de 1er envol différents,familles,2,,,saut-51-p3-13,P3,Saut par saut de mains,Saut de main arrivée pieds sur le tremplin lune arrière debout
Saut,valorisation,2 sauts de 1er envol différents,familles,2,,,saut-51-p3-54,P3,Saut par rondade,Rondade tremplin 1/2 tour et lune
Saut,valorisation,2 sauts de 1er envol différents,familles,2,,,saut-51-p4-49,P4,Saut par rondade,Yurchenko groupé. Appel sur le tremplin en rondade et renversement arrière dans le 1er envol
Saut,valorisation,2 sauts de 1er envol différents,familles,2,,,saut-51-p5-19,P5,Saut par saut de mains,Lune vrille Lune avec rotation longitudinale de 360°dans le 2e envol
Saut,valorisation,2 sauts de 1er envol différents,familles,2,,,saut-51-p5-50,P5,Saut par rondade,Yurchenko carpé. Appel sur le tremplin en rondade et renversement arrière dans le 1er envol
Saut,valorisation,2 sauts de 1er envol différents,familles,2,,,saut-51-p5-55,P5,Saut par rondade,Rondade tremplin 1/2 tour et vrille dans le 2e envol
Saut,valorisation,2 sauts de 1er envol différents,familles,2,,,saut-51-p6-51,P6,Saut par rondade,Yurchenko tendu. Appel sur le tremplin en rondade et renversement arrière dans le 1er envol
Saut,valorisation,2 sauts de 1er envol différents,familles,2,,,saut-51-p6-56,P6,Saut par rondade,Rondade tremplin 1/2 tour et salto avant dans le 2e envol
Saut,valorisation,2 sauts de 1er envol différents,familles,2,,,saut-51-p6-56-new,P6,Saut par saut de mains,Lune avec salto avant groupé dans le 2e envol
Saut,valorisation,2 sauts de 1er envol différents,familles,2,,,saut-51-p6-66-new,P6,Saut par saut de mains,Saut de main Tsukahara tendu. Rotation longitudinale de 90° à 180° dans le 1er envol
Saut,valorisation,2 sauts de 1er envol différents,familles,2,,,saut-51-p7-53,P7,Saut par rondade,Yurchenko avec une vrille. Appel sur le tremplin en rondade et renversement arrière dans le 1er envol
Saut,valorisation,2 sauts de 1er envol différents,familles,2,,,saut-51-p7-75-new,P7,Saut par saut de mains,Saut de main Tsukahara vrillé ou Kasamatsu. Rotation longitudinale de 90° à 180° dans le 1er envol
Saut,valorisation,2 sauts de 1er envol différents,familles,2,,,saut-51-p7-76-new,P7,Saut par saut de mains,Saut de main lune avec salto avant tendu
Saut,valorisation,Saut avec rotation longitudinale ou transversale,elements,1,,,saut-50-pre-requis-4-new,PRÉ-REQUIS,,Rotation longitudinale dans le 1er envol. Rondade arrivée plat ventre
Saut,valorisation,Saut avec rotation longitudinale ou transversale,elements,1,,,saut-50-p2-19,P2,Saut par renversement avant,Lune vrille Lune avec rotation longitudinale de 360°dans le 2e envol
Saut,valorisation,Saut avec rotation longitudinale ou transversale,elements,1,,,saut-50-p3-21,P3,Saut par renversement avant,Lune vrille et demie. Lune avec rotation longitudinale de 540°
Saut,valorisation,Saut avec rotation longitudinale ou transversale,elements,1,,,saut-50-p3-44,P3,Saut par renversement latéral,Tsukahara groupé. Rotation longitudinale de 90° à 180° dans le 1er envol et salto arrière groupé dans le 2e envol
Saut,valorisation,Saut avec rotation longitudinale ou transversale,elements,1,,,saut-50-p4-45,P4,Saut par renversement latéral,Tsukahara carpé. Rotation longitudinale de 90° à 180° dans le 1er envol et salto arrière carpé dans le 2e envol
Saut,valorisation,Saut avec rotation longitudinale ou transversale,elements,1,,,saut-50-p5-46,P5,Saut par renversement latéral,Tsukahara tendu. Rotation longitudinale de 90° à 180° dans le 1er envol et salto arrière tendu dans le 2e envol
Saut,valorisation,Saut avec rotation longitudinale ou transversale,elements,1,,,saut-50-p7-48,P7,Saut par renversement latéral,Tsukahara vrillé ou Kasamatsu. Rotation longitudinale de 90° à 180° dans le 1er envol et salto arrière avec rotation longitudinale de 360°
Saut,valorisation,Saut avec rotation longitudinale ou transversale,elements,1,,,saut-50-nomade-37,NOMADE,,Pétrick. Rotation longitudinale de 180° le 1er envol et rotation longitudinale de 180° dans le
Saut,valorisation,Saut avec rotation longitudinale ou transversale,elements,1,,,saut-50-nomade-39,NOMADE,,Pétrick vrille (rotation longitudinale de 180° dans le 1er envol et rotation longitudinale de 360°
Saut,valorisation,Saut avec rotation longitudinale ou transversale,elements,1,,,saut-51-p5-19,P5,Saut par saut de mains,Lune vrille Lune avec rotation longitudinale de 360°dans le 2e envol
Saut,valorisation,Saut avec rotation longitudinale ou transversale,elements,1,,,saut-51-p6-66-new,P6,Saut par saut de mains,Saut de main Tsukahara tendu. Rotation longitudinale de 90° à 180° dans le 1er envol
Saut,valorisation,Saut avec rotation longitudinale ou transversale,elements,1,,,saut-51-p7-75-new,P7,Saut par saut de mains,Saut de main Tsukahara vrillé ou Kasamatsu. Rotation longitudinale de 90° à 180° dans le 1er envol
Saut,valorisation,Saut avec un élément sur le tremplin,elements,1,,,saut-51-pre-requis-5-new,PRÉ-REQUIS,,Appel sur le tremplin en rondade et saut extension vers l’arrière et réception
Saut,valorisation,Saut avec un élément sur le tremplin,elements,1,,,saut-51-p3-13,P3,Saut par saut de mains,Saut de main arrivée pieds sur le tremplin lune arrière debout
Saut,valorisation,Saut avec un élément sur le tremplin,elements,1,,,saut-51-p3-54,P3,Saut par rondade,Rondade tremplin 1/2 tour et lune
Saut,valorisation,Saut avec un élément sur le tremplin,elements,1,,,saut-51-p4-49,P4,Saut par rondade,Yurchenko groupé. Appel sur le tremplin en rondade et renversement arrière dans le 1er envol
Saut,valorisation,Saut avec un élément sur le tremplin,elements,1,,,saut-51-p5-50,P5,Saut par rondade,Yurchenko carpé. Appel sur le tremplin en rondade et renversement arrière dans le 1er envol
Saut,valorisation,Saut avec un élément sur le tremplin,elements,1,,,saut-51-p5-55,P5,Saut par rondade,Rondade tremplin 1/2 tour et vrille dans le 2e envol
Saut,valorisation,Saut avec un élément sur le tremplin,elements,1,,,saut-51-p6-51,P6,Saut par rondade,Yurchenko tendu. Appel sur le tremplin en rondade et renversement arrière dans le 1er envol
Saut,valorisation,Saut avec un élément sur le tremplin,elements,1,,,saut-51-p6-56,P6,Saut par rondade,Rondade tremplin 1/2 tour et salto avant dans le 2e envol
Saut,valorisation,Saut avec un élément sur le tremplin,elements,1,,,saut-51-p7-53,P7,Saut par rondade,Yurchenko avec une vrille. Appel sur le tremplin en rondade et renversement arrière dans le 1er envol
Sol,exigence,1 souplesse,elements,1,,,sol-69-p2-37,P2,Souplesse,"Écrasement facial tenu 2“ en position assise, fermeture tronc-jambes"
Sol,exigence,1 souplesse,elements,1,,,sol-69-p2-73,P2,Souplesse,Grand écart anté-postérieur tenu 2“
Sol,exigence,1 souplesse,elements,1,,,sol-69-p3-40,P3,Souplesse,"Pont tenu 2 sec. (épaules au-dessus des mains,"
Sol,exigence,1 souplesse,elements,1,,,sol-69-p3-78,P3,Souplesse,Grand écart facial tenu 2“
Sol,exigence,1 souplesse,elements,1,,,sol-69-p4-11,P4,Souplesse,Y Ecart à 135° minimum (pas de règle d’angle)
Sol,exigence,1 souplesse,elements,1,,,sol-69-p5-20,P5,Souplesse,Appui facial horizontal jambes écartées tenu 2”
Sol,exigence,1 souplesse,elements,1,,,sol-69-p6-27,P6,Souplesse,Appui facial horizontal jambes serrées tenu 2”
Sol,exigence,1 souplesse,elements,1,,,sol-69-p7-34,P7,Souplesse,Hirondelle tenue 2“
Sol,exigence,2 acros,elements,2,,,sol-65-p1-70-new,P1,,Chandelle tenue 2’’
Sol,exigence,2 acros,elements,2,,,sol-65-p2-103,P2,En avant,"Départ libre, ATR et roulade avant bras tendus, arrivée sur 1 ou 2 pieds"
Sol,exigence,2 acros,elements,2,,,sol-65-p2-97,P2,En avant,"Départ libre, roulade avant avec appui des mains et bras tendus, arrivée sur 1 ou 2 pieds"
Sol,exigence,2 acros,elements,2,,,sol-65-p2-99,P2,En arrière,"Départ libre, roulade arrière avec appui des mains, arrivée sur les pieds jambes fléchies"
Sol,exigence,2 acros,elements,2,,,sol-65-p3-104,P3,En arrière,Roulade arrière jambes tendues et serrées
Sol,exigence,2 acros,elements,2,,,sol-65-p3-170,P3,En avant,Salto avant corps groupé ou carpé
Sol,exigence,2 acros,elements,2,,,sol-65-p3-61,P3,En avant,Saut de poisson
Sol,exigence,2 acros,elements,2,,,sol-65-p3-82-new,P3,En arrière,Roulade arrière arrivée appuis facial
Sol,exigence,2 acros,elements,2,,,sol-65-p4-106,P4,En arrière,"Départ libre, roulade arrière à l’ATR bras tendus, retour libre"
Sol,exigence,2 acros,elements,2,,,sol-65-p4-169,P4,En arrière,Salto arrière corps groupé ou carpé
Sol,exigence,2 acros,elements,2,,,sol-65-p4-170-plus,P4,En avant,Salto avant corps groupé ou carpé
Sol,exigence,2 acros,elements,2,,,sol-65-p5-109,P5,En arrière,"Départ libre, roulade arrière à l’ATR bras tendus 1/2 tour (180°), retour libre"
Sol,exigence,2 acros,elements,2,,,sol-65-p5-172,P5,En arrière,Salto arriére corps tendu
Sol,exigence,2 acros,elements,2,,,sol-65-p5-173,P5,En avant,Salto avant réception pieds décalés
Sol,exigence,2 acros,elements,2,,,sol-65-p5-174,P5,En avant,Salto avant avec demi-tour
Sol,exigence,2 acros,elements,2,,,sol-65-p6-101,P6,En arrière,Tous salti arrière au grand écart
Sol,exigence,2 acros,elements,2,,,sol-65-p6-105,P6,En arrière,Double salto arrière groupé
Sol,exigence,2 acros,elements,2,,,sol-65-p6-112,P6,En arrière,"Départ libre, roulade arrière à l’ATR bras tendus et 1 tour (360°), retour libre"
Sol,exigence,2 acros,elements,2,,,sol-65-p6-178,P6,En arrière,"Salto arrière corps groupé , carpé, tendu, avec 1/2 tour (180°)"
Sol,exigence,2 acros,elements,2,,,sol-65-p6-179,P6,En arrière,"Salto arrière corps groupé, carpé, tendu, avec 1 tour (360°)"
Sol,exigence,2 acros,elements,2,,,sol-65-p6-180,P6,En avant,Salto avant corps tendu ou avec 1/2 tour (180°)
Sol,exigence,2 acros,elements,2,,,sol-65-p7-180-plus,P7,En avant,Salto avant corps tendu ou avec 1/2 tour (180°)
Sol,exigence,2 acros,elements,2,,,sol-65-p7-184,P7,En arrière,"Salto arrière corps groupé, carpé, tendu, avec 1 tour 1/2 (540°)"
Sol,exigence,2 acros,elements,2,,,sol-65-p7-185,P7,En avant,"Salto avant. corps groupé, carpé, tendu avec 1 tour (360°)"
Sol,exigence,2 acros,elements,2,,,sol-65-p7-188,P7,En arrière,Salto arrière avec 2/1 tours ou plus
Sol,exigence,2 acros,elements,2,,,sol-65-p7-189,P7,En arrière,Double salto arrière carpé
Sol,exigence,2 acros,elements,2,,,sol-65-p7-78,P7,En avant,Tous salti avant avec 3/2 tours ou +
Sol,exigence,2 acros,elements,2,,,sol-65-p7-80,P7,En avant,Double salto avant ou avec demi-tour ou +
Sol,exigence,2 acros,elements,2,,,sol-65-nomade-181,NOMADE,,"Twist. Appel en arrière avec 1/2 tour (180°) et salto avant, réception libre"
Sol,exigence,2 acros,elements,2,,,sol-65-nomade-52,NOMADE,,Roulade avant élevée
Sol,exigence,2 acros,elements,2,,,sol-65-nomade-58,NOMADE,,Saut en arrière avec 1/2 tour et saut de poisson
Sol,exigence,2 acros,elements,2,,,sol-65-nomade-64,NOMADE,,Salto latéral jambes groupées écartées
Sol,exigence,2 acros,elements,2,,,sol-65-nomade-66,NOMADE,,Salto latéral jambes tendues écartées
Sol,exigence,2 acros,elements,2,,,sol-65-nomade-70,NOMADE,,Saut en arrière avec 1/2 tour et salto avant tendu
Sol,exigence,2 acros,elements,2,,,sol-65-nomade-74,NOMADE,,Saut de poisson avec 1/1 tour
Sol,exigence,2 acros,elements,2,,,sol-66-pre-requis-68-new,PRÉ-REQUIS,,Sursaut fente
Sol,exigence,2 acros,elements,2,,,sol-66-pre-requis-84,PRÉ-REQUIS,,Station en écart avec appui des mains devant la jambe d’appui (angle d’écart 180°) tenue 2“
Sol,exigence,2 acros,elements,2,,,sol-66-p1-8,P1,,Départ fente ATR ATR ou ATR écart
Sol,exigence,2 acros,elements,2,,,sol-66-p2-146,P2,En avant,Roue : renversement latéral sans envol arrivée 1 ou 2 pieds
Sol,exigence,2 acros,elements,2,,,sol-66-p2-149,P2,En arrière,Souplesse arrière. Renversement arrière sans envol
Sol,exigence,2 acros,elements,2,,,sol-66-p2-151,P2,En arrière,Souplesse avant. enversement avant sans envol
Sol,exigence,2 acros,elements,2,,,sol-66-p3-148,P3,En avant,Rondade
Sol,exigence,2 acros,elements,2,,,sol-66-p3-152,P3,En arrière,Tic-Tac. Renversement avant-arrière sans envol
Sol,exigence,2 acros,elements,2,,,sol-66-p3-153,P3,En arrière,Saut de mains 1 pied. Renversement avant avec envol appel 1 pied
Sol,exigence,2 acros,elements,2,,,sol-66-p3-154,P3,En avant,Saut de mains 2 pieds Renversement avant avec envol appel 1 pied
Sol,exigence,2 acros,elements,2,,,sol-66-p3-155,P3,En arrière,Flic-Flac. Renversement arrière avec envol départ et réception libre
Sol,exigence,2 acros,elements,2,,,sol-66-p4-148-plus,P4,En avant,Rondade
Sol,exigence,2 acros,elements,2,,,sol-66-p4-154-plus,P4,En avant,Saut de mains 2 pieds Renversement avant avec envol appel 1 pied
Sol,exigence,2 acros,elements,2,,,sol-66-p4-155-plus,P4,En arrière,Flic-Flac. Renversement arrière avec envol départ et réception libre
Sol,exigence,2 acros,elements,2,,,sol-66-p5-158,P5,En avant,Flic-Flac avant Renversement avant avec envol appel 2 pieds
Sol,exigence,2 acros,elements,2,,,sol-66-p5-175,P5,En arrière,Salto tempo. Renversement arrière libre
Sol,exigence,2 acros,elements,2,,,sol-66-p5-177,P5,En avant,Salto costal. Renversement latéral libre
Sol,exigence,2 acros,elements,2,,,sol-66-p5-182,P5,En arrière,Salto facial. Renversement avant libre
Sol,exigence,2 acros,elements,2,,,sol-66-p6-158-plus,P6,En avant,Flic-Flac avant Renversement avant avec envol appel 2 pieds
Sol,exigence,2 acros,elements,2,,,sol-66-nomade-135,NOMADE,,Saut par renversement arrière à l’appui couché ou facial
Sol,exigence,2 acros,elements,2,,,sol-66-nomade-159,NOMADE,,Souplesse arrière valse. Renversement arrière sans envol avec 1 tour et plus (360° et plus) retour libre
Sol,exigence,2 acros,elements,2,,,sol-66-nomade-47,NOMADE,,"Menichelli station couché dorsal, une jambe fléchie, renversement arrière à l’appui"
Sol,valorisation,1 ATR Départ et retour en fente,elements,1,,,sol-66-p1-8,P1,,Départ fente ATR ATR ou ATR écart
Sol,valorisation,1 ATR Départ et retour en fente,elements,1,,,sol-67-pre-requis-122,PRÉ-REQUIS,,"Départ en fente, ATR 1 jambe, retour libre"
Sol,valorisation,1 ATR Départ et retour en fente,elements,1,,,sol-67-p2-2,P2,,Départ fente ATR retour fente tenu 2’’
Sol,valorisation,1 saut,elements,1,,,sol-71-p1-121,P1,,Saut extension
Sol,valorisation,1 saut,elements,1,,,sol-71-p2-28,P2,,Saut groupé (jambes serrées) appel des 2 pieds
Sol,valorisation,1 saut,elements,1,,,sol-71-p3-122,P3,,Saut extension 1/2 tour
Sol,valorisation,1 saut,elements,1,,,sol-71-p3-37,P3,,Saut antéro-postérieur à 180° appel et réception des 2 pieds
Sol,valorisation,1 saut,elements,1,,,sol-71-p3-38,P3,,Saut groupé avec 1/2 tour (180°) appel des 2 pieds
Sol,valorisation,1 saut,elements,1,,,sol-71-p3-40,P3,,Saut de cosaque appel des 2 pieds Saut groupé 1 jambe tendue à l’horizontale en avant et réception 2 pieds
Sol,valorisation,1 saut,elements,1,,,sol-71-p3-69-new,P3,,Saut biche 2 pieds
Sol,valorisation,1 saut,elements,1,,,sol-71-p4-34,P4,,Saut avec 1 tour en l’air (360°) appel des 2 pieds
Sol,valorisation,1 saut,elements,1,,,sol-71-p4-41,P4,,Sissonne
Sol,valorisation,1 saut,elements,1,,,sol-71-p4-44,P4,,Saut carpé jambes écartées ou serrées appel 2 pieds
Sol,valorisation,1 saut,elements,1,,,sol-71-p4-49,P4,,Saut antéro-postérieur à 180° avec 1/2 tour
Sol,valorisation,1 saut,elements,1,,,sol-71-p4-50,P4,,Saut de cosaque 1/2 tour appel des 2 pieds. Saut groupé 1 jambe tendue à l’horizontale en avant
Sol,valorisation,1 saut,elements,1,,,sol-71-p4-58,P4,,Saut groupé avec 1 tour (360°) appel des 2 pieds
Sol,valorisation,1 saut,elements,1,,,sol-71-p5-43,P5,,Saut extension avec 3/2 tour (540°)
Sol,valorisation,1 saut,elements,1,,,sol-71-p5-48,P5,,"Sissonne pied tête. Saut cambré 1 jambe tendue,"
Sol,valorisation,1 saut,elements,1,,,sol-71-p5-53,P5,,Saut carpé écarté avec 1/2 tour (180°)
Sol,valorisation,1 saut,elements,1,,,sol-71-p5-56,P5,,Shoushounova. Saut carpé écarté l’appui couché facial
Sol,valorisation,1 saut,elements,1,,,sol-71-p5-65,P5,,Saut de cosaque 1 tour appel 2 pieds. Saut groupé 1 jambe tendue à l’horizontale en avant avec 1 tour (360°)
Sol,valorisation,1 saut,elements,1,,,sol-71-p5-66,P5,,Saut groupé avec 1 tour 1/2 (540°)
Sol,valorisation,1 saut,elements,1,,,sol-71-p5-69,P5,,Saut antéro-postérieur à 180° avec 1/1 tour
Sol,valorisation,1 saut,elements,1,,,sol-71-p6-61,P6,,Popa. Saut carpé écarté avec 1 tour (360°) appel des 2 pieds
Sol,valorisation,1 saut,elements,1,,,sol-71-p6-64,P6,,Saut avec 2 tours en l’air (720°) appel des 2 pieds
Sol,valorisation,1 saut,elements,1,,,sol-71-p6-68,P6,,Saut de mouton
Sol,valorisation,1 saut,elements,1,,,sol-72-pre-requis-71-new,PRÉ-REQUIS,,Assemblé
Sol,valorisation,1 saut,elements,1,,,sol-72-p1-29,P1,,Cabriole. Saut appel 1 pied et réception même pied en écartant la jambe libre
Sol,valorisation,1 saut,elements,1,,,sol-72-p2-27,P2,,Saut de chat en avant
Sol,valorisation,1 saut,elements,1,,,sol-72-p2-32,P2,,Cabriole avec demi-tour (jambes tendues et retour à l’arabesque)
Sol,valorisation,1 saut,elements,1,,,sol-72-p2-35,P2,,Saut de cosaque appel d’1 pied Saut groupé 1 jambe tendue à l’horizontale
Sol,valorisation,1 saut,elements,1,,,sol-72-p3-128,P3,,Saut de biche
Sol,valorisation,1 saut,elements,1,,,sol-72-p3-36,P3,,Saut de chat en avant avec 1/2 tour (180°)
Sol,valorisation,1 saut,elements,1,,,sol-72-p4-39,P4,,Saut de chat avec 1 tour (360°)
Sol,valorisation,1 saut,elements,1,,,sol-72-p4-42,P4,,Cosaque changement de jambes
Sol,valorisation,1 saut,elements,1,,,sol-72-p4-45,P4,,Saut enjambé (écart à 180°) aussi avec la jambe libre fléchie tendue
Sol,valorisation,1 saut,elements,1,,,sol-72-p4-73-new,P4,,Saut ciseau demi
Sol,valorisation,1 saut,elements,1,,,sol-72-p5-51,P5,,Saut enjambé avec changement de jambes (angle d’écart 180° après le changement)
Sol,valorisation,1 saut,elements,1,,,sol-72-p5-52,P5,,Saut de chat avec 1 tour 1/2 (540°)
Sol,valorisation,1 saut,elements,1,,,sol-72-p5-54,P5,,Enjambé pied/tête
Sol,valorisation,1 saut,elements,1,,,sol-72-p5-55,P5,,Saut de cosaque 1 tour
Sol,valorisation,1 saut,elements,1,,,sol-72-p5-60,P5,,Saut enjambé avec 1/2 tour
Sol,valorisation,1 saut,elements,1,,,sol-72-p5-62,P5,,Saut enjambé. avec changement de jambes (angle d’écart 180° après le changement)
Sol,valorisation,1 saut,elements,1,,,sol-72-p6-67,P6,,Saut changement de jambes avec demi-tour
Sol,valorisation,1 saut,elements,1,,,sol-72-p6-70,P6,,Saut changement de jambes pied/tête. Saut enjambé avec changement de jambes (angle d’écart 180°
Sol,valorisation,1 saut,elements,1,,,sol-72-p6-71,P6,,Saut enjambé avec 1 tour
Sol,valorisation,1 saut,elements,1,,,sol-72-p7-72,P7,,Saut avec changement de jambes 1 tour
Sol,valorisation,1 saut,elements,1,,,sol-72-nomade-33,NOMADE,,Saut ciseaux en avant avec les jambes tendues
Sol,valorisation,1 élément P2,elements,1,,,sol-65-p2-103,P2,En avant,"Départ libre, ATR et roulade avant bras tendus, arrivée sur 1 ou 2 pieds"
Sol,valorisation,1 élément P2,elements,1,,,sol-65-p2-97,P2,En avant,"Départ libre, roulade avant avec appui des mains et bras tendus, arrivée sur 1 ou 2 pieds"
Sol,valorisation,1 élément P2,elements,1,,,sol-65-p2-99,P2,En arrière,"Départ libre, roulade arrière avec appui des mains, arrivée sur les pieds jambes fléchies"
Sol,valorisation,1 élément P2,elements,1,,,sol-66-p2-146,P2,En avant,Roue : renversement latéral sans envol arrivée 1 ou 2 pieds
Sol,valorisation,1 élément P2,elements,1,,,sol-66-p2-149,P2,En arrière,Souplesse arrière. Renversement arrière sans envol
Sol,valorisation,1 élément P2,elements,1,,,sol-66-p2-151,P2,En arrière,Souplesse avant. enversement avant sans envol
Sol,valorisation,1 élément P2,elements,1,,,sol-67-p2-124,P2,Force,"Départ accroupi ou à genoux, placement de dos à l’ATR jambes groupées"
Sol,valorisation,1 élément P2,elements,1,,,sol-67-p2-2,P2,,Départ fente ATR retour fente tenu 2’’
Sol,valorisation,1 élément P2,elements,1,,,sol-68-p2-139,P2,,Cercle des jambes serrées ou écartées (540° ou +)
Sol,valorisation,1 élément P2,elements,1,,,sol-69-p2-37,P2,Souplesse,"Écrasement facial tenu 2“ en position assise, fermeture tronc-jambes"
Sol,valorisation,1 élément P2,elements,1,,,sol-69-p2-73,P2,Souplesse,Grand écart anté-postérieur tenu 2“
Sol,valorisation,1 élément P2,elements,1,,,sol-70-p2-86-new,P2,,Demi pivot + détourné
Sol,valorisation,1 élément P2,elements,1,,,sol-71-p2-28,P2,,Saut groupé (jambes serrées) appel des 2 pieds
Sol,valorisation,1 élément P2,elements,1,,,sol-72-p2-27,P2,,Saut de chat en avant
Sol,valorisation,1 élément P2,elements,1,,,sol-72-p2-32,P2,,Cabriole avec demi-tour (jambes tendues et retour à l’arabesque)
Sol,valorisation,1 élément P2,elements,1,,,sol-72-p2-35,P2,,Saut de cosaque appel d’1 pied Saut groupé 1 jambe tendue à l’horizontale
Sol,valorisation,2 acros de sens différents,familles,2,,,sol-65-p1-70-new,P1,,Chandelle tenue 2’’
Sol,valorisation,2 acros de sens différents,familles,2,,,sol-65-p2-103,P2,En avant,"Départ libre, ATR et roulade avant bras tendus, arrivée sur 1 ou 2 pieds"
Sol,valorisation,2 acros de sens différents,familles,2,,,sol-65-p2-97,P2,En avant,"Départ libre, roulade avant avec appui des mains et bras tendus, arrivée sur 1 ou 2 pieds"
Sol,valorisation,2 acros de sens différents,familles,2,,,sol-65-p2-99,P2,En arrière,"Départ libre, roulade arrière avec appui des mains, arrivée sur les pieds jambes fléchies"
Sol,valorisation,2 acros de sens différents,familles,2,,,sol-65-p3-104,P3,En arrière,Roulade arrière jambes tendues et serrées
Sol,valorisation,2 acros de sens différents,familles,2,,,sol-65-p3-170,P3,En avant,Salto avant corps groupé ou carpé
Sol,valorisation,2 acros de sens différents,familles,2,,,sol-65-p3-61,P3,En avant,Saut de poisson
Sol,valorisation,2 acros de sens différents,familles,2,,,sol-65-p3-82-new,P3,En arrière,Roulade arrière arrivée appuis facial
Sol,valorisation,2 acros de sens différents,familles,2,,,sol-65-p4-106,P4,En arrière,"Départ libre, roulade arrière à l’ATR bras tendus, retour libre"
Sol,valorisation,2 acros de sens différents,familles,2,,,sol-65-p4-169,P4,En arrière,Salto arrière corps groupé ou carpé
Sol,valorisation,2 acros de sens différents,familles,2,,,sol-65-p4-170-plus,P4,En avant,Salto avant corps groupé ou carpé
Sol,valorisation,2 acros de sens différents,familles,2,,,sol-65-p5-109,P5,En arrière,"Départ libre, roulade arrière à l’ATR bras tendus 1/2 tour (180°), retour libre"
Sol,valorisation,2 acros de sens différents,familles,2,,,sol-65-p5-172,P5,En arrière,Salto arriére corps tendu
Sol,valorisation,2 acros de sens différents,familles,2,,,sol-65-p5-173,P5,En avant,Salto avant réception pieds décalés
Sol,valorisation,2 acros de sens différents,familles,2,,,sol-65-p5-174,P5,En avant,Salto avant avec demi-tour
Sol,valorisation,2 acros de sens différents,familles,2,,,sol-65-p6-101,P6,En arrière,Tous salti arrière au grand écart
Sol,valorisation,2 acros de sens différents,familles,2,,,sol-65-p6-105,P6,En arrière,Double salto arrière groupé
Sol,valorisation,2 acros de sens différents,familles,2,,,sol-65-p6-112,P6,En arrière,"Départ libre, roulade arrière à l’ATR bras tendus et 1 tour (360°), retour libre"
Sol,valorisation,2 acros de sens différents,familles,2,,,sol-65-p6-178,P6,En arrière,"Salto arrière corps groupé , carpé, tendu, avec 1/2 tour (180°)"
Sol,valorisation,2 acros de sens différents,familles,2,,,sol-65-p6-179,P6,En arrière,"Salto arrière corps groupé, carpé, tendu, avec 1 tour (360°)"
Sol,valorisation,2 acros de sens différents,familles,2,,,sol-65-p6-180,P6,En avant,Salto avant corps tendu ou avec 1/2 tour (180°)
Sol,valorisation,2 acros de sens différents,familles,2,,,sol-65-p7-180-plus,P7,En avant,Salto avant corps tendu ou avec 1/2 tour (180°)
Sol,valorisation,2 acros de sens différents,familles,2,,,sol-65-p7-184,P7,En arrière,"Salto arrière corps groupé, carpé, tendu, avec 1 tour 1/2 (540°)"
Sol,valorisation,2 acros de sens différents,familles,2,,,sol-65-p7-185,P7,En avant,"Salto avant. corps groupé, carpé, tendu avec 1 tour (360°)"
Sol,valorisation,2 acros de sens différents,familles,2,,,sol-65-p7-188,P7,En arrière,Salto arrière avec 2/1 tours ou plus
Sol,valorisation,2 acros de sens différents,familles,2,,,sol-65-p7-189,P7,En arrière,Double salto arrière carpé
Sol,valorisation,2 acros de sens différents,familles,2,,,sol-65-p7-78,P7,En avant,Tous salti avant avec 3/2 tours ou +
Sol,valorisation,2 acros de sens différents,familles,2,,,sol-65-p7-80,P7,En avant,Double salto avant ou avec demi-tour ou +
Sol,valorisation,2 acros de sens différents,familles,2,,,sol-65-nomade-181,NOMADE,,"Twist. Appel en arrière avec 1/2 tour (180°) et salto avant, réception libre"
Sol,valorisation,2 acros de sens différents,familles,2,,,sol-65-nomade-52,NOMADE,,Roulade avant élevée
Sol,valorisation,2 acros de sens différents,familles,2,,,sol-65-nomade-58,NOMADE,,Saut en arrière avec 1/2 tour et saut de poisson
Sol,valorisation,2 acros de sens différents,familles,2,,,sol-65-nomade-64,NOMADE,,Salto latéral jambes groupées écartées
Sol,valorisation,2 acros de sens différents,familles,2,,,sol-65-nomade-66,NOMADE,,Salto latéral jambes tendues écartées
Sol,valorisation,2 acros de sens différents,familles,2,,,sol-65-nomade-70,NOMADE,,Saut en arrière avec 1/2 tour et salto avant tendu
Sol,valorisation,2 acros de sens différents,familles,2,,,sol-65-nomade-74,NOMADE,,Saut de poisson avec 1/1 tour
Sol,valorisation,2 acros de sens différents,familles,2,,,sol-66-pre-requis-68-new,PRÉ-REQUIS,,Sursaut fente
Sol,valorisation,2 acros de sens différents,familles,2,,,sol-66-pre-requis-84,PRÉ-REQUIS,,Station en écart avec appui des mains devant la jambe d’appui (angle d’écart 180°) tenue 2“
Sol,valorisation,2 acros de sens différents,familles,2,,,sol-66-p1-8,P1,,Départ fente ATR ATR ou ATR écart
Sol,valorisation,2 acros de sens différents,familles,2,,,sol-66-p2-146,P2,En avant,Roue : renversement latéral sans envol arrivée 1 ou 2 pieds
Sol,valorisation,2 acros de sens différents,familles,2,,,sol-66-p2-149,P2,En arrière,Souplesse arrière. Renversement arrière sans envol
Sol,valorisation,2 acros de sens différents,familles,2,,,sol-66-p2-151,P2,En arrière,Souplesse avant. enversement avant sans envol
Sol,valorisation,2 acros de sens différents,familles,2,,,sol-66-p3-148,P3,En avant,Rondade
Sol,valorisation,2 acros de sens différents,familles,2,,,sol-66-p3-152,P3,En arrière,Tic-Tac. Renversement avant-arrière sans envol
Sol,valorisation,2 acros de sens différents,familles,2,,,sol-66-p3-153,P3,En arrière,Saut de mains 1 pied. Renversement avant avec envol appel 1 pied
Sol,valorisation,2 acros de sens différents,familles,2,,,sol-66-p3-154,P3,En avant,Saut de mains 2 pieds Renversement avant avec envol appel 1 pied
Sol,valorisation,2 acros de sens différents,familles,2,,,sol-66-p3-155,P3,En arrière,Flic-Flac. Renversement arrière avec envol départ et réception libre
Sol,valorisation,2 acros de sens différents,familles,2,,,sol-66-p4-148-plus,P4,En avant,Rondade
Sol,valorisation,2 acros de sens différents,familles,2,,,sol-66-p4-154-plus,P4,En avant,Saut de mains 2 pieds Renversement avant avec envol appel 1 pied
Sol,valorisation,2 acros de sens différents,familles,2,,,sol-66-p4-155-plus,P4,En arrière,Flic-Flac. Renversement arrière avec envol départ et réception libre
Sol,valorisation,2 acros de sens différents,familles,2,,,sol-66-p5-158,P5,En avant,Flic-Flac avant Renversement avant avec envol appel 2 pieds
Sol,valorisation,2 acros de sens différents,familles,2,,,sol-66-p5-175,P5,En arrière,Salto tempo. Renversement arrière libre
Sol,valorisation,2 acros de sens différents,familles,2,,,sol-66-p5-177,P5,En avant,Salto costal. Renversement latéral libre
Sol,valorisation,2 acros de sens différents,familles,2,,,sol-66-p5-182,P5,En arrière,Salto facial. Renversement avant libre
Sol,valorisation,2 acros de sens différents,familles,2,,,sol-66-p6-158-plus,P6,En avant,Flic-Flac avant Renversement avant avec envol appel 2 pieds
Sol,valorisation,2 acros de sens différents,familles,2,,,sol-66-nomade-135,NOMADE,,Saut par renversement arrière à l’appui couché ou facial
Sol,valorisation,2 acros de sens différents,familles,2,,,sol-66-nomade-159,NOMADE,,Souplesse arrière valse. Renversement arrière sans envol avec 1 tour et plus (360° et plus) retour libre
Sol,valorisation,2 acros de sens différents,familles,2,,,sol-66-nomade-47,NOMADE,,"Menichelli station couché dorsal, une jambe fléchie, renversement arrière à l’appui"
Sol,exigence,1 saut,elements,1,,,sol-71-p1-121,P1,,Saut extension
Sol,exigence,1 saut,elements,1,,,sol-71-p2-28,P2,,Saut groupé (jambes serrées) appel des 2 pieds
Sol,exigence,1 saut,elements,1,,,sol-71-p3-122,P3,,Saut extension 1/2 tour
Sol,exigence,1 saut,elements,1,,,sol-71-p3-37,P3,,Saut antéro-postérieur à 180° appel et réception des 2 pieds
Sol,exigence,1 saut,elements,1,,,sol-71-p3-38,P3,,Saut groupé avec 1/2 tour (180°) appel des 2 pieds
Sol,exigence,1 saut,elements,1,,,sol-71-p3-40,P3,,Saut de cosaque appel des 2 pieds Saut groupé 1 jambe tendue à l’horizontale en avant et réception 2 pieds
Sol,exigence,1 saut,elements,1,,,sol-71-p3-69-new,P3,,Saut biche 2 pieds
Sol,exigence,1 saut,elements,1,,,sol-71-p4-34,P4,,Saut avec 1 tour en l’air (360°) appel des 2 pieds
Sol,exigence,1 saut,elements,1,,,sol-71-p4-41,P4,,Sissonne
Sol,exigence,1 saut,elements,1,,,sol-71-p4-44,P4,,Saut carpé jambes écartées ou serrées appel 2 pieds
Sol,exigence,1 saut,elements,1,,,sol-71-p4-49,P4,,Saut antéro-postérieur à 180° avec 1/2 tour
Sol,exigence,1 saut,elements,1,,,sol-71-p4-50,P4,,Saut de cosaque 1/2 tour appel des 2 pieds. Saut groupé 1 jambe tendue à l’horizontale en avant
Sol,exigence,1 saut,elements,1,,,sol-71-p4-58,P4,,Saut groupé avec 1 tour (360°) appel des 2 pieds
Sol,exigence,1 saut,elements,1,,,sol-71-p5-43,P5,,Saut extension avec 3/2 tour (540°)
Sol,exigence,1 saut,elements,1,,,sol-71-p5-48,P5,,"Sissonne pied tête. Saut cambré 1 jambe tendue,"
Sol,exigence,1 saut,elements,1,,,sol-71-p5-53,P5,,Saut carpé écarté avec 1/2 tour (180°)
Sol,exigence,1 saut,elements,1,,,sol-71-p5-56,P5,,Shoushounova. Saut carpé écarté l’appui couché facial
Sol,exigence,1 saut,elements,1,,,sol-71-p5-65,P5,,Saut de cosaque 1 tour appel 2 pieds. Saut groupé 1 jambe tendue à l’horizontale en avant avec 1 tour (360°)
Sol,exigence,1 saut,elements,1,,,sol-71-p5-66,P5,,Saut groupé avec 1 tour 1/2 (540°)
Sol,exigence,1 saut,elements,1,,,sol-71-p5-69,P5,,Saut antéro-postérieur à 180° avec 1/1 tour
Sol,exigence,1 saut,elements,1,,,sol-71-p6-61,P6,,Popa. Saut carpé écarté avec 1 tour (360°) appel des 2 pieds
Sol,exigence,1 saut,elements,1,,,sol-71-p6-64,P6,,Saut avec 2 tours en l’air (720°) appel des 2 pieds
Sol,exigence,1 saut,elements,1,,,sol-71-p6-68,P6,,Saut de mouton
Sol,exigence,1 saut,elements,1,,,sol-72-pre-requis-71-new,PRÉ-REQUIS,,Assemblé
Sol,exigence,1 saut,elements,1,,,sol-72-p1-29,P1,,Cabriole. Saut appel 1 pied et réception même pied en écartant la jambe libre
Sol,exigence,1 saut,elements,1,,,sol-72-p2-27,P2,,Saut de chat en avant
Sol,exigence,1 saut,elements,1,,,sol-72-p2-32,P2,,Cabriole avec demi-tour (jambes tendues et retour à l’arabesque)
Sol,exigence,1 saut,elements,1,,,sol-72-p2-35,P2,,Saut de cosaque appel d’1 pied Saut groupé 1 jambe tendue à l’horizontale
Sol,exigence,1 saut,elements,1,,,sol-72-p3-128,P3,,Saut de biche
Sol,exigence,1 saut,elements,1,,,sol-72-p3-36,P3,,Saut de chat en avant avec 1/2 tour (180°)
Sol,exigence,1 saut,elements,1,,,sol-72-p4-39,P4,,Saut de chat avec 1 tour (360°)
Sol,exigence,1 saut,elements,1,,,sol-72-p4-42,P4,,Cosaque changement de jambes
Sol,exigence,1 saut,elements,1,,,sol-72-p4-45,P4,,Saut enjambé (écart à 180°) aussi avec la jambe libre fléchie tendue
Sol,exigence,1 saut,elements,1,,,sol-72-p4-73-new,P4,,Saut ciseau demi
Sol,exigence,1 saut,elements,1,,,sol-72-p5-51,P5,,Saut enjambé avec changement de jambes (angle d’écart 180° après le changement)
Sol,exigence,1 saut,elements,1,,,sol-72-p5-52,P5,,Saut de chat avec 1 tour 1/2 (540°)
Sol,exigence,1 saut,elements,1,,,sol-72-p5-54,P5,,Enjambé pied/tête
Sol,exigence,1 saut,elements,1,,,sol-72-p5-55,P5,,Saut de cosaque 1 tour
Sol,exigence,1 saut,elements,1,,,sol-72-p5-60,P5,,Saut enjambé avec 1/2 tour
Sol,exigence,1 saut,elements,1,,,sol-72-p5-62,P5,,Saut enjambé. avec changement de jambes (angle d’écart 180° après le changement)
Sol,exigence,1 saut,elements,1,,,sol-72-p6-67,P6,,Saut changement de jambes avec demi-tour
Sol,exigence,1 saut,elements,1,,,sol-72-p6-70,P6,,Saut changement de jambes pied/tête. Saut enjambé avec changement de jambes (angle d’écart 180°
Sol,exigence,1 saut,elements,1,,,sol-72-p6-71,P6,,Saut enjambé avec 1 tour
Sol,exigence,1 saut,elements,1,,,sol-72-p7-72,P7,,Saut avec changement de jambes 1 tour
Sol,exigence,1 saut,elements,1,,,sol-72-nomade-33,NOMADE,,Saut ciseaux en avant avec les jambes tendues
Sol,valorisation,1 saut P2 (min.),elements,1,,,sol-71-p2-28,P2,,Saut groupé (jambes serrées) appel des 2 pieds
Sol,valorisation,1 saut P2 (min.),elements,1,,,sol-71-p3-122,P3,,Saut extension 1/2 tour
Sol,valorisation,1 saut P2 (min.),elements,1,,,sol-71-p3-37,P3,,Saut antéro-postérieur à 180° appel et réception des 2 pieds
Sol,valorisation,1 saut P2 (min.),elements,1,,,sol-71-p3-38,P3,,Saut groupé avec 1/2 tour (180°) appel des 2 pieds
Sol,valorisation,1 saut P2 (min.),elements,1,,,sol-71-p3-40,P3,,Saut de cosaque appel des 2 pieds Saut groupé 1 jambe tendue à l’horizontale en avant et réception 2 pieds
Sol,valorisation,1 saut P2 (min.),elements,1,,,sol-71-p3-69-new,P3,,Saut biche 2 pieds
Sol,valorisation,1 saut P2 (min.),elements,1,,,sol-71-p4-34,P4,,Saut avec 1 tour en l’air (360°) appel des 2 pieds
Sol,valorisation,1 saut P2 (min.),elements,1,,,sol-71-p4-41,P4,,Sissonne
Sol,valorisation,1 saut P2 (min.),elements,1,,,sol-71-p4-44,P4,,Saut carpé jambes écartées ou serrées appel 2 pieds
Sol,valorisation,1 saut P2 (min.),elements,1,,,sol-71-p4-49,P4,,Saut antéro-postérieur à 180° avec 1/2 tour
Sol,valorisation,1 saut P2 (min.),elements,1,,,sol-71-p4-50,P4,,Saut de cosaque 1/2 tour appel des 2 pieds. Saut groupé 1 jambe tendue à l’horizontale en avant
Sol,valorisation,1 saut P2 (min.),elements,1,,,sol-71-p4-58,P4,,Saut groupé avec 1 tour (360°) appel des 2 pieds
Sol,valorisation,1 saut P2 (min.),elements,1,,,sol-71-p5-43,P5,,Saut extension avec 3/2 tour (540°)
Sol,valorisation,1 saut P2 (min.),elements,1,,,sol-71-p5-48,P5,,"Sissonne pied tête. Saut cambré 1 jambe tendue,"
Sol,valorisation,1 saut P2 (min.),elements,1,,,sol-71-p5-53,P5,,Saut carpé écarté avec 1/2 tour (180°)
Sol,valorisation,1 saut P2 (min.),elements,1,,,sol-71-p5-56,P5,,Shoushounova. Saut carpé écarté l’appui couché facial
Sol,valorisation,1 saut P2 (min.),elements,1,,,sol-71-p5-65,P5,,Saut de cosaque 1 tour appel 2 pieds. Saut groupé 1 jambe tendue à l’horizontale en avant avec 1 tour (360°)
Sol,valorisation,1 saut P2 (min.),elements,1,,,sol-71-p5-66,P5,,Saut groupé avec 1 tour 1/2 (540°)
Sol,valorisation,1 saut P2 (min.),elements,1,,,sol-71-p5-69,P5,,Saut antéro-postérieur à 180° avec 1/1 tour
Sol,valorisation,1 saut P2 (min.),elements,1,,,sol-71-p6-61,P6,,Popa. Saut carpé écarté avec 1 tour (360°) appel des 2 pieds
Sol,valorisation,1 saut P2 (min.),elements,1,,,sol-71-p6-64,P6,,Saut avec 2 tours en l’air (720°) appel des 2 pieds
Sol,valorisation,1 saut P2 (min.),elements,1,,,sol-71-p6-68,P6,,Saut de mouton
Sol,valorisation,1 saut P2 (min.),elements,1,,,sol-72-p2-27,P2,,Saut de chat en avant
Sol,valorisation,1 saut P2 (min.),elements,1,,,sol-72-p2-32,P2,,Cabriole avec demi-tour (jambes tendues et retour à l’arabesque)
Sol,valorisation,1 saut P2 (min.),elements,1,,,sol-72-p2-35,P2,,Saut de cosaque appel d’1 pied Saut groupé 1 jambe tendue à l’horizontale
Sol,valorisation,1 saut P2 (min.),elements,1,,,sol-72-p3-128,P3,,Saut de biche
Sol,valorisation,1 saut P2 (min.),elements,1,,,sol-72-p3-36,P3,,Saut de chat en avant avec 1/2 tour (180°)
Sol,valorisation,1 saut P2 (min.),elements,1,,,sol-72-p4-39,P4,,Saut de chat avec 1 tour (360°)
Sol,valorisation,1 saut P2 (min.),elements,1,,,sol-72-p4-42,P4,,Cosaque changement de jambes
Sol,valorisation,1 saut P2 (min.),elements,1,,,sol-72-p4-45,P4,,Saut enjambé (écart à 180°) aussi avec la jambe libre fléchie tendue
Sol,valorisation,1 saut P2 (min.),elements,1,,,sol-72-p4-73-new,P4,,Saut ciseau demi
Sol,valorisation,1 saut P2 (min.),elements,1,,,sol-72-p5-51,P5,,Saut enjambé avec changement de jambes (angle d’écart 180° après le changement)
Sol,valorisation,1 saut P2 (min.),elements,1,,,sol-72-p5-52,P5,,Saut de chat avec 1 tour 1/2 (540°)
Sol,valorisation,1 saut P2 (min.),elements,1,,,sol-72-p5-54,P5,,Enjambé pied/tête
Sol,valorisation,1 saut P2 (min.),elements,1,,,sol-72-p5-55,P5,,Saut de cosaque 1 tour
Sol,valorisation,1 saut P2 (min.),elements,1,,,sol-72-p5-60,P5,,Saut enjambé avec 1/2 tour
Sol,valorisation,1 saut P2 (min.),elements,1,,,sol-72-p5-62,P5,,Saut enjambé. avec changement de jambes (angle d’écart 180° après le changement)
Sol,valorisation,1 saut P2 (min.),elements,1,,,sol-72-p6-67,P6,,Saut changement de jambes avec demi-tour
Sol,valorisation,1 saut P2 (min.),elements,1,,,sol-72-p6-70,P6,,Saut changement de jambes pied/tête. Saut enjambé avec changement de jambes (angle d’écart 180°
Sol,valorisation,1 saut P2 (min.),elements,1,,,sol-72-p6-71,P6,,Saut enjambé avec 1 tour
Sol,valorisation,1 saut P2 (min.),elements,1,,,sol-72-p7-72,P7,,Saut avec changement de jambes 1 tour
Sol,valorisation,Sursaut + fente + roue,elements,1,,oui,sol-66-p2-146,P2,En avant,Roue : renversement latéral sans envol arrivée 1 ou 2 pieds
Sol,valorisation,Sursaut + fente + roue,elements,1,,oui,sol-70-p3-14,P3,,"Pirouette 1/2 tour (180°) sur 1 jambe et sur 1/2 pointes, pied dans la main"
Sol,valorisation,Sursaut + fente + roue,elements,1,,oui,sol-70-p3-9,P3,,"Pirouette 1 tour (360°) sur 1 jambe et sur 1/2 pointes, position de la jambe libre indifférente"
Sol,valorisation,Sursaut + fente + roue,elements,1,,oui,sol-70-p4-10,P4,,"Pirouette 1 tour 1/2 (540°) sur 1 jambe et sur 1/2 pointes, position de la jambe libre indifférente"
Sol,valorisation,Sursaut + fente + roue,elements,1,,oui,sol-70-p4-17,P4,,"Pirouette 1 tour (360°) sur 1 jambe et sur 1/2 pointes, position de la jambe libre au-dessus de l’horizontale,"
Sol,valorisation,Sursaut + fente + roue,elements,1,,oui,sol-70-p4-18,P4,,"Pirouette 1 tour (360°) sur 1 jambe et sur 1/2 pointes, pied dans la main (écart de jambes à 180°)"
Sol,valorisation,Sursaut + fente + roue,elements,1,,oui,sol-70-p4-19,P4,,Pirouette accroupie 1 tour (360°) sur 1 jambe et sur 1/2 pointes
Sol,valorisation,Sursaut + fente + roue,elements,1,,oui,sol-70-p5-13,P5,,"Pirouette 2 tours (720°) sur 1 jambe et sur 1/2 pointes, position de la jambe libre indifférente"
Sol,valorisation,Sursaut + fente + roue,elements,1,,oui,sol-70-p6-22,P6,,"Pirouette 3 tours (1 080°) sur 1 jambe et sur 1/2 pointes, position de la jambe libre indifférente"
Sol,valorisation,Sursaut + fente + roue,elements,1,,oui,sol-70-p7-23,P7,,"Pirouette 2 tours (720°) sur 1 jambe et sur 1/2 pointes,position de la jambe libre au-dessus"
Sol,exigence,1 PG ou 1 FORCE,elements,1,,oui,sol-67-p2-124,P2,Force,"Départ accroupi ou à genoux, placement de dos à l’ATR jambes groupées"
Sol,exigence,1 PG ou 1 FORCE,elements,1,,oui,sol-67-p3-127,P3,Force,"Départ accroupi ou à genoux, placement de dos à l’ATR jambes serrées et tendues, retour libre"
Sol,exigence,1 PG ou 1 FORCE,elements,1,,oui,sol-67-p4-84-new,P4,Force,"Equerre, dégager jambes"
Sol,exigence,1 PG ou 1 FORCE,elements,1,,oui,sol-67-p5-16,P5,Force,De la station jambes écartées monter en force jambes écartées à l’ATR
Sol,exigence,1 PG ou 1 FORCE,elements,1,,oui,sol-67-p6-23,P6,Force,"Monter à l’ATR tenu 2“ du grand écart, de l’équerre…"
Sol,exigence,1 PG ou 1 FORCE,elements,1,,oui,sol-67-p7-29,P7,Force,Rouler carpé à l’ATR tenu 2“
Sol,exigence,1 PG ou 1 FORCE,elements,1,,oui,sol-67-p7-31,P7,Force,"De l’équerre verticale tenu 2”, s’élever à l’ATR tenu 2”"
Sol,valorisation,1 ATR tenu 2’’ Départ et retour en fente,elements,1,,oui,sol-66-p1-8,P1,,Départ fente ATR ATR ou ATR écart
Sol,valorisation,1 ATR tenu 2’’ Départ et retour en fente,elements,1,,oui,sol-67-pre-requis-122,PRÉ-REQUIS,,"Départ en fente, ATR 1 jambe, retour libre"
Sol,valorisation,1 ATR tenu 2’’ Départ et retour en fente,elements,1,,oui,sol-67-p2-2,P2,,Départ fente ATR retour fente tenu 2’’
Sol,valorisation,1 LAE dont 1 élément P3 (min.),elements,1,,oui,sol-65-p3-104,P3,En arrière,Roulade arrière jambes tendues et serrées
Sol,valorisation,1 LAE dont 1 élément P3 (min.),elements,1,,oui,sol-65-p3-170,P3,En avant,Salto avant corps groupé ou carpé
Sol,valorisation,1 LAE dont 1 élément P3 (min.),elements,1,,oui,sol-65-p3-61,P3,En avant,Saut de poisson
Sol,valorisation,1 LAE dont 1 élément P3 (min.),elements,1,,oui,sol-65-p3-82-new,P3,En arrière,Roulade arrière arrivée appuis facial
Sol,valorisation,1 LAE dont 1 élément P3 (min.),elements,1,,oui,sol-65-p4-106,P4,En arrière,"Départ libre, roulade arrière à l’ATR bras tendus, retour libre"
Sol,valorisation,1 LAE dont 1 élément P3 (min.),elements,1,,oui,sol-65-p4-169,P4,En arrière,Salto arrière corps groupé ou carpé
Sol,valorisation,1 LAE dont 1 élément P3 (min.),elements,1,,oui,sol-65-p4-170-plus,P4,En avant,Salto avant corps groupé ou carpé
Sol,valorisation,1 LAE dont 1 élément P3 (min.),elements,1,,oui,sol-65-p5-109,P5,En arrière,"Départ libre, roulade arrière à l’ATR bras tendus 1/2 tour (180°), retour libre"
Sol,valorisation,1 LAE dont 1 élément P3 (min.),elements,1,,oui,sol-65-p5-172,P5,En arrière,Salto arriére corps tendu
Sol,valorisation,1 LAE dont 1 élément P3 (min.),elements,1,,oui,sol-65-p5-173,P5,En avant,Salto avant réception pieds décalés
Sol,valorisation,1 LAE dont 1 élément P3 (min.),elements,1,,oui,sol-65-p5-174,P5,En avant,Salto avant avec demi-tour
Sol,valorisation,1 LAE dont 1 élément P3 (min.),elements,1,,oui,sol-65-p6-101,P6,En arrière,Tous salti arrière au grand écart
Sol,valorisation,1 LAE dont 1 élément P3 (min.),elements,1,,oui,sol-65-p6-105,P6,En arrière,Double salto arrière groupé
Sol,valorisation,1 LAE dont 1 élément P3 (min.),elements,1,,oui,sol-65-p6-112,P6,En arrière,"Départ libre, roulade arrière à l’ATR bras tendus et 1 tour (360°), retour libre"
Sol,valorisation,1 LAE dont 1 élément P3 (min.),elements,1,,oui,sol-65-p6-178,P6,En arrière,"Salto arrière corps groupé , carpé, tendu, avec 1/2 tour (180°)"
Sol,valorisation,1 LAE dont 1 élément P3 (min.),elements,1,,oui,sol-65-p6-179,P6,En arrière,"Salto arrière corps groupé, carpé, tendu, avec 1 tour (360°)"
Sol,valorisation,1 LAE dont 1 élément P3 (min.),elements,1,,oui,sol-65-p6-180,P6,En avant,Salto avant corps tendu ou avec 1/2 tour (180°)
Sol,valorisation,1 LAE dont 1 élément P3 (min.),elements,1,,oui,sol-65-p7-180-plus,P7,En avant,Salto avant corps tendu ou avec 1/2 tour (180°)
Sol,valorisation,1 LAE dont 1 élément P3 (min.),elements,1,,oui,sol-65-p7-184,P7,En arrière,"Salto arrière corps groupé, carpé, tendu, avec 1 tour 1/2 (540°)"
Sol,valorisation,1 LAE dont 1 élément P3 (min.),elements,1,,oui,sol-65-p7-185,P7,En avant,"Salto avant. corps groupé, carpé, tendu avec 1 tour (360°)"
Sol,valorisation,1 LAE dont 1 élément P3 (min.),elements,1,,oui,sol-65-p7-188,P7,En arrière,Salto arrière avec 2/1 tours ou plus
Sol,valorisation,1 LAE dont 1 élément P3 (min.),elements,1,,oui,sol-65-p7-189,P7,En arrière,Double salto arrière carpé
Sol,valorisation,1 LAE dont 1 élément P3 (min.),elements,1,,oui,sol-65-p7-78,P7,En avant,Tous salti avant avec 3/2 tours ou +
Sol,valorisation,1 LAE dont 1 élément P3 (min.),elements,1,,oui,sol-65-p7-80,P7,En avant,Double salto avant ou avec demi-tour ou +
Sol,valorisation,1 LAE dont 1 élément P3 (min.),elements,1,,oui,sol-66-p3-148,P3,En avant,Rondade
Sol,valorisation,1 LAE dont 1 élément P3 (min.),elements,1,,oui,sol-66-p3-152,P3,En arrière,Tic-Tac. Renversement avant-arrière sans envol
Sol,valorisation,1 LAE dont 1 élément P3 (min.),elements,1,,oui,sol-66-p3-153,P3,En arrière,Saut de mains 1 pied. Renversement avant avec envol appel 1 pied
Sol,valorisation,1 LAE dont 1 élément P3 (min.),elements,1,,oui,sol-66-p3-154,P3,En avant,Saut de mains 2 pieds Renversement avant avec envol appel 1 pied
Sol,valorisation,1 LAE dont 1 élément P3 (min.),elements,1,,oui,sol-66-p3-155,P3,En arrière,Flic-Flac. Renversement arrière avec envol départ et réception libre
Sol,valorisation,1 LAE dont 1 élément P3 (min.),elements,1,,oui,sol-66-p4-148-plus,P4,En avant,Rondade
Sol,valorisation,1 LAE dont 1 élément P3 (min.),elements,1,,oui,sol-66-p4-154-plus,P4,En avant,Saut de mains 2 pieds Renversement avant avec envol appel 1 pied
Sol,valorisation,1 LAE dont 1 élément P3 (min.),elements,1,,oui,sol-66-p4-155-plus,P4,En arrière,Flic-Flac. Renversement arrière avec envol départ et réception libre
Sol,valorisation,1 LAE dont 1 élément P3 (min.),elements,1,,oui,sol-66-p5-158,P5,En avant,Flic-Flac avant Renversement avant avec envol appel 2 pieds
Sol,valorisation,1 LAE dont 1 élément P3 (min.),elements,1,,oui,sol-66-p5-175,P5,En arrière,Salto tempo. Renversement arrière libre
Sol,valorisation,1 LAE dont 1 élément P3 (min.),elements,1,,oui,sol-66-p5-177,P5,En avant,Salto costal. Renversement latéral libre
Sol,valorisation,1 LAE dont 1 élément P3 (min.),elements,1,,oui,sol-66-p5-182,P5,En arrière,Salto facial. Renversement avant libre
Sol,valorisation,1 LAE dont 1 élément P3 (min.),elements,1,,oui,sol-66-p6-158-plus,P6,En avant,Flic-Flac avant Renversement avant avec envol appel 2 pieds
Sol,valorisation,1 FORCE ou 1 saut écart P3 (min.),elements,1,,,sol-67-p3-127,P3,Force,"Départ accroupi ou à genoux, placement de dos à l’ATR jambes serrées et tendues, retour libre"
Sol,valorisation,1 FORCE ou 1 saut écart P3 (min.),elements,1,,,sol-67-p4-84-new,P4,Force,"Equerre, dégager jambes"
Sol,valorisation,1 FORCE ou 1 saut écart P3 (min.),elements,1,,,sol-67-p5-16,P5,Force,De la station jambes écartées monter en force jambes écartées à l’ATR
Sol,valorisation,1 FORCE ou 1 saut écart P3 (min.),elements,1,,,sol-67-p6-23,P6,Force,"Monter à l’ATR tenu 2“ du grand écart, de l’équerre…"
Sol,valorisation,1 FORCE ou 1 saut écart P3 (min.),elements,1,,,sol-67-p7-29,P7,Force,Rouler carpé à l’ATR tenu 2“
Sol,valorisation,1 FORCE ou 1 saut écart P3 (min.),elements,1,,,sol-67-p7-31,P7,Force,"De l’équerre verticale tenu 2”, s’élever à l’ATR tenu 2”"
Sol,valorisation,1 FORCE ou 1 saut écart P3 (min.),elements,1,,,sol-71-p4-44,P4,,Saut carpé jambes écartées ou serrées appel 2 pieds
Sol,valorisation,1 FORCE ou 1 saut écart P3 (min.),elements,1,,,sol-71-p5-53,P5,,Saut carpé écarté avec 1/2 tour (180°)
Sol,valorisation,1 FORCE ou 1 saut écart P3 (min.),elements,1,,,sol-71-p5-56,P5,,Shoushounova. Saut carpé écarté l’appui couché facial
Sol,valorisation,1 FORCE ou 1 saut écart P3 (min.),elements,1,,,sol-71-p6-61,P6,,Popa. Saut carpé écarté avec 1 tour (360°) appel des 2 pieds
Sol,valorisation,1 FORCE ou 1 saut écart P3 (min.),elements,1,,,sol-72-p4-45,P4,,Saut enjambé (écart à 180°) aussi avec la jambe libre fléchie tendue
Sol,valorisation,1 FORCE ou 1 saut écart P3 (min.),elements,1,,,sol-72-p5-51,P5,,Saut enjambé avec changement de jambes (angle d’écart 180° après le changement)
Sol,valorisation,1 FORCE ou 1 saut écart P3 (min.),elements,1,,,sol-72-p5-62,P5,,Saut enjambé. avec changement de jambes (angle d’écart 180° après le changement)
Sol,valorisation,1 FORCE ou 1 saut écart P3 (min.),elements,1,,,sol-72-p6-70,P6,,Saut changement de jambes pied/tête. Saut enjambé avec changement de jambes (angle d’écart 180°
Sol,valorisation,1 élément acro avec envol P3 (min.),elements,1,,oui,sol-65-p3-104,P3,En arrière,Roulade arrière jambes tendues et serrées
Sol,valorisation,1 élément acro avec envol P3 (min.),elements,1,,oui,sol-65-p3-170,P3,En avant,Salto avant corps groupé ou carpé
Sol,valorisation,1 élément acro avec envol P3 (min.),elements,1,,oui,sol-65-p3-61,P3,En avant,Saut de poisson
Sol,valorisation,1 élément acro avec envol P3 (min.),elements,1,,oui,sol-65-p3-82-new,P3,En arrière,Roulade arrière arrivée appuis facial
Sol,valorisation,1 élément acro avec envol P3 (min.),elements,1,,oui,sol-65-p4-106,P4,En arrière,"Départ libre, roulade arrière à l’ATR bras tendus, retour libre"
Sol,valorisation,1 élément acro avec envol P3 (min.),elements,1,,oui,sol-65-p4-169,P4,En arrière,Salto arrière corps groupé ou carpé
Sol,valorisation,1 élément acro avec envol P3 (min.),elements,1,,oui,sol-65-p4-170-plus,P4,En avant,Salto avant corps groupé ou carpé
Sol,valorisation,1 élément acro avec envol P3 (min.),elements,1,,oui,sol-65-p5-109,P5,En arrière,"Départ libre, roulade arrière à l’ATR bras tendus 1/2 tour (180°), retour libre"
Sol,valorisation,1 élément acro avec envol P3 (min.),elements,1,,oui,sol-65-p5-172,P5,En arrière,Salto arriére corps tendu
Sol,valorisation,1 élément acro avec envol P3 (min.),elements,1,,oui,sol-65-p5-173,P5,En avant,Salto avant réception pieds décalés
Sol,valorisation,1 élément acro avec envol P3 (min.),elements,1,,oui,sol-65-p5-174,P5,En avant,Salto avant avec demi-tour
Sol,valorisation,1 élément acro avec envol P3 (min.),elements,1,,oui,sol-65-p6-101,P6,En arrière,Tous salti arrière au grand écart
Sol,valorisation,1 élément acro avec envol P3 (min.),elements,1,,oui,sol-65-p6-105,P6,En arrière,Double salto arrière groupé
Sol,valorisation,1 élément acro avec envol P3 (min.),elements,1,,oui,sol-65-p6-112,P6,En arrière,"Départ libre, roulade arrière à l’ATR bras tendus et 1 tour (360°), retour libre"
Sol,valorisation,1 élément acro avec envol P3 (min.),elements,1,,oui,sol-65-p6-178,P6,En arrière,"Salto arrière corps groupé , carpé, tendu, avec 1/2 tour (180°)"
Sol,valorisation,1 élément acro avec envol P3 (min.),elements,1,,oui,sol-65-p6-179,P6,En arrière,"Salto arrière corps groupé, carpé, tendu, avec 1 tour (360°)"
Sol,valorisation,1 élément acro avec envol P3 (min.),elements,1,,oui,sol-65-p6-180,P6,En avant,Salto avant corps tendu ou avec 1/2 tour (180°)
Sol,valorisation,1 élément acro avec envol P3 (min.),elements,1,,oui,sol-65-p7-180-plus,P7,En avant,Salto avant corps tendu ou avec 1/2 tour (180°)
Sol,valorisation,1 élément acro avec envol P3 (min.),elements,1,,oui,sol-65-p7-184,P7,En arrière,"Salto arrière corps groupé, carpé, tendu, avec 1 tour 1/2 (540°)"
Sol,valorisation,1 élément acro avec envol P3 (min.),elements,1,,oui,sol-65-p7-185,P7,En avant,"Salto avant. corps groupé, carpé, tendu avec 1 tour (360°)"
Sol,valorisation,1 élément acro avec envol P3 (min.),elements,1,,oui,sol-65-p7-188,P7,En arrière,Salto arrière avec 2/1 tours ou plus
Sol,valorisation,1 élément acro avec envol P3 (min.),elements,1,,oui,sol-65-p7-189,P7,En arrière,Double salto arrière carpé
Sol,valorisation,1 élément acro avec envol P3 (min.),elements,1,,oui,sol-65-p7-78,P7,En avant,Tous salti avant avec 3/2 tours ou +
Sol,valorisation,1 élément acro avec envol P3 (min.),elements,1,,oui,sol-65-p7-80,P7,En avant,Double salto avant ou avec demi-tour ou +
Sol,valorisation,1 élément acro avec envol P3 (min.),elements,1,,oui,sol-66-p3-148,P3,En avant,Rondade
Sol,valorisation,1 élément acro avec envol P3 (min.),elements,1,,oui,sol-66-p3-152,P3,En arrière,Tic-Tac. Renversement avant-arrière sans envol
Sol,valorisation,1 élément acro avec envol P3 (min.),elements,1,,oui,sol-66-p3-153,P3,En arrière,Saut de mains 1 pied. Renversement avant avec envol appel 1 pied
Sol,valorisation,1 élément acro avec envol P3 (min.),elements,1,,oui,sol-66-p3-154,P3,En avant,Saut de mains 2 pieds Renversement avant avec envol appel 1 pied
Sol,valorisation,1 élément acro avec envol P3 (min.),elements,1,,oui,sol-66-p3-155,P3,En arrière,Flic-Flac. Renversement arrière avec envol départ et réception libre
Sol,valorisation,1 élément acro avec envol P3 (min.),elements,1,,oui,sol-66-p4-148-plus,P4,En avant,Rondade
Sol,valorisation,1 élément acro avec envol P3 (min.),elements,1,,oui,sol-66-p4-154-plus,P4,En avant,Saut de mains 2 pieds Renversement avant avec envol appel 1 pied
Sol,valorisation,1 élément acro avec envol P3 (min.),elements,1,,oui,sol-66-p4-155-plus,P4,En arrière,Flic-Flac. Renversement arrière avec envol départ et réception libre
Sol,valorisation,1 élément acro avec envol P3 (min.),elements,1,,oui,sol-66-p5-158,P5,En avant,Flic-Flac avant Renversement avant avec envol appel 2 pieds
Sol,valorisation,1 élément acro avec envol P3 (min.),elements,1,,oui,sol-66-p5-175,P5,En arrière,Salto tempo. Renversement arrière libre
Sol,valorisation,1 élément acro avec envol P3 (min.),elements,1,,oui,sol-66-p5-177,P5,En avant,Salto costal. Renversement latéral libre
Sol,valorisation,1 élément acro avec envol P3 (min.),elements,1,,oui,sol-66-p5-182,P5,En arrière,Salto facial. Renversement avant libre
Sol,valorisation,1 élément acro avec envol P3 (min.),elements,1,,oui,sol-66-p6-158-plus,P6,En avant,Flic-Flac avant Renversement avant avec envol appel 2 pieds
Sol,exigence,1 élément P4,elements,1,,,sol-65-p4-106,P4,En arrière,"Départ libre, roulade arrière à l’ATR bras tendus, retour libre"
Sol,exigence,1 élément P4,elements,1,,,sol-65-p4-169,P4,En arrière,Salto arrière corps groupé ou carpé
Sol,exigence,1 élément P4,elements,1,,,sol-65-p4-170-plus,P4,En avant,Salto avant corps groupé ou carpé
Sol,exigence,1 élément P4,elements,1,,,sol-66-p4-148-plus,P4,En avant,Rondade
Sol,exigence,1 élément P4,elements,1,,,sol-66-p4-154-plus,P4,En avant,Saut de mains 2 pieds Renversement avant avec envol appel 1 pied
Sol,exigence,1 élément P4,elements,1,,,sol-66-p4-155-plus,P4,En arrière,Flic-Flac. Renversement arrière avec envol départ et réception libre
Sol,exigence,1 élément P4,elements,1,,,sol-67-p4-126bis,P4,,"ATR 1/2 tour, ATR tenu 2’’"
Sol,exigence,1 élément P4,elements,1,,,sol-67-p4-84-new,P4,Force,"Equerre, dégager jambes"
Sol,exigence,1 élément P4,elements,1,,,sol-68-p4-142,P4,,Cercle des jambes écartées avec 1/2 pivot (sens inverse du cercle)
Sol,exigence,1 élément P4,elements,1,,,sol-68-p4-159,P4,,Facial russe 360° ou 540°
Sol,exigence,1 élément P4,elements,1,,,sol-69-p4-11,P4,Souplesse,Y Ecart à 135° minimum (pas de règle d’angle)
Sol,exigence,1 élément P4,elements,1,,,sol-69-p4-81,P4,,Equerre écartée jambes tendues tenue 2“
Sol,exigence,1 élément P4,elements,1,,,sol-70-p4-10,P4,,"Pirouette 1 tour 1/2 (540°) sur 1 jambe et sur 1/2 pointes, position de la jambe libre indifférente"
Sol,exigence,1 élément P4,elements,1,,,sol-70-p4-17,P4,,"Pirouette 1 tour (360°) sur 1 jambe et sur 1/2 pointes, position de la jambe libre au-dessus de l’horizontale,"
Sol,exigence,1 élément P4,elements,1,,,sol-70-p4-18,P4,,"Pirouette 1 tour (360°) sur 1 jambe et sur 1/2 pointes, pied dans la main (écart de jambes à 180°)"
Sol,exigence,1 élément P4,elements,1,,,sol-70-p4-19,P4,,Pirouette accroupie 1 tour (360°) sur 1 jambe et sur 1/2 pointes
Sol,exigence,1 élément P4,elements,1,,,sol-71-p4-34,P4,,Saut avec 1 tour en l’air (360°) appel des 2 pieds
Sol,exigence,1 élément P4,elements,1,,,sol-71-p4-41,P4,,Sissonne
Sol,exigence,1 élément P4,elements,1,,,sol-71-p4-44,P4,,Saut carpé jambes écartées ou serrées appel 2 pieds
Sol,exigence,1 élément P4,elements,1,,,sol-71-p4-49,P4,,Saut antéro-postérieur à 180° avec 1/2 tour
Sol,exigence,1 élément P4,elements,1,,,sol-71-p4-50,P4,,Saut de cosaque 1/2 tour appel des 2 pieds. Saut groupé 1 jambe tendue à l’horizontale en avant
Sol,exigence,1 élément P4,elements,1,,,sol-71-p4-58,P4,,Saut groupé avec 1 tour (360°) appel des 2 pieds
Sol,exigence,1 élément P4,elements,1,,,sol-72-p4-39,P4,,Saut de chat avec 1 tour (360°)
Sol,exigence,1 élément P4,elements,1,,,sol-72-p4-42,P4,,Cosaque changement de jambes
Sol,exigence,1 élément P4,elements,1,,,sol-72-p4-45,P4,,Saut enjambé (écart à 180°) aussi avec la jambe libre fléchie tendue
Sol,exigence,1 élément P4,elements,1,,,sol-72-p4-73-new,P4,,Saut ciseau demi
Sol,valorisation,1 LAE dont 1 acro avec appui manuel,elements,1,,oui,sol-65-p2-97,P2,En avant,"Départ libre, roulade avant avec appui des mains et bras tendus, arrivée sur 1 ou 2 pieds"
Sol,valorisation,1 LAE dont 1 acro avec appui manuel,elements,1,,oui,sol-65-p2-99,P2,En arrière,"Départ libre, roulade arrière avec appui des mains, arrivée sur les pieds jambes fléchies"
Sol,valorisation,1 LAE dont 1 acro avec appui manuel,elements,1,,oui,sol-65-p3-82-new,P3,En arrière,Roulade arrière arrivée appuis facial
Sol,valorisation,1 LAE dont 1 acro avec appui manuel,elements,1,,oui,sol-66-pre-requis-84,PRÉ-REQUIS,,Station en écart avec appui des mains devant la jambe d’appui (angle d’écart 180°) tenue 2“
Sol,valorisation,1 LAE dont 1 acro avec appui manuel,elements,1,,oui,sol-66-p2-146,P2,En avant,Roue : renversement latéral sans envol arrivée 1 ou 2 pieds
Sol,valorisation,1 LAE dont 1 acro avec appui manuel,elements,1,,oui,sol-66-p2-149,P2,En arrière,Souplesse arrière. Renversement arrière sans envol
Sol,valorisation,1 LAE dont 1 acro avec appui manuel,elements,1,,oui,sol-66-p3-148,P3,En avant,Rondade
Sol,valorisation,1 LAE dont 1 acro avec appui manuel,elements,1,,oui,sol-66-p3-152,P3,En arrière,Tic-Tac. Renversement avant-arrière sans envol
Sol,valorisation,1 LAE dont 1 acro avec appui manuel,elements,1,,oui,sol-66-p3-153,P3,En arrière,Saut de mains 1 pied. Renversement avant avec envol appel 1 pied
Sol,valorisation,1 LAE dont 1 acro avec appui manuel,elements,1,,oui,sol-66-p3-154,P3,En avant,Saut de mains 2 pieds Renversement avant avec envol appel 1 pied
Sol,valorisation,1 LAE dont 1 acro avec appui manuel,elements,1,,oui,sol-66-p3-155,P3,En arrière,Flic-Flac. Renversement arrière avec envol départ et réception libre
Sol,valorisation,1 LAE dont 1 acro avec appui manuel,elements,1,,oui,sol-66-p4-148-plus,P4,En avant,Rondade
Sol,valorisation,1 LAE dont 1 acro avec appui manuel,elements,1,,oui,sol-66-p4-154-plus,P4,En avant,Saut de mains 2 pieds Renversement avant avec envol appel 1 pied
Sol,valorisation,1 LAE dont 1 acro avec appui manuel,elements,1,,oui,sol-66-p4-155-plus,P4,En arrière,Flic-Flac. Renversement arrière avec envol départ et réception libre
Sol,valorisation,1 LAE dont 1 acro avec appui manuel,elements,1,,oui,sol-66-p5-158,P5,En avant,Flic-Flac avant Renversement avant avec envol appel 2 pieds
Sol,valorisation,1 LAE dont 1 acro avec appui manuel,elements,1,,oui,sol-66-p5-175,P5,En arrière,Salto tempo. Renversement arrière libre
Sol,valorisation,1 LAE dont 1 acro avec appui manuel,elements,1,,oui,sol-66-p5-177,P5,En avant,Salto costal. Renversement latéral libre
Sol,valorisation,1 LAE dont 1 acro avec appui manuel,elements,1,,oui,sol-66-p5-182,P5,En arrière,Salto facial. Renversement avant libre
Sol,valorisation,1 LAE dont 1 acro avec appui manuel,elements,1,,oui,sol-66-p6-158-plus,P6,En avant,Flic-Flac avant Renversement avant avec envol appel 2 pieds
Sol,valorisation,1 LAE dont 1 acro avec appui manuel,elements,1,,oui,sol-66-nomade-135,NOMADE,,Saut par renversement arrière à l’appui couché ou facial
Sol,valorisation,1 LAE dont 1 acro avec appui manuel,elements,1,,oui,sol-66-nomade-159,NOMADE,,Souplesse arrière valse. Renversement arrière sans envol avec 1 tour et plus (360° et plus) retour libre
Sol,valorisation,1 LAE dont 1 acro avec appui manuel,elements,1,,oui,sol-66-nomade-47,NOMADE,,"Menichelli station couché dorsal, une jambe fléchie, renversement arrière à l’appui"
Sol,valorisation,1 LAE dont 1 élément P4 (min.),elements,1,,oui,sol-65-p4-106,P4,En arrière,"Départ libre, roulade arrière à l’ATR bras tendus, retour libre"
Sol,valorisation,1 LAE dont 1 élément P4 (min.),elements,1,,oui,sol-65-p4-169,P4,En arrière,Salto arrière corps groupé ou carpé
Sol,valorisation,1 LAE dont 1 élément P4 (min.),elements,1,,oui,sol-65-p4-170-plus,P4,En avant,Salto avant corps groupé ou carpé
Sol,valorisation,1 LAE dont 1 élément P4 (min.),elements,1,,oui,sol-65-p5-109,P5,En arrière,"Départ libre, roulade arrière à l’ATR bras tendus 1/2 tour (180°), retour libre"
Sol,valorisation,1 LAE dont 1 élément P4 (min.),elements,1,,oui,sol-65-p5-172,P5,En arrière,Salto arriére corps tendu
Sol,valorisation,1 LAE dont 1 élément P4 (min.),elements,1,,oui,sol-65-p5-173,P5,En avant,Salto avant réception pieds décalés
Sol,valorisation,1 LAE dont 1 élément P4 (min.),elements,1,,oui,sol-65-p5-174,P5,En avant,Salto avant avec demi-tour
Sol,valorisation,1 LAE dont 1 élément P4 (min.),elements,1,,oui,sol-65-p6-101,P6,En arrière,Tous salti arrière au grand écart
Sol,valorisation,1 LAE dont 1 élément P4 (min.),elements,1,,oui,sol-65-p6-105,P6,En arrière,Double salto arrière groupé
Sol,valorisation,1 LAE dont 1 élément P4 (min.),elements,1,,oui,sol-65-p6-112,P6,En arrière,"Départ libre, roulade arrière à l’ATR bras tendus et 1 tour (360°), retour libre"
Sol,valorisation,1 LAE dont 1 élément P4 (min.),elements,1,,oui,sol-65-p6-178,P6,En arrière,"Salto arrière corps groupé , carpé, tendu, avec 1/2 tour (180°)"
Sol,valorisation,1 LAE dont 1 élément P4 (min.),elements,1,,oui,sol-65-p6-179,P6,En arrière,"Salto arrière corps groupé, carpé, tendu, avec 1 tour (360°)"
Sol,valorisation,1 LAE dont 1 élément P4 (min.),elements,1,,oui,sol-65-p6-180,P6,En avant,Salto avant corps tendu ou avec 1/2 tour (180°)
Sol,valorisation,1 LAE dont 1 élément P4 (min.),elements,1,,oui,sol-65-p7-180-plus,P7,En avant,Salto avant corps tendu ou avec 1/2 tour (180°)
Sol,valorisation,1 LAE dont 1 élément P4 (min.),elements,1,,oui,sol-65-p7-184,P7,En arrière,"Salto arrière corps groupé, carpé, tendu, avec 1 tour 1/2 (540°)"
Sol,valorisation,1 LAE dont 1 élément P4 (min.),elements,1,,oui,sol-65-p7-185,P7,En avant,"Salto avant. corps groupé, carpé, tendu avec 1 tour (360°)"
Sol,valorisation,1 LAE dont 1 élément P4 (min.),elements,1,,oui,sol-65-p7-188,P7,En arrière,Salto arrière avec 2/1 tours ou plus
Sol,valorisation,1 LAE dont 1 élément P4 (min.),elements,1,,oui,sol-65-p7-189,P7,En arrière,Double salto arrière carpé
Sol,valorisation,1 LAE dont 1 élément P4 (min.),elements,1,,oui,sol-65-p7-78,P7,En avant,Tous salti avant avec 3/2 tours ou +
Sol,valorisation,1 LAE dont 1 élément P4 (min.),elements,1,,oui,sol-65-p7-80,P7,En avant,Double salto avant ou avec demi-tour ou +
Sol,valorisation,1 LAE dont 1 élément P4 (min.),elements,1,,oui,sol-66-p4-148-plus,P4,En avant,Rondade
Sol,valorisation,1 LAE dont 1 élément P4 (min.),elements,1,,oui,sol-66-p4-154-plus,P4,En avant,Saut de mains 2 pieds Renversement avant avec envol appel 1 pied
Sol,valorisation,1 LAE dont 1 élément P4 (min.),elements,1,,oui,sol-66-p4-155-plus,P4,En arrière,Flic-Flac. Renversement arrière avec envol départ et réception libre
Sol,valorisation,1 LAE dont 1 élément P4 (min.),elements,1,,oui,sol-66-p5-158,P5,En avant,Flic-Flac avant Renversement avant avec envol appel 2 pieds
Sol,valorisation,1 LAE dont 1 élément P4 (min.),elements,1,,oui,sol-66-p5-175,P5,En arrière,Salto tempo. Renversement arrière libre
Sol,valorisation,1 LAE dont 1 élément P4 (min.),elements,1,,oui,sol-66-p5-177,P5,En avant,Salto costal. Renversement latéral libre
Sol,valorisation,1 LAE dont 1 élément P4 (min.),elements,1,,oui,sol-66-p5-182,P5,En arrière,Salto facial. Renversement avant libre
Sol,valorisation,1 LAE dont 1 élément P4 (min.),elements,1,,oui,sol-66-p6-158-plus,P6,En avant,Flic-Flac avant Renversement avant avec envol appel 2 pieds
Sol,valorisation,1 salto en P4,elements,1,,,sol-65-p4-169,P4,En arrière,Salto arrière corps groupé ou carpé
Sol,valorisation,1 salto en P4,elements,1,,,sol-65-p4-170-plus,P4,En avant,Salto avant corps groupé ou carpé
Sol,valorisation,2 acros de sens différents avec envol incorporés dans les LAE,familles,2,,oui,sol-65-p1-70-new,P1,,Chandelle tenue 2’’
Sol,valorisation,2 acros de sens différents avec envol incorporés dans les LAE,familles,2,,oui,sol-65-p2-103,P2,En avant,"Départ libre, ATR et roulade avant bras tendus, arrivée sur 1 ou 2 pieds"
Sol,valorisation,2 acros de sens différents avec envol incorporés dans les LAE,familles,2,,oui,sol-65-p2-97,P2,En avant,"Départ libre, roulade avant avec appui des mains et bras tendus, arrivée sur 1 ou 2 pieds"
Sol,valorisation,2 acros de sens différents avec envol incorporés dans les LAE,familles,2,,oui,sol-65-p2-99,P2,En arrière,"Départ libre, roulade arrière avec appui des mains, arrivée sur les pieds jambes fléchies"
Sol,valorisation,2 acros de sens différents avec envol incorporés dans les LAE,familles,2,,oui,sol-65-p3-104,P3,En arrière,Roulade arrière jambes tendues et serrées
Sol,valorisation,2 acros de sens différents avec envol incorporés dans les LAE,familles,2,,oui,sol-65-p3-170,P3,En avant,Salto avant corps groupé ou carpé
Sol,valorisation,2 acros de sens différents avec envol incorporés dans les LAE,familles,2,,oui,sol-65-p3-61,P3,En avant,Saut de poisson
Sol,valorisation,2 acros de sens différents avec envol incorporés dans les LAE,familles,2,,oui,sol-65-p3-82-new,P3,En arrière,Roulade arrière arrivée appuis facial
Sol,valorisation,2 acros de sens différents avec envol incorporés dans les LAE,familles,2,,oui,sol-65-p4-106,P4,En arrière,"Départ libre, roulade arrière à l’ATR bras tendus, retour libre"
Sol,valorisation,2 acros de sens différents avec envol incorporés dans les LAE,familles,2,,oui,sol-65-p4-169,P4,En arrière,Salto arrière corps groupé ou carpé
Sol,valorisation,2 acros de sens différents avec envol incorporés dans les LAE,familles,2,,oui,sol-65-p4-170-plus,P4,En avant,Salto avant corps groupé ou carpé
Sol,valorisation,2 acros de sens différents avec envol incorporés dans les LAE,familles,2,,oui,sol-65-p5-109,P5,En arrière,"Départ libre, roulade arrière à l’ATR bras tendus 1/2 tour (180°), retour libre"
Sol,valorisation,2 acros de sens différents avec envol incorporés dans les LAE,familles,2,,oui,sol-65-p5-172,P5,En arrière,Salto arriére corps tendu
Sol,valorisation,2 acros de sens différents avec envol incorporés dans les LAE,familles,2,,oui,sol-65-p5-173,P5,En avant,Salto avant réception pieds décalés
Sol,valorisation,2 acros de sens différents avec envol incorporés dans les LAE,familles,2,,oui,sol-65-p5-174,P5,En avant,Salto avant avec demi-tour
Sol,valorisation,2 acros de sens différents avec envol incorporés dans les LAE,familles,2,,oui,sol-65-p6-101,P6,En arrière,Tous salti arrière au grand écart
Sol,valorisation,2 acros de sens différents avec envol incorporés dans les LAE,familles,2,,oui,sol-65-p6-105,P6,En arrière,Double salto arrière groupé
Sol,valorisation,2 acros de sens différents avec envol incorporés dans les LAE,familles,2,,oui,sol-65-p6-112,P6,En arrière,"Départ libre, roulade arrière à l’ATR bras tendus et 1 tour (360°), retour libre"
Sol,valorisation,2 acros de sens différents avec envol incorporés dans les LAE,familles,2,,oui,sol-65-p6-178,P6,En arrière,"Salto arrière corps groupé , carpé, tendu, avec 1/2 tour (180°)"
Sol,valorisation,2 acros de sens différents avec envol incorporés dans les LAE,familles,2,,oui,sol-65-p6-179,P6,En arrière,"Salto arrière corps groupé, carpé, tendu, avec 1 tour (360°)"
Sol,valorisation,2 acros de sens différents avec envol incorporés dans les LAE,familles,2,,oui,sol-65-p6-180,P6,En avant,Salto avant corps tendu ou avec 1/2 tour (180°)
Sol,valorisation,2 acros de sens différents avec envol incorporés dans les LAE,familles,2,,oui,sol-65-p7-180-plus,P7,En avant,Salto avant corps tendu ou avec 1/2 tour (180°)
Sol,valorisation,2 acros de sens différents avec envol incorporés dans les LAE,familles,2,,oui,sol-65-p7-184,P7,En arrière,"Salto arrière corps groupé, carpé, tendu, avec 1 tour 1/2 (540°)"
Sol,valorisation,2 acros de sens différents avec envol incorporés dans les LAE,familles,2,,oui,sol-65-p7-185,P7,En avant,"Salto avant. corps groupé, carpé, tendu avec 1 tour (360°)"
Sol,valorisation,2 acros de sens différents avec envol incorporés dans les LAE,familles,2,,oui,sol-65-p7-188,P7,En arrière,Salto arrière avec 2/1 tours ou plus
Sol,valorisation,2 acros de sens différents avec envol incorporés dans les LAE,familles,2,,oui,sol-65-p7-189,P7,En arrière,Double salto arrière carpé
Sol,valorisation,2 acros de sens différents avec envol incorporés dans les LAE,familles,2,,oui,sol-65-p7-78,P7,En avant,Tous salti avant avec 3/2 tours ou +
Sol,valorisation,2 acros de sens différents avec envol incorporés dans les LAE,familles,2,,oui,sol-65-p7-80,P7,En avant,Double salto avant ou avec demi-tour ou +
Sol,valorisation,2 acros de sens différents avec envol incorporés dans les LAE,familles,2,,oui,sol-65-nomade-181,NOMADE,,"Twist. Appel en arrière avec 1/2 tour (180°) et salto avant, réception libre"
Sol,valorisation,2 acros de sens différents avec envol incorporés dans les LAE,familles,2,,oui,sol-65-nomade-52,NOMADE,,Roulade avant élevée
Sol,valorisation,2 acros de sens différents avec envol incorporés dans les LAE,familles,2,,oui,sol-65-nomade-58,NOMADE,,Saut en arrière avec 1/2 tour et saut de poisson
Sol,valorisation,2 acros de sens différents avec envol incorporés dans les LAE,familles,2,,oui,sol-65-nomade-64,NOMADE,,Salto latéral jambes groupées écartées
Sol,valorisation,2 acros de sens différents avec envol incorporés dans les LAE,familles,2,,oui,sol-65-nomade-66,NOMADE,,Salto latéral jambes tendues écartées
Sol,valorisation,2 acros de sens différents avec envol incorporés dans les LAE,familles,2,,oui,sol-65-nomade-70,NOMADE,,Saut en arrière avec 1/2 tour et salto avant tendu
Sol,valorisation,2 acros de sens différents avec envol incorporés dans les LAE,familles,2,,oui,sol-65-nomade-74,NOMADE,,Saut de poisson avec 1/1 tour
Sol,valorisation,2 acros de sens différents avec envol incorporés dans les LAE,familles,2,,oui,sol-66-pre-requis-68-new,PRÉ-REQUIS,,Sursaut fente
Sol,valorisation,2 acros de sens différents avec envol incorporés dans les LAE,familles,2,,oui,sol-66-pre-requis-84,PRÉ-REQUIS,,Station en écart avec appui des mains devant la jambe d’appui (angle d’écart 180°) tenue 2“
Sol,valorisation,2 acros de sens différents avec envol incorporés dans les LAE,familles,2,,oui,sol-66-p1-8,P1,,Départ fente ATR ATR ou ATR écart
Sol,valorisation,2 acros de sens différents avec envol incorporés dans les LAE,familles,2,,oui,sol-66-p2-146,P2,En avant,Roue : renversement latéral sans envol arrivée 1 ou 2 pieds
Sol,valorisation,2 acros de sens différents avec envol incorporés dans les LAE,familles,2,,oui,sol-66-p2-149,P2,En arrière,Souplesse arrière. Renversement arrière sans envol
Sol,valorisation,2 acros de sens différents avec envol incorporés dans les LAE,familles,2,,oui,sol-66-p2-151,P2,En arrière,Souplesse avant. enversement avant sans envol
Sol,valorisation,2 acros de sens différents avec envol incorporés dans les LAE,familles,2,,oui,sol-66-p3-148,P3,En avant,Rondade
Sol,valorisation,2 acros de sens différents avec envol incorporés dans les LAE,familles,2,,oui,sol-66-p3-152,P3,En arrière,Tic-Tac. Renversement avant-arrière sans envol
Sol,valorisation,2 acros de sens différents avec envol incorporés dans les LAE,familles,2,,oui,sol-66-p3-153,P3,En arrière,Saut de mains 1 pied. Renversement avant avec envol appel 1 pied
Sol,valorisation,2 acros de sens différents avec envol incorporés dans les LAE,familles,2,,oui,sol-66-p3-154,P3,En avant,Saut de mains 2 pieds Renversement avant avec envol appel 1 pied
Sol,valorisation,2 acros de sens différents avec envol incorporés dans les LAE,familles,2,,oui,sol-66-p3-155,P3,En arrière,Flic-Flac. Renversement arrière avec envol départ et réception libre
Sol,valorisation,2 acros de sens différents avec envol incorporés dans les LAE,familles,2,,oui,sol-66-p4-148-plus,P4,En avant,Rondade
Sol,valorisation,2 acros de sens différents avec envol incorporés dans les LAE,familles,2,,oui,sol-66-p4-154-plus,P4,En avant,Saut de mains 2 pieds Renversement avant avec envol appel 1 pied
Sol,valorisation,2 acros de sens différents avec envol incorporés dans les LAE,familles,2,,oui,sol-66-p4-155-plus,P4,En arrière,Flic-Flac. Renversement arrière avec envol départ et réception libre
Sol,valorisation,2 acros de sens différents avec envol incorporés dans les LAE,familles,2,,oui,sol-66-p5-158,P5,En avant,Flic-Flac avant Renversement avant avec envol appel 2 pieds
Sol,valorisation,2 acros de sens différents avec envol incorporés dans les LAE,familles,2,,oui,sol-66-p5-175,P5,En arrière,Salto tempo. Renversement arrière libre
Sol,valorisation,2 acros de sens différents avec envol incorporés dans les LAE,familles,2,,oui,sol-66-p5-177,P5,En avant,Salto costal. Renversement latéral libre
Sol,valorisation,2 acros de sens différents avec envol incorporés dans les LAE,familles,2,,oui,sol-66-p5-182,P5,En arrière,Salto facial. Renversement avant libre
Sol,valorisation,2 acros de sens différents avec envol incorporés dans les LAE,familles,2,,oui,sol-66-p6-158-plus,P6,En avant,Flic-Flac avant Renversement avant avec envol appel 2 pieds
Sol,valorisation,2 acros de sens différents avec envol incorporés dans les LAE,familles,2,,oui,sol-66-nomade-135,NOMADE,,Saut par renversement arrière à l’appui couché ou facial
Sol,valorisation,2 acros de sens différents avec envol incorporés dans les LAE,familles,2,,oui,sol-66-nomade-159,NOMADE,,Souplesse arrière valse. Renversement arrière sans envol avec 1 tour et plus (360° et plus) retour libre
Sol,valorisation,2 acros de sens différents avec envol incorporés dans les LAE,familles,2,,oui,sol-66-nomade-47,NOMADE,,"Menichelli station couché dorsal, une jambe fléchie, renversement arrière à l’appui"
Sol,exigence,1 élément P5,elements,1,,,sol-65-p5-109,P5,En arrière,"Départ libre, roulade arrière à l’ATR bras tendus 1/2 tour (180°), retour libre"
Sol,exigence,1 élément P5,elements,1,,,sol-65-p5-172,P5,En arrière,Salto arriére corps tendu
Sol,exigence,1 élément P5,elements,1,,,sol-65-p5-173,P5,En avant,Salto avant réception pieds décalés
Sol,exigence,1 élément P5,elements,1,,,sol-65-p5-174,P5,En avant,Salto avant avec demi-tour
Sol,exigence,1 élément P5,elements,1,,,sol-66-p5-158,P5,En avant,Flic-Flac avant Renversement avant avec envol appel 2 pieds
Sol,exigence,1 élément P5,elements,1,,,sol-66-p5-175,P5,En arrière,Salto tempo. Renversement arrière libre
Sol,exigence,1 élément P5,elements,1,,,sol-66-p5-177,P5,En avant,Salto costal. Renversement latéral libre
Sol,exigence,1 élément P5,elements,1,,,sol-66-p5-182,P5,En arrière,Salto facial. Renversement avant libre
Sol,exigence,1 élément P5,elements,1,,,sol-67-p5-12,P5,,Healy
Sol,exigence,1 élément P5,elements,1,,,sol-67-p5-128,P5,,"Départ libre, ATR 1 tour (360°), retour libre"
Sol,exigence,1 élément P5,elements,1,,,sol-67-p5-15,P5,,"De l’ATR descendre à l’équerre écartée ou serrée, tenue 2 “"
Sol,exigence,1 élément P5,elements,1,,,sol-67-p5-16,P5,Force,De la station jambes écartées monter en force jambes écartées à l’ATR
Sol,exigence,1 élément P5,elements,1,,,sol-68-p5-154,P5,,Cercle des jambes serrées ou écartées à l’ATR
Sol,exigence,1 élément P5,elements,1,,,sol-68-p5-157,P5,,Cercle des jambes écartées avec 1/1 pivot
Sol,exigence,1 élément P5,elements,1,,,sol-68-p5-163,P5,,Facial russe 720° ou plus
Sol,exigence,1 élément P5,elements,1,,,sol-69-p5-20,P5,Souplesse,Appui facial horizontal jambes écartées tenu 2”
Sol,exigence,1 élément P5,elements,1,,,sol-69-p5-24,P5,Maintien,S’abaisser ou élan à la croix renversée tenue 2”
Sol,exigence,1 élément P5,elements,1,,,sol-70-p5-13,P5,,"Pirouette 2 tours (720°) sur 1 jambe et sur 1/2 pointes, position de la jambe libre indifférente"
Sol,exigence,1 élément P5,elements,1,,,sol-71-p5-43,P5,,Saut extension avec 3/2 tour (540°)
Sol,exigence,1 élément P5,elements,1,,,sol-71-p5-48,P5,,"Sissonne pied tête. Saut cambré 1 jambe tendue,"
Sol,exigence,1 élément P5,elements,1,,,sol-71-p5-53,P5,,Saut carpé écarté avec 1/2 tour (180°)
Sol,exigence,1 élément P5,elements,1,,,sol-71-p5-56,P5,,Shoushounova. Saut carpé écarté l’appui couché facial
Sol,exigence,1 élément P5,elements,1,,,sol-71-p5-65,P5,,Saut de cosaque 1 tour appel 2 pieds. Saut groupé 1 jambe tendue à l’horizontale en avant avec 1 tour (360°)
Sol,exigence,1 élément P5,elements,1,,,sol-71-p5-66,P5,,Saut groupé avec 1 tour 1/2 (540°)
Sol,exigence,1 élément P5,elements,1,,,sol-71-p5-69,P5,,Saut antéro-postérieur à 180° avec 1/1 tour
Sol,exigence,1 élément P5,elements,1,,,sol-72-p5-51,P5,,Saut enjambé avec changement de jambes (angle d’écart 180° après le changement)
Sol,exigence,1 élément P5,elements,1,,,sol-72-p5-52,P5,,Saut de chat avec 1 tour 1/2 (540°)
Sol,exigence,1 élément P5,elements,1,,,sol-72-p5-54,P5,,Enjambé pied/tête
Sol,exigence,1 élément P5,elements,1,,,sol-72-p5-55,P5,,Saut de cosaque 1 tour
Sol,exigence,1 élément P5,elements,1,,,sol-72-p5-60,P5,,Saut enjambé avec 1/2 tour
Sol,exigence,1 élément P5,elements,1,,,sol-72-p5-62,P5,,Saut enjambé. avec changement de jambes (angle d’écart 180° après le changement)
Sol,valorisation,1 LAE dont 1 salto appel 2 pieds,elements,1,,oui,sol-65-p3-170,P3,En avant,Salto avant corps groupé ou carpé
Sol,valorisation,1 LAE dont 1 salto appel 2 pieds,elements,1,,oui,sol-65-p4-169,P4,En arrière,Salto arrière corps groupé ou carpé
Sol,valorisation,1 LAE dont 1 salto appel 2 pieds,elements,1,,oui,sol-65-p4-170-plus,P4,En avant,Salto avant corps groupé ou carpé
Sol,valorisation,1 LAE dont 1 salto appel 2 pieds,elements,1,,oui,sol-65-p5-172,P5,En arrière,Salto arriére corps tendu
Sol,valorisation,1 LAE dont 1 salto appel 2 pieds,elements,1,,oui,sol-65-p5-173,P5,En avant,Salto avant réception pieds décalés
Sol,valorisation,1 LAE dont 1 salto appel 2 pieds,elements,1,,oui,sol-65-p5-174,P5,En avant,Salto avant avec demi-tour
Sol,valorisation,1 LAE dont 1 salto appel 2 pieds,elements,1,,oui,sol-65-p6-105,P6,En arrière,Double salto arrière groupé
Sol,valorisation,1 LAE dont 1 salto appel 2 pieds,elements,1,,oui,sol-65-p6-178,P6,En arrière,"Salto arrière corps groupé , carpé, tendu, avec 1/2 tour (180°)"
Sol,valorisation,1 LAE dont 1 salto appel 2 pieds,elements,1,,oui,sol-65-p6-179,P6,En arrière,"Salto arrière corps groupé, carpé, tendu, avec 1 tour (360°)"
Sol,valorisation,1 LAE dont 1 salto appel 2 pieds,elements,1,,oui,sol-65-p6-180,P6,En avant,Salto avant corps tendu ou avec 1/2 tour (180°)
Sol,valorisation,1 LAE dont 1 salto appel 2 pieds,elements,1,,oui,sol-65-p7-180-plus,P7,En avant,Salto avant corps tendu ou avec 1/2 tour (180°)
Sol,valorisation,1 LAE dont 1 salto appel 2 pieds,elements,1,,oui,sol-65-p7-184,P7,En arrière,"Salto arrière corps groupé, carpé, tendu, avec 1 tour 1/2 (540°)"
Sol,valorisation,1 LAE dont 1 salto appel 2 pieds,elements,1,,oui,sol-65-p7-185,P7,En avant,"Salto avant. corps groupé, carpé, tendu avec 1 tour (360°)"
Sol,valorisation,1 LAE dont 1 salto appel 2 pieds,elements,1,,oui,sol-65-p7-188,P7,En arrière,Salto arrière avec 2/1 tours ou plus
Sol,valorisation,1 LAE dont 1 salto appel 2 pieds,elements,1,,oui,sol-65-p7-189,P7,En arrière,Double salto arrière carpé
Sol,valorisation,1 LAE dont 1 salto appel 2 pieds,elements,1,,oui,sol-65-p7-80,P7,En avant,Double salto avant ou avec demi-tour ou +
Sol,valorisation,1 LAE dont 1 salto appel 2 pieds,elements,1,,oui,sol-65-nomade-181,NOMADE,,"Twist. Appel en arrière avec 1/2 tour (180°) et salto avant, réception libre"
Sol,valorisation,1 LAE dont 1 salto appel 2 pieds,elements,1,,oui,sol-65-nomade-64,NOMADE,,Salto latéral jambes groupées écartées
Sol,valorisation,1 LAE dont 1 salto appel 2 pieds,elements,1,,oui,sol-65-nomade-66,NOMADE,,Salto latéral jambes tendues écartées
Sol,valorisation,1 LAE dont 1 salto appel 2 pieds,elements,1,,oui,sol-65-nomade-70,NOMADE,,Saut en arrière avec 1/2 tour et salto avant tendu
Sol,valorisation,1 LAE dont 1 salto appel 2 pieds,elements,1,,oui,sol-66-p5-175,P5,En arrière,Salto tempo. Renversement arrière libre
Sol,valorisation,1 LAE dont 1 salto appel 2 pieds,elements,1,,oui,sol-66-p5-177,P5,En avant,Salto costal. Renversement latéral libre
Sol,valorisation,1 LAE dont 1 salto appel 2 pieds,elements,1,,oui,sol-66-p5-182,P5,En arrière,Salto facial. Renversement avant libre
Sol,valorisation,1 LAE dont 1 élément P5,elements,1,,oui,sol-65-p5-109,P5,En arrière,"Départ libre, roulade arrière à l’ATR bras tendus 1/2 tour (180°), retour libre"
Sol,valorisation,1 LAE dont 1 élément P5,elements,1,,oui,sol-65-p5-172,P5,En arrière,Salto arriére corps tendu
Sol,valorisation,1 LAE dont 1 élément P5,elements,1,,oui,sol-65-p5-173,P5,En avant,Salto avant réception pieds décalés
Sol,valorisation,1 LAE dont 1 élément P5,elements,1,,oui,sol-65-p5-174,P5,En avant,Salto avant avec demi-tour
Sol,valorisation,1 LAE dont 1 élément P5,elements,1,,oui,sol-66-p5-158,P5,En avant,Flic-Flac avant Renversement avant avec envol appel 2 pieds
Sol,valorisation,1 LAE dont 1 élément P5,elements,1,,oui,sol-66-p5-175,P5,En arrière,Salto tempo. Renversement arrière libre
Sol,valorisation,1 LAE dont 1 élément P5,elements,1,,oui,sol-66-p5-177,P5,En avant,Salto costal. Renversement latéral libre
Sol,valorisation,1 LAE dont 1 élément P5,elements,1,,oui,sol-66-p5-182,P5,En arrière,Salto facial. Renversement avant libre
Sol,valorisation,1 FORCE ou 1 Saut écart P4 (min.),elements,1,,,sol-67-p4-84-new,P4,Force,"Equerre, dégager jambes"
Sol,valorisation,1 FORCE ou 1 Saut écart P4 (min.),elements,1,,,sol-67-p5-16,P5,Force,De la station jambes écartées monter en force jambes écartées à l’ATR
Sol,valorisation,1 FORCE ou 1 Saut écart P4 (min.),elements,1,,,sol-67-p6-23,P6,Force,"Monter à l’ATR tenu 2“ du grand écart, de l’équerre…"
Sol,valorisation,1 FORCE ou 1 Saut écart P4 (min.),elements,1,,,sol-67-p7-29,P7,Force,Rouler carpé à l’ATR tenu 2“
Sol,valorisation,1 FORCE ou 1 Saut écart P4 (min.),elements,1,,,sol-67-p7-31,P7,Force,"De l’équerre verticale tenu 2”, s’élever à l’ATR tenu 2”"
Sol,valorisation,1 FORCE ou 1 Saut écart P4 (min.),elements,1,,,sol-71-p4-44,P4,,Saut carpé jambes écartées ou serrées appel 2 pieds
Sol,valorisation,1 FORCE ou 1 Saut écart P4 (min.),elements,1,,,sol-71-p5-53,P5,,Saut carpé écarté avec 1/2 tour (180°)
Sol,valorisation,1 FORCE ou 1 Saut écart P4 (min.),elements,1,,,sol-71-p5-56,P5,,Shoushounova. Saut carpé écarté l’appui couché facial
Sol,valorisation,1 FORCE ou 1 Saut écart P4 (min.),elements,1,,,sol-71-p6-61,P6,,Popa. Saut carpé écarté avec 1 tour (360°) appel des 2 pieds
Sol,valorisation,1 FORCE ou 1 Saut écart P4 (min.),elements,1,,,sol-72-p4-45,P4,,Saut enjambé (écart à 180°) aussi avec la jambe libre fléchie tendue
Sol,valorisation,1 FORCE ou 1 Saut écart P4 (min.),elements,1,,,sol-72-p5-51,P5,,Saut enjambé avec changement de jambes (angle d’écart 180° après le changement)
Sol,valorisation,1 FORCE ou 1 Saut écart P4 (min.),elements,1,,,sol-72-p5-62,P5,,Saut enjambé. avec changement de jambes (angle d’écart 180° après le changement)
Sol,valorisation,1 FORCE ou 1 Saut écart P4 (min.),elements,1,,,sol-72-p6-70,P6,,Saut changement de jambes pied/tête. Saut enjambé avec changement de jambes (angle d’écart 180°
Sol,valorisation,1 salto en P5,elements,1,,,sol-65-p5-172,P5,En arrière,Salto arriére corps tendu
Sol,valorisation,1 salto en P5,elements,1,,,sol-65-p5-173,P5,En avant,Salto avant réception pieds décalés
Sol,valorisation,1 salto en P5,elements,1,,,sol-65-p5-174,P5,En avant,Salto avant avec demi-tour
Sol,valorisation,1 salto en P5,elements,1,,,sol-66-p5-175,P5,En arrière,Salto tempo. Renversement arrière libre
Sol,valorisation,1 salto en P5,elements,1,,,sol-66-p5-177,P5,En avant,Salto costal. Renversement latéral libre
Sol,valorisation,1 salto en P5,elements,1,,,sol-66-p5-182,P5,En arrière,Salto facial. Renversement avant libre
Sol,exigence,1 élément P5 (min.),elements,1,,,sol-65-p5-109,P5,En arrière,"Départ libre, roulade arrière à l’ATR bras tendus 1/2 tour (180°), retour libre"
Sol,exigence,1 élément P5 (min.),elements,1,,,sol-65-p5-172,P5,En arrière,Salto arriére corps tendu
Sol,exigence,1 élément P5 (min.),elements,1,,,sol-65-p5-173,P5,En avant,Salto avant réception pieds décalés
Sol,exigence,1 élément P5 (min.),elements,1,,,sol-65-p5-174,P5,En avant,Salto avant avec demi-tour
Sol,exigence,1 élément P5 (min.),elements,1,,,sol-65-p6-101,P6,En arrière,Tous salti arrière au grand écart
Sol,exigence,1 élément P5 (min.),elements,1,,,sol-65-p6-105,P6,En arrière,Double salto arrière groupé
Sol,exigence,1 élément P5 (min.),elements,1,,,sol-65-p6-112,P6,En arrière,"Départ libre, roulade arrière à l’ATR bras tendus et 1 tour (360°), retour libre"
Sol,exigence,1 élément P5 (min.),elements,1,,,sol-65-p6-178,P6,En arrière,"Salto arrière corps groupé , carpé, tendu, avec 1/2 tour (180°)"
Sol,exigence,1 élément P5 (min.),elements,1,,,sol-65-p6-179,P6,En arrière,"Salto arrière corps groupé, carpé, tendu, avec 1 tour (360°)"
Sol,exigence,1 élément P5 (min.),elements,1,,,sol-65-p6-180,P6,En avant,Salto avant corps tendu ou avec 1/2 tour (180°)
Sol,exigence,1 élément P5 (min.),elements,1,,,sol-65-p7-180-plus,P7,En avant,Salto avant corps tendu ou avec 1/2 tour (180°)
Sol,exigence,1 élément P5 (min.),elements,1,,,sol-65-p7-184,P7,En arrière,"Salto arrière corps groupé, carpé, tendu, avec 1 tour 1/2 (540°)"
Sol,exigence,1 élément P5 (min.),elements,1,,,sol-65-p7-185,P7,En avant,"Salto avant. corps groupé, carpé, tendu avec 1 tour (360°)"
Sol,exigence,1 élément P5 (min.),elements,1,,,sol-65-p7-188,P7,En arrière,Salto arrière avec 2/1 tours ou plus
Sol,exigence,1 élément P5 (min.),elements,1,,,sol-65-p7-189,P7,En arrière,Double salto arrière carpé
Sol,exigence,1 élément P5 (min.),elements,1,,,sol-65-p7-78,P7,En avant,Tous salti avant avec 3/2 tours ou +
Sol,exigence,1 élément P5 (min.),elements,1,,,sol-65-p7-80,P7,En avant,Double salto avant ou avec demi-tour ou +
Sol,exigence,1 élément P5 (min.),elements,1,,,sol-66-p5-158,P5,En avant,Flic-Flac avant Renversement avant avec envol appel 2 pieds
Sol,exigence,1 élément P5 (min.),elements,1,,,sol-66-p5-175,P5,En arrière,Salto tempo. Renversement arrière libre
Sol,exigence,1 élément P5 (min.),elements,1,,,sol-66-p5-177,P5,En avant,Salto costal. Renversement latéral libre
Sol,exigence,1 élément P5 (min.),elements,1,,,sol-66-p5-182,P5,En arrière,Salto facial. Renversement avant libre
Sol,exigence,1 élément P5 (min.),elements,1,,,sol-66-p6-158-plus,P6,En avant,Flic-Flac avant Renversement avant avec envol appel 2 pieds
Sol,exigence,1 élément P5 (min.),elements,1,,,sol-67-p5-12,P5,,Healy
Sol,exigence,1 élément P5 (min.),elements,1,,,sol-67-p5-128,P5,,"Départ libre, ATR 1 tour (360°), retour libre"
Sol,exigence,1 élément P5 (min.),elements,1,,,sol-67-p5-15,P5,,"De l’ATR descendre à l’équerre écartée ou serrée, tenue 2 “"
Sol,exigence,1 élément P5 (min.),elements,1,,,sol-67-p5-16,P5,Force,De la station jambes écartées monter en force jambes écartées à l’ATR
Sol,exigence,1 élément P5 (min.),elements,1,,,sol-67-p6-130,P6,,"Départ libre, ATR 1 tour et demi (540°), retour libre"
Sol,exigence,1 élément P5 (min.),elements,1,,,sol-67-p6-23,P6,Force,"Monter à l’ATR tenu 2“ du grand écart, de l’équerre…"
Sol,exigence,1 élément P5 (min.),elements,1,,,sol-67-p7-29,P7,Force,Rouler carpé à l’ATR tenu 2“
Sol,exigence,1 élément P5 (min.),elements,1,,,sol-67-p7-31,P7,Force,"De l’équerre verticale tenu 2”, s’élever à l’ATR tenu 2”"
Sol,exigence,1 élément P5 (min.),elements,1,,,sol-68-p5-154,P5,,Cercle des jambes serrées ou écartées à l’ATR
Sol,exigence,1 élément P5 (min.),elements,1,,,sol-68-p5-157,P5,,Cercle des jambes écartées avec 1/1 pivot
Sol,exigence,1 élément P5 (min.),elements,1,,,sol-68-p5-163,P5,,Facial russe 720° ou plus
Sol,exigence,1 élément P5 (min.),elements,1,,,sol-68-p6-160,P6,,Gogoladze cercle des jambes avec 1/1 tour à l’ATR et s’abaisser en cercle des jambes
Sol,exigence,1 élément P5 (min.),elements,1,,,sol-69-p5-20,P5,Souplesse,Appui facial horizontal jambes écartées tenu 2”
Sol,exigence,1 élément P5 (min.),elements,1,,,sol-69-p5-24,P5,Maintien,S’abaisser ou élan à la croix renversée tenue 2”
Sol,exigence,1 élément P5 (min.),elements,1,,,sol-69-p6-25,P6,,Equerre jambes verticales tenue 2”
Sol,exigence,1 élément P5 (min.),elements,1,,,sol-69-p6-27,P6,Souplesse,Appui facial horizontal jambes serrées tenu 2”
Sol,exigence,1 élément P5 (min.),elements,1,,,sol-69-p6-32,P6,Maintien,S’élever lentement à la croix renversée tenue 2”
Sol,exigence,1 élément P5 (min.),elements,1,,,sol-69-p7-33,P7,,Manna équerre jambes à l’horizontal tenue 2“
Sol,exigence,1 élément P5 (min.),elements,1,,,sol-69-p7-34,P7,Souplesse,Hirondelle tenue 2“
Sol,exigence,1 élément P5 (min.),elements,1,,,sol-70-p5-13,P5,,"Pirouette 2 tours (720°) sur 1 jambe et sur 1/2 pointes, position de la jambe libre indifférente"
Sol,exigence,1 élément P5 (min.),elements,1,,,sol-70-p6-22,P6,,"Pirouette 3 tours (1 080°) sur 1 jambe et sur 1/2 pointes, position de la jambe libre indifférente"
Sol,exigence,1 élément P5 (min.),elements,1,,,sol-70-p7-23,P7,,"Pirouette 2 tours (720°) sur 1 jambe et sur 1/2 pointes,position de la jambe libre au-dessus"
Sol,exigence,1 élément P5 (min.),elements,1,,,sol-71-p5-43,P5,,Saut extension avec 3/2 tour (540°)
Sol,exigence,1 élément P5 (min.),elements,1,,,sol-71-p5-48,P5,,"Sissonne pied tête. Saut cambré 1 jambe tendue,"
Sol,exigence,1 élément P5 (min.),elements,1,,,sol-71-p5-53,P5,,Saut carpé écarté avec 1/2 tour (180°)
Sol,exigence,1 élément P5 (min.),elements,1,,,sol-71-p5-56,P5,,Shoushounova. Saut carpé écarté l’appui couché facial
Sol,exigence,1 élément P5 (min.),elements,1,,,sol-71-p5-65,P5,,Saut de cosaque 1 tour appel 2 pieds. Saut groupé 1 jambe tendue à l’horizontale en avant avec 1 tour (360°)
Sol,exigence,1 élément P5 (min.),elements,1,,,sol-71-p5-66,P5,,Saut groupé avec 1 tour 1/2 (540°)
Sol,exigence,1 élément P5 (min.),elements,1,,,sol-71-p5-69,P5,,Saut antéro-postérieur à 180° avec 1/1 tour
Sol,exigence,1 élément P5 (min.),elements,1,,,sol-71-p6-61,P6,,Popa. Saut carpé écarté avec 1 tour (360°) appel des 2 pieds
Sol,exigence,1 élément P5 (min.),elements,1,,,sol-71-p6-64,P6,,Saut avec 2 tours en l’air (720°) appel des 2 pieds
Sol,exigence,1 élément P5 (min.),elements,1,,,sol-71-p6-68,P6,,Saut de mouton
Sol,exigence,1 élément P5 (min.),elements,1,,,sol-72-p5-51,P5,,Saut enjambé avec changement de jambes (angle d’écart 180° après le changement)
Sol,exigence,1 élément P5 (min.),elements,1,,,sol-72-p5-52,P5,,Saut de chat avec 1 tour 1/2 (540°)
Sol,exigence,1 élément P5 (min.),elements,1,,,sol-72-p5-54,P5,,Enjambé pied/tête
Sol,exigence,1 élément P5 (min.),elements,1,,,sol-72-p5-55,P5,,Saut de cosaque 1 tour
Sol,exigence,1 élément P5 (min.),elements,1,,,sol-72-p5-60,P5,,Saut enjambé avec 1/2 tour
Sol,exigence,1 élément P5 (min.),elements,1,,,sol-72-p5-62,P5,,Saut enjambé. avec changement de jambes (angle d’écart 180° après le changement)
Sol,exigence,1 élément P5 (min.),elements,1,,,sol-72-p6-67,P6,,Saut changement de jambes avec demi-tour
Sol,exigence,1 élément P5 (min.),elements,1,,,sol-72-p6-70,P6,,Saut changement de jambes pied/tête. Saut enjambé avec changement de jambes (angle d’écart 180°
Sol,exigence,1 élément P5 (min.),elements,1,,,sol-72-p6-71,P6,,Saut enjambé avec 1 tour
Sol,exigence,1 élément P5 (min.),elements,1,,,sol-72-p7-72,P7,,Saut avec changement de jambes 1 tour
Sol,valorisation,1 salto position tendue appel 2 pieds,elements,1,,,sol-65-p5-172,P5,En arrière,Salto arriére corps tendu
Sol,valorisation,1 salto position tendue appel 2 pieds,elements,1,,,sol-65-p6-178,P6,En arrière,"Salto arrière corps groupé , carpé, tendu, avec 1/2 tour (180°)"
Sol,valorisation,1 salto position tendue appel 2 pieds,elements,1,,,sol-65-p6-179,P6,En arrière,"Salto arrière corps groupé, carpé, tendu, avec 1 tour (360°)"
Sol,valorisation,1 salto position tendue appel 2 pieds,elements,1,,,sol-65-p6-180,P6,En avant,Salto avant corps tendu ou avec 1/2 tour (180°)
Sol,valorisation,1 salto position tendue appel 2 pieds,elements,1,,,sol-65-p7-180-plus,P7,En avant,Salto avant corps tendu ou avec 1/2 tour (180°)
Sol,valorisation,1 salto position tendue appel 2 pieds,elements,1,,,sol-65-p7-184,P7,En arrière,"Salto arrière corps groupé, carpé, tendu, avec 1 tour 1/2 (540°)"
Sol,valorisation,1 salto position tendue appel 2 pieds,elements,1,,,sol-65-p7-185,P7,En avant,"Salto avant. corps groupé, carpé, tendu avec 1 tour (360°)"
Sol,valorisation,1 salto position tendue appel 2 pieds,elements,1,,,sol-65-nomade-66,NOMADE,,Salto latéral jambes tendues écartées
Sol,valorisation,1 salto position tendue appel 2 pieds,elements,1,,,sol-65-nomade-70,NOMADE,,Saut en arrière avec 1/2 tour et salto avant tendu
Sol,valorisation,1 LAE de 3 éléments différents dont 1 P5 (min.),elements,1,,oui,sol-65-p5-109,P5,En arrière,"Départ libre, roulade arrière à l’ATR bras tendus 1/2 tour (180°), retour libre"
Sol,valorisation,1 LAE de 3 éléments différents dont 1 P5 (min.),elements,1,,oui,sol-65-p5-172,P5,En arrière,Salto arriére corps tendu
Sol,valorisation,1 LAE de 3 éléments différents dont 1 P5 (min.),elements,1,,oui,sol-65-p5-173,P5,En avant,Salto avant réception pieds décalés
Sol,valorisation,1 LAE de 3 éléments différents dont 1 P5 (min.),elements,1,,oui,sol-65-p5-174,P5,En avant,Salto avant avec demi-tour
Sol,valorisation,1 LAE de 3 éléments différents dont 1 P5 (min.),elements,1,,oui,sol-65-p6-101,P6,En arrière,Tous salti arrière au grand écart
Sol,valorisation,1 LAE de 3 éléments différents dont 1 P5 (min.),elements,1,,oui,sol-65-p6-105,P6,En arrière,Double salto arrière groupé
Sol,valorisation,1 LAE de 3 éléments différents dont 1 P5 (min.),elements,1,,oui,sol-65-p6-112,P6,En arrière,"Départ libre, roulade arrière à l’ATR bras tendus et 1 tour (360°), retour libre"
Sol,valorisation,1 LAE de 3 éléments différents dont 1 P5 (min.),elements,1,,oui,sol-65-p6-178,P6,En arrière,"Salto arrière corps groupé , carpé, tendu, avec 1/2 tour (180°)"
Sol,valorisation,1 LAE de 3 éléments différents dont 1 P5 (min.),elements,1,,oui,sol-65-p6-179,P6,En arrière,"Salto arrière corps groupé, carpé, tendu, avec 1 tour (360°)"
Sol,valorisation,1 LAE de 3 éléments différents dont 1 P5 (min.),elements,1,,oui,sol-65-p6-180,P6,En avant,Salto avant corps tendu ou avec 1/2 tour (180°)
Sol,valorisation,1 LAE de 3 éléments différents dont 1 P5 (min.),elements,1,,oui,sol-65-p7-180-plus,P7,En avant,Salto avant corps tendu ou avec 1/2 tour (180°)
Sol,valorisation,1 LAE de 3 éléments différents dont 1 P5 (min.),elements,1,,oui,sol-65-p7-184,P7,En arrière,"Salto arrière corps groupé, carpé, tendu, avec 1 tour 1/2 (540°)"
Sol,valorisation,1 LAE de 3 éléments différents dont 1 P5 (min.),elements,1,,oui,sol-65-p7-185,P7,En avant,"Salto avant. corps groupé, carpé, tendu avec 1 tour (360°)"
Sol,valorisation,1 LAE de 3 éléments différents dont 1 P5 (min.),elements,1,,oui,sol-65-p7-188,P7,En arrière,Salto arrière avec 2/1 tours ou plus
Sol,valorisation,1 LAE de 3 éléments différents dont 1 P5 (min.),elements,1,,oui,sol-65-p7-189,P7,En arrière,Double salto arrière carpé
Sol,valorisation,1 LAE de 3 éléments différents dont 1 P5 (min.),elements,1,,oui,sol-65-p7-78,P7,En avant,Tous salti avant avec 3/2 tours ou +
Sol,valorisation,1 LAE de 3 éléments différents dont 1 P5 (min.),elements,1,,oui,sol-65-p7-80,P7,En avant,Double salto avant ou avec demi-tour ou +
Sol,valorisation,1 LAE de 3 éléments différents dont 1 P5 (min.),elements,1,,oui,sol-66-p5-158,P5,En avant,Flic-Flac avant Renversement avant avec envol appel 2 pieds
Sol,valorisation,1 LAE de 3 éléments différents dont 1 P5 (min.),elements,1,,oui,sol-66-p5-175,P5,En arrière,Salto tempo. Renversement arrière libre
Sol,valorisation,1 LAE de 3 éléments différents dont 1 P5 (min.),elements,1,,oui,sol-66-p5-177,P5,En avant,Salto costal. Renversement latéral libre
Sol,valorisation,1 LAE de 3 éléments différents dont 1 P5 (min.),elements,1,,oui,sol-66-p5-182,P5,En arrière,Salto facial. Renversement avant libre
Sol,valorisation,1 LAE de 3 éléments différents dont 1 P5 (min.),elements,1,,oui,sol-66-p6-158-plus,P6,En avant,Flic-Flac avant Renversement avant avec envol appel 2 pieds
Sol,valorisation,1 FORCE ou 1 SAUT P4 (min.),elements,1,,,sol-67-p4-84-new,P4,Force,"Equerre, dégager jambes"
Sol,valorisation,1 FORCE ou 1 SAUT P4 (min.),elements,1,,,sol-67-p5-16,P5,Force,De la station jambes écartées monter en force jambes écartées à l’ATR
Sol,valorisation,1 FORCE ou 1 SAUT P4 (min.),elements,1,,,sol-67-p6-23,P6,Force,"Monter à l’ATR tenu 2“ du grand écart, de l’équerre…"
Sol,valorisation,1 FORCE ou 1 SAUT P4 (min.),elements,1,,,sol-67-p7-29,P7,Force,Rouler carpé à l’ATR tenu 2“
Sol,valorisation,1 FORCE ou 1 SAUT P4 (min.),elements,1,,,sol-67-p7-31,P7,Force,"De l’équerre verticale tenu 2”, s’élever à l’ATR tenu 2”"
Sol,valorisation,1 FORCE ou 1 SAUT P4 (min.),elements,1,,,sol-71-p4-34,P4,,Saut avec 1 tour en l’air (360°) appel des 2 pieds
Sol,valorisation,1 FORCE ou 1 SAUT P4 (min.),elements,1,,,sol-71-p4-41,P4,,Sissonne
Sol,valorisation,1 FORCE ou 1 SAUT P4 (min.),elements,1,,,sol-71-p4-44,P4,,Saut carpé jambes écartées ou serrées appel 2 pieds
Sol,valorisation,1 FORCE ou 1 SAUT P4 (min.),elements,1,,,sol-71-p4-49,P4,,Saut antéro-postérieur à 180° avec 1/2 tour
Sol,valorisation,1 FORCE ou 1 SAUT P4 (min.),elements,1,,,sol-71-p4-50,P4,,Saut de cosaque 1/2 tour appel des 2 pieds. Saut groupé 1 jambe tendue à l’horizontale en avant
Sol,valorisation,1 FORCE ou 1 SAUT P4 (min.),elements,1,,,sol-71-p4-58,P4,,Saut groupé avec 1 tour (360°) appel des 2 pieds
Sol,valorisation,1 FORCE ou 1 SAUT P4 (min.),elements,1,,,sol-71-p5-43,P5,,Saut extension avec 3/2 tour (540°)
Sol,valorisation,1 FORCE ou 1 SAUT P4 (min.),elements,1,,,sol-71-p5-48,P5,,"Sissonne pied tête. Saut cambré 1 jambe tendue,"
Sol,valorisation,1 FORCE ou 1 SAUT P4 (min.),elements,1,,,sol-71-p5-53,P5,,Saut carpé écarté avec 1/2 tour (180°)
Sol,valorisation,1 FORCE ou 1 SAUT P4 (min.),elements,1,,,sol-71-p5-56,P5,,Shoushounova. Saut carpé écarté l’appui couché facial
Sol,valorisation,1 FORCE ou 1 SAUT P4 (min.),elements,1,,,sol-71-p5-65,P5,,Saut de cosaque 1 tour appel 2 pieds. Saut groupé 1 jambe tendue à l’horizontale en avant avec 1 tour (360°)
Sol,valorisation,1 FORCE ou 1 SAUT P4 (min.),elements,1,,,sol-71-p5-66,P5,,Saut groupé avec 1 tour 1/2 (540°)
Sol,valorisation,1 FORCE ou 1 SAUT P4 (min.),elements,1,,,sol-71-p5-69,P5,,Saut antéro-postérieur à 180° avec 1/1 tour
Sol,valorisation,1 FORCE ou 1 SAUT P4 (min.),elements,1,,,sol-71-p6-61,P6,,Popa. Saut carpé écarté avec 1 tour (360°) appel des 2 pieds
Sol,valorisation,1 FORCE ou 1 SAUT P4 (min.),elements,1,,,sol-71-p6-64,P6,,Saut avec 2 tours en l’air (720°) appel des 2 pieds
Sol,valorisation,1 FORCE ou 1 SAUT P4 (min.),elements,1,,,sol-71-p6-68,P6,,Saut de mouton
Sol,valorisation,1 FORCE ou 1 SAUT P4 (min.),elements,1,,,sol-72-p4-39,P4,,Saut de chat avec 1 tour (360°)
Sol,valorisation,1 FORCE ou 1 SAUT P4 (min.),elements,1,,,sol-72-p4-42,P4,,Cosaque changement de jambes
Sol,valorisation,1 FORCE ou 1 SAUT P4 (min.),elements,1,,,sol-72-p4-45,P4,,Saut enjambé (écart à 180°) aussi avec la jambe libre fléchie tendue
Sol,valorisation,1 FORCE ou 1 SAUT P4 (min.),elements,1,,,sol-72-p4-73-new,P4,,Saut ciseau demi
Sol,valorisation,1 FORCE ou 1 SAUT P4 (min.),elements,1,,,sol-72-p5-51,P5,,Saut enjambé avec changement de jambes (angle d’écart 180° après le changement)
Sol,valorisation,1 FORCE ou 1 SAUT P4 (min.),elements,1,,,sol-72-p5-52,P5,,Saut de chat avec 1 tour 1/2 (540°)
Sol,valorisation,1 FORCE ou 1 SAUT P4 (min.),elements,1,,,sol-72-p5-54,P5,,Enjambé pied/tête
Sol,valorisation,1 FORCE ou 1 SAUT P4 (min.),elements,1,,,sol-72-p5-55,P5,,Saut de cosaque 1 tour
Sol,valorisation,1 FORCE ou 1 SAUT P4 (min.),elements,1,,,sol-72-p5-60,P5,,Saut enjambé avec 1/2 tour
Sol,valorisation,1 FORCE ou 1 SAUT P4 (min.),elements,1,,,sol-72-p5-62,P5,,Saut enjambé. avec changement de jambes (angle d’écart 180° après le changement)
Sol,valorisation,1 FORCE ou 1 SAUT P4 (min.),elements,1,,,sol-72-p6-67,P6,,Saut changement de jambes avec demi-tour
Sol,valorisation,1 FORCE ou 1 SAUT P4 (min.),elements,1,,,sol-72-p6-70,P6,,Saut changement de jambes pied/tête. Saut enjambé avec changement de jambes (angle d’écart 180°
Sol,valorisation,1 FORCE ou 1 SAUT P4 (min.),elements,1,,,sol-72-p6-71,P6,,Saut enjambé avec 1 tour
Sol,valorisation,1 FORCE ou 1 SAUT P4 (min.),elements,1,,,sol-72-p7-72,P7,,Saut avec changement de jambes 1 tour
Sol,valorisation,1 élément acro avec envol P5 (min.),elements,1,,oui,sol-65-p5-109,P5,En arrière,"Départ libre, roulade arrière à l’ATR bras tendus 1/2 tour (180°), retour libre"
Sol,valorisation,1 élément acro avec envol P5 (min.),elements,1,,oui,sol-65-p5-172,P5,En arrière,Salto arriére corps tendu
Sol,valorisation,1 élément acro avec envol P5 (min.),elements,1,,oui,sol-65-p5-173,P5,En avant,Salto avant réception pieds décalés
Sol,valorisation,1 élément acro avec envol P5 (min.),elements,1,,oui,sol-65-p5-174,P5,En avant,Salto avant avec demi-tour
Sol,valorisation,1 élément acro avec envol P5 (min.),elements,1,,oui,sol-65-p6-101,P6,En arrière,Tous salti arrière au grand écart
Sol,valorisation,1 élément acro avec envol P5 (min.),elements,1,,oui,sol-65-p6-105,P6,En arrière,Double salto arrière groupé
Sol,valorisation,1 élément acro avec envol P5 (min.),elements,1,,oui,sol-65-p6-112,P6,En arrière,"Départ libre, roulade arrière à l’ATR bras tendus et 1 tour (360°), retour libre"
Sol,valorisation,1 élément acro avec envol P5 (min.),elements,1,,oui,sol-65-p6-178,P6,En arrière,"Salto arrière corps groupé , carpé, tendu, avec 1/2 tour (180°)"
Sol,valorisation,1 élément acro avec envol P5 (min.),elements,1,,oui,sol-65-p6-179,P6,En arrière,"Salto arrière corps groupé, carpé, tendu, avec 1 tour (360°)"
Sol,valorisation,1 élément acro avec envol P5 (min.),elements,1,,oui,sol-65-p6-180,P6,En avant,Salto avant corps tendu ou avec 1/2 tour (180°)
Sol,valorisation,1 élément acro avec envol P5 (min.),elements,1,,oui,sol-65-p7-180-plus,P7,En avant,Salto avant corps tendu ou avec 1/2 tour (180°)
Sol,valorisation,1 élément acro avec envol P5 (min.),elements,1,,oui,sol-65-p7-184,P7,En arrière,"Salto arrière corps groupé, carpé, tendu, avec 1 tour 1/2 (540°)"
Sol,valorisation,1 élément acro avec envol P5 (min.),elements,1,,oui,sol-65-p7-185,P7,En avant,"Salto avant. corps groupé, carpé, tendu avec 1 tour (360°)"
Sol,valorisation,1 élément acro avec envol P5 (min.),elements,1,,oui,sol-65-p7-188,P7,En arrière,Salto arrière avec 2/1 tours ou plus
Sol,valorisation,1 élément acro avec envol P5 (min.),elements,1,,oui,sol-65-p7-189,P7,En arrière,Double salto arrière carpé
Sol,valorisation,1 élément acro avec envol P5 (min.),elements,1,,oui,sol-65-p7-78,P7,En avant,Tous salti avant avec 3/2 tours ou +
Sol,valorisation,1 élément acro avec envol P5 (min.),elements,1,,oui,sol-65-p7-80,P7,En avant,Double salto avant ou avec demi-tour ou +
Sol,valorisation,1 élément acro avec envol P5 (min.),elements,1,,oui,sol-66-p5-158,P5,En avant,Flic-Flac avant Renversement avant avec envol appel 2 pieds
Sol,valorisation,1 élément acro avec envol P5 (min.),elements,1,,oui,sol-66-p5-175,P5,En arrière,Salto tempo. Renversement arrière libre
Sol,valorisation,1 élément acro avec envol P5 (min.),elements,1,,oui,sol-66-p5-177,P5,En avant,Salto costal. Renversement latéral libre
Sol,valorisation,1 élément acro avec envol P5 (min.),elements,1,,oui,sol-66-p5-182,P5,En arrière,Salto facial. Renversement avant libre
Sol,valorisation,1 élément acro avec envol P5 (min.),elements,1,,oui,sol-66-p6-158-plus,P6,En avant,Flic-Flac avant Renversement avant avec envol appel 2 pieds
Sol,valorisation,2 salti appel 2 pieds liés directement ou indirectement,elements,2,,oui,sol-65-p3-170,P3,En avant,Salto avant corps groupé ou carpé
Sol,valorisation,2 salti appel 2 pieds liés directement ou indirectement,elements,2,,oui,sol-65-p4-169,P4,En arrière,Salto arrière corps groupé ou carpé
Sol,valorisation,2 salti appel 2 pieds liés directement ou indirectement,elements,2,,oui,sol-65-p4-170-plus,P4,En avant,Salto avant corps groupé ou carpé
Sol,valorisation,2 salti appel 2 pieds liés directement ou indirectement,elements,2,,oui,sol-65-p5-172,P5,En arrière,Salto arriére corps tendu
Sol,valorisation,2 salti appel 2 pieds liés directement ou indirectement,elements,2,,oui,sol-65-p5-173,P5,En avant,Salto avant réception pieds décalés
Sol,valorisation,2 salti appel 2 pieds liés directement ou indirectement,elements,2,,oui,sol-65-p5-174,P5,En avant,Salto avant avec demi-tour
Sol,valorisation,2 salti appel 2 pieds liés directement ou indirectement,elements,2,,oui,sol-65-p6-105,P6,En arrière,Double salto arrière groupé
Sol,valorisation,2 salti appel 2 pieds liés directement ou indirectement,elements,2,,oui,sol-65-p6-178,P6,En arrière,"Salto arrière corps groupé , carpé, tendu, avec 1/2 tour (180°)"
Sol,valorisation,2 salti appel 2 pieds liés directement ou indirectement,elements,2,,oui,sol-65-p6-179,P6,En arrière,"Salto arrière corps groupé, carpé, tendu, avec 1 tour (360°)"
Sol,valorisation,2 salti appel 2 pieds liés directement ou indirectement,elements,2,,oui,sol-65-p6-180,P6,En avant,Salto avant corps tendu ou avec 1/2 tour (180°)
Sol,valorisation,2 salti appel 2 pieds liés directement ou indirectement,elements,2,,oui,sol-65-p7-180-plus,P7,En avant,Salto avant corps tendu ou avec 1/2 tour (180°)
Sol,valorisation,2 salti appel 2 pieds liés directement ou indirectement,elements,2,,oui,sol-65-p7-184,P7,En arrière,"Salto arrière corps groupé, carpé, tendu, avec 1 tour 1/2 (540°)"
Sol,valorisation,2 salti appel 2 pieds liés directement ou indirectement,elements,2,,oui,sol-65-p7-185,P7,En avant,"Salto avant. corps groupé, carpé, tendu avec 1 tour (360°)"
Sol,valorisation,2 salti appel 2 pieds liés directement ou indirectement,elements,2,,oui,sol-65-p7-188,P7,En arrière,Salto arrière avec 2/1 tours ou plus
Sol,valorisation,2 salti appel 2 pieds liés directement ou indirectement,elements,2,,oui,sol-65-p7-189,P7,En arrière,Double salto arrière carpé
Sol,valorisation,2 salti appel 2 pieds liés directement ou indirectement,elements,2,,oui,sol-65-p7-80,P7,En avant,Double salto avant ou avec demi-tour ou +
Sol,valorisation,2 salti appel 2 pieds liés directement ou indirectement,elements,2,,oui,sol-65-nomade-181,NOMADE,,"Twist. Appel en arrière avec 1/2 tour (180°) et salto avant, réception libre"
Sol,valorisation,2 salti appel 2 pieds liés directement ou indirectement,elements,2,,oui,sol-65-nomade-64,NOMADE,,Salto latéral jambes groupées écartées
Sol,valorisation,2 salti appel 2 pieds liés directement ou indirectement,elements,2,,oui,sol-65-nomade-66,NOMADE,,Salto latéral jambes tendues écartées
Sol,valorisation,2 salti appel 2 pieds liés directement ou indirectement,elements,2,,oui,sol-65-nomade-70,NOMADE,,Saut en arrière avec 1/2 tour et salto avant tendu
Sol,valorisation,2 salti appel 2 pieds liés directement ou indirectement,elements,2,,oui,sol-66-p5-175,P5,En arrière,Salto tempo. Renversement arrière libre
Sol,valorisation,2 salti appel 2 pieds liés directement ou indirectement,elements,2,,oui,sol-66-p5-177,P5,En avant,Salto costal. Renversement latéral libre
Sol,valorisation,2 salti appel 2 pieds liés directement ou indirectement,elements,2,,oui,sol-66-p5-182,P5,En arrière,Salto facial. Renversement avant libre
Sol,exigence,1 élément P6 (min.),elements,1,,,sol-65-p6-101,P6,En arrière,Tous salti arrière au grand écart
Sol,exigence,1 élément P6 (min.),elements,1,,,sol-65-p6-105,P6,En arrière,Double salto arrière groupé
Sol,exigence,1 élément P6 (min.),elements,1,,,sol-65-p6-112,P6,En arrière,"Départ libre, roulade arrière à l’ATR bras tendus et 1 tour (360°), retour libre"
Sol,exigence,1 élément P6 (min.),elements,1,,,sol-65-p6-178,P6,En arrière,"Salto arrière corps groupé , carpé, tendu, avec 1/2 tour (180°)"
Sol,exigence,1 élément P6 (min.),elements,1,,,sol-65-p6-179,P6,En arrière,"Salto arrière corps groupé, carpé, tendu, avec 1 tour (360°)"
Sol,exigence,1 élément P6 (min.),elements,1,,,sol-65-p6-180,P6,En avant,Salto avant corps tendu ou avec 1/2 tour (180°)
Sol,exigence,1 élément P6 (min.),elements,1,,,sol-65-p7-180-plus,P7,En avant,Salto avant corps tendu ou avec 1/2 tour (180°)
Sol,exigence,1 élément P6 (min.),elements,1,,,sol-65-p7-184,P7,En arrière,"Salto arrière corps groupé, carpé, tendu, avec 1 tour 1/2 (540°)"
Sol,exigence,1 élément P6 (min.),elements,1,,,sol-65-p7-185,P7,En avant,"Salto avant. corps groupé, carpé, tendu avec 1 tour (360°)"
Sol,exigence,1 élément P6 (min.),elements,1,,,sol-65-p7-188,P7,En arrière,Salto arrière avec 2/1 tours ou plus
Sol,exigence,1 élément P6 (min.),elements,1,,,sol-65-p7-189,P7,En arrière,Double salto arrière carpé
Sol,exigence,1 élément P6 (min.),elements,1,,,sol-65-p7-78,P7,En avant,Tous salti avant avec 3/2 tours ou +
Sol,exigence,1 élément P6 (min.),elements,1,,,sol-65-p7-80,P7,En avant,Double salto avant ou avec demi-tour ou +
Sol,exigence,1 élément P6 (min.),elements,1,,,sol-66-p6-158-plus,P6,En avant,Flic-Flac avant Renversement avant avec envol appel 2 pieds
Sol,exigence,1 élément P6 (min.),elements,1,,,sol-67-p6-130,P6,,"Départ libre, ATR 1 tour et demi (540°), retour libre"
Sol,exigence,1 élément P6 (min.),elements,1,,,sol-67-p6-23,P6,Force,"Monter à l’ATR tenu 2“ du grand écart, de l’équerre…"
Sol,exigence,1 élément P6 (min.),elements,1,,,sol-67-p7-29,P7,Force,Rouler carpé à l’ATR tenu 2“
Sol,exigence,1 élément P6 (min.),elements,1,,,sol-67-p7-31,P7,Force,"De l’équerre verticale tenu 2”, s’élever à l’ATR tenu 2”"
Sol,exigence,1 élément P6 (min.),elements,1,,,sol-68-p6-160,P6,,Gogoladze cercle des jambes avec 1/1 tour à l’ATR et s’abaisser en cercle des jambes
Sol,exigence,1 élément P6 (min.),elements,1,,,sol-69-p6-25,P6,,Equerre jambes verticales tenue 2”
Sol,exigence,1 élément P6 (min.),elements,1,,,sol-69-p6-27,P6,Souplesse,Appui facial horizontal jambes serrées tenu 2”
Sol,exigence,1 élément P6 (min.),elements,1,,,sol-69-p6-32,P6,Maintien,S’élever lentement à la croix renversée tenue 2”
Sol,exigence,1 élément P6 (min.),elements,1,,,sol-69-p7-33,P7,,Manna équerre jambes à l’horizontal tenue 2“
Sol,exigence,1 élément P6 (min.),elements,1,,,sol-69-p7-34,P7,Souplesse,Hirondelle tenue 2“
Sol,exigence,1 élément P6 (min.),elements,1,,,sol-70-p6-22,P6,,"Pirouette 3 tours (1 080°) sur 1 jambe et sur 1/2 pointes, position de la jambe libre indifférente"
Sol,exigence,1 élément P6 (min.),elements,1,,,sol-70-p7-23,P7,,"Pirouette 2 tours (720°) sur 1 jambe et sur 1/2 pointes,position de la jambe libre au-dessus"
Sol,exigence,1 élément P6 (min.),elements,1,,,sol-71-p6-61,P6,,Popa. Saut carpé écarté avec 1 tour (360°) appel des 2 pieds
Sol,exigence,1 élément P6 (min.),elements,1,,,sol-71-p6-64,P6,,Saut avec 2 tours en l’air (720°) appel des 2 pieds
Sol,exigence,1 élément P6 (min.),elements,1,,,sol-71-p6-68,P6,,Saut de mouton
Sol,exigence,1 élément P6 (min.),elements,1,,,sol-72-p6-67,P6,,Saut changement de jambes avec demi-tour
Sol,exigence,1 élément P6 (min.),elements,1,,,sol-72-p6-70,P6,,Saut changement de jambes pied/tête. Saut enjambé avec changement de jambes (angle d’écart 180°
Sol,exigence,1 élément P6 (min.),elements,1,,,sol-72-p6-71,P6,,Saut enjambé avec 1 tour
Sol,exigence,1 élément P6 (min.),elements,1,,,sol-72-p7-72,P7,,Saut avec changement de jambes 1 tour
Sol,valorisation,1 salto avec rotation longitudinale 360°,elements,1,,,sol-65-p6-179,P6,En arrière,"Salto arrière corps groupé, carpé, tendu, avec 1 tour (360°)"
Sol,valorisation,1 salto avec rotation longitudinale 360°,elements,1,,,sol-65-p7-185,P7,En avant,"Salto avant. corps groupé, carpé, tendu avec 1 tour (360°)"
Sol,valorisation,1 FORCE ou 1 SAUT P5 (min.),elements,1,,,sol-67-p5-16,P5,Force,De la station jambes écartées monter en force jambes écartées à l’ATR
Sol,valorisation,1 FORCE ou 1 SAUT P5 (min.),elements,1,,,sol-67-p6-23,P6,Force,"Monter à l’ATR tenu 2“ du grand écart, de l’équerre…"
Sol,valorisation,1 FORCE ou 1 SAUT P5 (min.),elements,1,,,sol-67-p7-29,P7,Force,Rouler carpé à l’ATR tenu 2“
Sol,valorisation,1 FORCE ou 1 SAUT P5 (min.),elements,1,,,sol-67-p7-31,P7,Force,"De l’équerre verticale tenu 2”, s’élever à l’ATR tenu 2”"
Sol,valorisation,1 FORCE ou 1 SAUT P5 (min.),elements,1,,,sol-71-p5-43,P5,,Saut extension avec 3/2 tour (540°)
Sol,valorisation,1 FORCE ou 1 SAUT P5 (min.),elements,1,,,sol-71-p5-48,P5,,"Sissonne pied tête. Saut cambré 1 jambe tendue,"
Sol,valorisation,1 FORCE ou 1 SAUT P5 (min.),elements,1,,,sol-71-p5-53,P5,,Saut carpé écarté avec 1/2 tour (180°)
Sol,valorisation,1 FORCE ou 1 SAUT P5 (min.),elements,1,,,sol-71-p5-56,P5,,Shoushounova. Saut carpé écarté l’appui couché facial
Sol,valorisation,1 FORCE ou 1 SAUT P5 (min.),elements,1,,,sol-71-p5-65,P5,,Saut de cosaque 1 tour appel 2 pieds. Saut groupé 1 jambe tendue à l’horizontale en avant avec 1 tour (360°)
Sol,valorisation,1 FORCE ou 1 SAUT P5 (min.),elements,1,,,sol-71-p5-66,P5,,Saut groupé avec 1 tour 1/2 (540°)
Sol,valorisation,1 FORCE ou 1 SAUT P5 (min.),elements,1,,,sol-71-p5-69,P5,,Saut antéro-postérieur à 180° avec 1/1 tour
Sol,valorisation,1 FORCE ou 1 SAUT P5 (min.),elements,1,,,sol-71-p6-61,P6,,Popa. Saut carpé écarté avec 1 tour (360°) appel des 2 pieds
Sol,valorisation,1 FORCE ou 1 SAUT P5 (min.),elements,1,,,sol-71-p6-64,P6,,Saut avec 2 tours en l’air (720°) appel des 2 pieds
Sol,valorisation,1 FORCE ou 1 SAUT P5 (min.),elements,1,,,sol-71-p6-68,P6,,Saut de mouton
Sol,valorisation,1 FORCE ou 1 SAUT P5 (min.),elements,1,,,sol-72-p5-51,P5,,Saut enjambé avec changement de jambes (angle d’écart 180° après le changement)
Sol,valorisation,1 FORCE ou 1 SAUT P5 (min.),elements,1,,,sol-72-p5-52,P5,,Saut de chat avec 1 tour 1/2 (540°)
Sol,valorisation,1 FORCE ou 1 SAUT P5 (min.),elements,1,,,sol-72-p5-54,P5,,Enjambé pied/tête
Sol,valorisation,1 FORCE ou 1 SAUT P5 (min.),elements,1,,,sol-72-p5-55,P5,,Saut de cosaque 1 tour
Sol,valorisation,1 FORCE ou 1 SAUT P5 (min.),elements,1,,,sol-72-p5-60,P5,,Saut enjambé avec 1/2 tour
Sol,valorisation,1 FORCE ou 1 SAUT P5 (min.),elements,1,,,sol-72-p5-62,P5,,Saut enjambé. avec changement de jambes (angle d’écart 180° après le changement)
Sol,valorisation,1 FORCE ou 1 SAUT P5 (min.),elements,1,,,sol-72-p6-67,P6,,Saut changement de jambes avec demi-tour
Sol,valorisation,1 FORCE ou 1 SAUT P5 (min.),elements,1,,,sol-72-p6-70,P6,,Saut changement de jambes pied/tête. Saut enjambé avec changement de jambes (angle d’écart 180°
Sol,valorisation,1 FORCE ou 1 SAUT P5 (min.),elements,1,,,sol-72-p6-71,P6,,Saut enjambé avec 1 tour
Sol,valorisation,1 FORCE ou 1 SAUT P5 (min.),elements,1,,,sol-72-p7-72,P7,,Saut avec changement de jambes 1 tour
Sol,valorisation,1 élément acro P6 (min.),elements,1,,,sol-65-p6-101,P6,En arrière,Tous salti arrière au grand écart
Sol,valorisation,1 élément acro P6 (min.),elements,1,,,sol-65-p6-105,P6,En arrière,Double salto arrière groupé
Sol,valorisation,1 élément acro P6 (min.),elements,1,,,sol-65-p6-112,P6,En arrière,"Départ libre, roulade arrière à l’ATR bras tendus et 1 tour (360°), retour libre"
Sol,valorisation,1 élément acro P6 (min.),elements,1,,,sol-65-p6-178,P6,En arrière,"Salto arrière corps groupé , carpé, tendu, avec 1/2 tour (180°)"
Sol,valorisation,1 élément acro P6 (min.),elements,1,,,sol-65-p6-179,P6,En arrière,"Salto arrière corps groupé, carpé, tendu, avec 1 tour (360°)"
Sol,valorisation,1 élément acro P6 (min.),elements,1,,,sol-65-p6-180,P6,En avant,Salto avant corps tendu ou avec 1/2 tour (180°)
Sol,valorisation,1 élément acro P6 (min.),elements,1,,,sol-65-p7-180-plus,P7,En avant,Salto avant corps tendu ou avec 1/2 tour (180°)
Sol,valorisation,1 élément acro P6 (min.),elements,1,,,sol-65-p7-184,P7,En arrière,"Salto arrière corps groupé, carpé, tendu, avec 1 tour 1/2 (540°)"
Sol,valorisation,1 élément acro P6 (min.),elements,1,,,sol-65-p7-185,P7,En avant,"Salto avant. corps groupé, carpé, tendu avec 1 tour (360°)"
Sol,valorisation,1 élément acro P6 (min.),elements,1,,,sol-65-p7-188,P7,En arrière,Salto arrière avec 2/1 tours ou plus
Sol,valorisation,1 élément acro P6 (min.),elements,1,,,sol-65-p7-189,P7,En arrière,Double salto arrière carpé
Sol,valorisation,1 élément acro P6 (min.),elements,1,,,sol-65-p7-78,P7,En avant,Tous salti avant avec 3/2 tours ou +
Sol,valorisation,1 élément acro P6 (min.),elements,1,,,sol-65-p7-80,P7,En avant,Double salto avant ou avec demi-tour ou +
Sol,valorisation,1 élément acro P6 (min.),elements,1,,,sol-66-p6-158-plus,P6,En avant,Flic-Flac avant Renversement avant avec envol appel 2 pieds
Sol,exigence,1 élément P7,elements,1,,,sol-65-p7-180-plus,P7,En avant,Salto avant corps tendu ou avec 1/2 tour (180°)
Sol,exigence,1 élément P7,elements,1,,,sol-65-p7-184,P7,En arrière,"Salto arrière corps groupé, carpé, tendu, avec 1 tour 1/2 (540°)"
Sol,exigence,1 élément P7,elements,1,,,sol-65-p7-185,P7,En avant,"Salto avant. corps groupé, carpé, tendu avec 1 tour (360°)"
Sol,exigence,1 élément P7,elements,1,,,sol-65-p7-188,P7,En arrière,Salto arrière avec 2/1 tours ou plus
Sol,exigence,1 élément P7,elements,1,,,sol-65-p7-189,P7,En arrière,Double salto arrière carpé
Sol,exigence,1 élément P7,elements,1,,,sol-65-p7-78,P7,En avant,Tous salti avant avec 3/2 tours ou +
Sol,exigence,1 élément P7,elements,1,,,sol-65-p7-80,P7,En avant,Double salto avant ou avec demi-tour ou +
Sol,exigence,1 élément P7,elements,1,,,sol-67-p7-29,P7,Force,Rouler carpé à l’ATR tenu 2“
Sol,exigence,1 élément P7,elements,1,,,sol-67-p7-31,P7,Force,"De l’équerre verticale tenu 2”, s’élever à l’ATR tenu 2”"
Sol,exigence,1 élément P7,elements,1,,,sol-69-p7-33,P7,,Manna équerre jambes à l’horizontal tenue 2“
Sol,exigence,1 élément P7,elements,1,,,sol-69-p7-34,P7,Souplesse,Hirondelle tenue 2“
Sol,exigence,1 élément P7,elements,1,,,sol-70-p7-23,P7,,"Pirouette 2 tours (720°) sur 1 jambe et sur 1/2 pointes,position de la jambe libre au-dessus"
Sol,exigence,1 élément P7,elements,1,,,sol-72-p7-72,P7,,Saut avec changement de jambes 1 tour
Sol,valorisation,"1 acro avec double rotation longitudinale ou transversale, avec envol",elements,1,,oui,sol-65-p6-105,P6,En arrière,Double salto arrière groupé
Sol,valorisation,"1 acro avec double rotation longitudinale ou transversale, avec envol",elements,1,,oui,sol-65-p7-189,P7,En arrière,Double salto arrière carpé
Sol,valorisation,"1 acro avec double rotation longitudinale ou transversale, avec envol",elements,1,,oui,sol-65-p7-80,P7,En avant,Double salto avant ou avec demi-tour ou +
Sol,valorisation,1 LAE de 3 éléments différents dont 1 P6 (min.),elements,1,,oui,sol-65-p6-101,P6,En arrière,Tous salti arrière au grand écart
Sol,valorisation,1 LAE de 3 éléments différents dont 1 P6 (min.),elements,1,,oui,sol-65-p6-105,P6,En arrière,Double salto arrière groupé
Sol,valorisation,1 LAE de 3 éléments différents dont 1 P6 (min.),elements,1,,oui,sol-65-p6-112,P6,En arrière,"Départ libre, roulade arrière à l’ATR bras tendus et 1 tour (360°), retour libre"
Sol,valorisation,1 LAE de 3 éléments différents dont 1 P6 (min.),elements,1,,oui,sol-65-p6-178,P6,En arrière,"Salto arrière corps groupé , carpé, tendu, avec 1/2 tour (180°)"
Sol,valorisation,1 LAE de 3 éléments différents dont 1 P6 (min.),elements,1,,oui,sol-65-p6-179,P6,En arrière,"Salto arrière corps groupé, carpé, tendu, avec 1 tour (360°)"
Sol,valorisation,1 LAE de 3 éléments différents dont 1 P6 (min.),elements,1,,oui,sol-65-p6-180,P6,En avant,Salto avant corps tendu ou avec 1/2 tour (180°)
Sol,valorisation,1 LAE de 3 éléments différents dont 1 P6 (min.),elements,1,,oui,sol-65-p7-180-plus,P7,En avant,Salto avant corps tendu ou avec 1/2 tour (180°)
Sol,valorisation,1 LAE de 3 éléments différents dont 1 P6 (min.),elements,1,,oui,sol-65-p7-184,P7,En arrière,"Salto arrière corps groupé, carpé, tendu, avec 1 tour 1/2 (540°)"
Sol,valorisation,1 LAE de 3 éléments différents dont 1 P6 (min.),elements,1,,oui,sol-65-p7-185,P7,En avant,"Salto avant. corps groupé, carpé, tendu avec 1 tour (360°)"
Sol,valorisation,1 LAE de 3 éléments différents dont 1 P6 (min.),elements,1,,oui,sol-65-p7-188,P7,En arrière,Salto arrière avec 2/1 tours ou plus
Sol,valorisation,1 LAE de 3 éléments différents dont 1 P6 (min.),elements,1,,oui,sol-65-p7-189,P7,En arrière,Double salto arrière carpé
Sol,valorisation,1 LAE de 3 éléments différents dont 1 P6 (min.),elements,1,,oui,sol-65-p7-78,P7,En avant,Tous salti avant avec 3/2 tours ou +
Sol,valorisation,1 LAE de 3 éléments différents dont 1 P6 (min.),elements,1,,oui,sol-65-p7-80,P7,En avant,Double salto avant ou avec demi-tour ou +
Sol,valorisation,1 LAE de 3 éléments différents dont 1 P6 (min.),elements,1,,oui,sol-66-p6-158-plus,P6,En avant,Flic-Flac avant Renversement avant avec envol appel 2 pieds
Sol,valorisation,1 FORCE ou 1 SAUT P6 (min.),elements,1,,,sol-67-p6-23,P6,Force,"Monter à l’ATR tenu 2“ du grand écart, de l’équerre…"
Sol,valorisation,1 FORCE ou 1 SAUT P6 (min.),elements,1,,,sol-67-p7-29,P7,Force,Rouler carpé à l’ATR tenu 2“
Sol,valorisation,1 FORCE ou 1 SAUT P6 (min.),elements,1,,,sol-67-p7-31,P7,Force,"De l’équerre verticale tenu 2”, s’élever à l’ATR tenu 2”"
Sol,valorisation,1 FORCE ou 1 SAUT P6 (min.),elements,1,,,sol-71-p6-61,P6,,Popa. Saut carpé écarté avec 1 tour (360°) appel des 2 pieds
Sol,valorisation,1 FORCE ou 1 SAUT P6 (min.),elements,1,,,sol-71-p6-64,P6,,Saut avec 2 tours en l’air (720°) appel des 2 pieds
Sol,valorisation,1 FORCE ou 1 SAUT P6 (min.),elements,1,,,sol-71-p6-68,P6,,Saut de mouton
Sol,valorisation,1 FORCE ou 1 SAUT P6 (min.),elements,1,,,sol-72-p6-67,P6,,Saut changement de jambes avec demi-tour
Sol,valorisation,1 FORCE ou 1 SAUT P6 (min.),elements,1,,,sol-72-p6-70,P6,,Saut changement de jambes pied/tête. Saut enjambé avec changement de jambes (angle d’écart 180°
Sol,valorisation,1 FORCE ou 1 SAUT P6 (min.),elements,1,,,sol-72-p6-71,P6,,Saut enjambé avec 1 tour
Sol,valorisation,1 FORCE ou 1 SAUT P6 (min.),elements,1,,,sol-72-p7-72,P7,,Saut avec changement de jambes 1 tour
Sol,valorisation,1 élément acro P7,elements,1,,,sol-65-p7-180-plus,P7,En avant,Salto avant corps tendu ou avec 1/2 tour (180°)
Sol,valorisation,1 élément acro P7,elements,1,,,sol-65-p7-184,P7,En arrière,"Salto arrière corps groupé, carpé, tendu, avec 1 tour 1/2 (540°)"
Sol,valorisation,1 élément acro P7,elements,1,,,sol-65-p7-185,P7,En avant,"Salto avant. corps groupé, carpé, tendu avec 1 tour (360°)"
Sol,valorisation,1 élément acro P7,elements,1,,,sol-65-p7-188,P7,En arrière,Salto arrière avec 2/1 tours ou plus
Sol,valorisation,1 élément acro P7,elements,1,,,sol-65-p7-189,P7,En arrière,Double salto arrière carpé
Sol,valorisation,1 élément acro P7,elements,1,,,sol-65-p7-78,P7,En avant,Tous salti avant avec 3/2 tours ou +
Sol,valorisation,1 élément acro P7,elements,1,,,sol-65-p7-80,P7,En avant,Double salto avant ou avec demi-tour ou +
Sol,valorisation,2 salti liés dont 1 P5 (min.),elements,2,,oui,sol-65-p3-170,P3,En avant,Salto avant corps groupé ou carpé
Sol,valorisation,2 salti liés dont 1 P5 (min.),elements,2,,oui,sol-65-p4-169,P4,En arrière,Salto arrière corps groupé ou carpé
Sol,valorisation,2 salti liés dont 1 P5 (min.),elements,2,,oui,sol-65-p4-170-plus,P4,En avant,Salto avant corps groupé ou carpé
Sol,valorisation,2 salti liés dont 1 P5 (min.),elements,2,,oui,sol-65-p5-172,P5,En arrière,Salto arriére corps tendu
Sol,valorisation,2 salti liés dont 1 P5 (min.),elements,2,,oui,sol-65-p5-173,P5,En avant,Salto avant réception pieds décalés
Sol,valorisation,2 salti liés dont 1 P5 (min.),elements,2,,oui,sol-65-p5-174,P5,En avant,Salto avant avec demi-tour
Sol,valorisation,2 salti liés dont 1 P5 (min.),elements,2,,oui,sol-65-p6-105,P6,En arrière,Double salto arrière groupé
Sol,valorisation,2 salti liés dont 1 P5 (min.),elements,2,,oui,sol-65-p6-178,P6,En arrière,"Salto arrière corps groupé , carpé, tendu, avec 1/2 tour (180°)"
Sol,valorisation,2 salti liés dont 1 P5 (min.),elements,2,,oui,sol-65-p6-179,P6,En arrière,"Salto arrière corps groupé, carpé, tendu, avec 1 tour (360°)"
Sol,valorisation,2 salti liés dont 1 P5 (min.),elements,2,,oui,sol-65-p6-180,P6,En avant,Salto avant corps tendu ou avec 1/2 tour (180°)
Sol,valorisation,2 salti liés dont 1 P5 (min.),elements,2,,oui,sol-65-p7-180-plus,P7,En avant,Salto avant corps tendu ou avec 1/2 tour (180°)
Sol,valorisation,2 salti liés dont 1 P5 (min.),elements,2,,oui,sol-65-p7-184,P7,En arrière,"Salto arrière corps groupé, carpé, tendu, avec 1 tour 1/2 (540°)"
Sol,valorisation,2 salti liés dont 1 P5 (min.),elements,2,,oui,sol-65-p7-185,P7,En avant,"Salto avant. corps groupé, carpé, tendu avec 1 tour (360°)"
Sol,valorisation,2 salti liés dont 1 P5 (min.),elements,2,,oui,sol-65-p7-188,P7,En arrière,Salto arrière avec 2/1 tours ou plus
Sol,valorisation,2 salti liés dont 1 P5 (min.),elements,2,,oui,sol-65-p7-189,P7,En arrière,Double salto arrière carpé
Sol,valorisation,2 salti liés dont 1 P5 (min.),elements,2,,oui,sol-65-p7-80,P7,En avant,Double salto avant ou avec demi-tour ou +
Sol,valorisation,2 salti liés dont 1 P5 (min.),elements,2,,oui,sol-65-nomade-181,NOMADE,,"Twist. Appel en arrière avec 1/2 tour (180°) et salto avant, réception libre"
Sol,valorisation,2 salti liés dont 1 P5 (min.),elements,2,,oui,sol-65-nomade-64,NOMADE,,Salto latéral jambes groupées écartées
Sol,valorisation,2 salti liés dont 1 P5 (min.),elements,2,,oui,sol-65-nomade-66,NOMADE,,Salto latéral jambes tendues écartées
Sol,valorisation,2 salti liés dont 1 P5 (min.),elements,2,,oui,sol-65-nomade-70,NOMADE,,Saut en arrière avec 1/2 tour et salto avant tendu
Sol,valorisation,2 salti liés dont 1 P5 (min.),elements,2,,oui,sol-66-p5-175,P5,En arrière,Salto tempo. Renversement arrière libre
Sol,valorisation,2 salti liés dont 1 P5 (min.),elements,2,,oui,sol-66-p5-177,P5,En avant,Salto costal. Renversement latéral libre
Sol,valorisation,2 salti liés dont 1 P5 (min.),elements,2,,oui,sol-66-p5-182,P5,En arrière,Salto facial. Renversement avant libre
Barres asymétriques,exigence,1 élément des arches des balancés,elements,1,,,barres-asymetriques-52-pre-requis-5-new,PRÉ-REQUIS,,Balancés avant BI jambes fléchies
Barres asymétriques,exigence,1 élément des arches des balancés,elements,1,,,barres-asymetriques-52-pre-requis-7-new,PRÉ-REQUIS,,Balancé avant avec placement en position arrière par l’entraineur
Barres asymétriques,exigence,1 élément des arches des balancés,elements,1,,,barres-asymetriques-52-p1-6-new,P1,,Courbe avant statique
Barres asymétriques,exigence,1 élément des arches des balancés,elements,1,,,barres-asymetriques-52-p2-115,P2,,Du balancé avant 1/2 tour au dessus de 45°
Barres asymétriques,exigence,1 élément des arches des balancés,elements,1,,,barres-asymetriques-52-p2-117,P2,,Balancé avant à l’horizontale
Barres asymétriques,exigence,1 élément des arches des balancés,elements,1,,,barres-asymetriques-52-p3-154,P3,Sorties,Elan vers l’avant et salto arrière groupé ou carpé
Barres asymétriques,exigence,1 élément des arches des balancés,elements,1,,,barres-asymetriques-52-p3-44,P3,,Grande culbute
Barres asymétriques,exigence,1 élément des arches des balancés,elements,1,,,barres-asymetriques-52-p4-157,P4,Sorties,Elan vers l’avant et salto arrière tendu
Barres asymétriques,exigence,1 élément des arches des balancés,elements,1,,,barres-asymetriques-52-p4-8-new,P4,,Grande culbute à l’appui libre à l’horizontale
Barres asymétriques,exigence,1 élément des arches des balancés,elements,1,,,barres-asymetriques-52-p5-124,P5,,Grand tour en arrière 360°(Soleil)
Barres asymétriques,exigence,1 élément des arches des balancés,elements,1,,,barres-asymetriques-52-p5-137,P5,,"Shoushounova Départ libre pieds/mains, filer ou suspension,"
Barres asymétriques,exigence,1 élément des arches des balancés,elements,1,,,barres-asymetriques-52-p5-157-plus,P5,Sorties,Sortie salto arrière tendu depuis le grand tour
Barres asymétriques,exigence,1 élément des arches des balancés,elements,1,,,barres-asymetriques-52-p6-127,P6,,Grand tour arrière 1/2 tour (180°) à l’ATR
Barres asymétriques,exigence,1 élément des arches des balancés,elements,1,,,barres-asymetriques-52-p6-140,P6,,Salto arrière entre les barres arrivée suspension BI (salto Pak)
Barres asymétriques,exigence,1 élément des arches des balancés,elements,1,,,barres-asymetriques-52-p6-163,P6,Sorties,Salto arrière avec 1 tour (360°)
Barres asymétriques,exigence,1 élément des arches des balancés,elements,1,,,barres-asymetriques-52-p7-130,P7,,Grand tour arrière
Barres asymétriques,exigence,1 élément des arches des balancés,elements,1,,,barres-asymetriques-52-p7-142,P7,,"Shoushounova à l’ATR. Départ libre (pieds/mains, filer ou suspension), élan par-dessous BS avec 1/2 tour (180°) et envol par-dessus BI à l’ATR BI"
Barres asymétriques,exigence,1 élément des arches des balancés,elements,1,,,barres-asymetriques-52-p7-143,P7,,Gienger. Elancer en avant et salto arrière carpé ou tendu avec 1/2 tour
Barres asymétriques,exigence,1 élément des arches des balancés,elements,1,,,barres-asymetriques-52-p7-166,P7,Sorties,"Double salto arrière groupé, carpé ou tendu"
Barres asymétriques,exigence,1 élément des arches des balancés,elements,1,,,barres-asymetriques-52-p7-168,P7,Sorties,Salto arrière avec 3/2 tour ou +
Barres asymétriques,exigence,1 élément des arches des balancés,elements,1,,,barres-asymetriques-52-nomade-22,NOMADE,,Franchissement écart. Saut écart par impulsion des mains par-dessus BI à la suspension BS
Barres asymétriques,exigence,1 élément des arches des balancés,elements,1,,,barres-asymetriques-53-pre-requis-13,PRÉ-REQUIS,,Balancés arrière BI jambes fléchies
Barres asymétriques,exigence,1 élément des arches des balancés,elements,1,,,barres-asymetriques-53-p1-12-new,P1,,Courbe arrière statique
Barres asymétriques,exigence,1 élément des arches des balancés,elements,1,,,barres-asymetriques-53-p2-116,P2,,Balancé arrière
Barres asymétriques,exigence,1 élément des arches des balancés,elements,1,,,barres-asymetriques-53-p2-14-new,P2,,De la suspension fermeture + filé
Barres asymétriques,exigence,1 élément des arches des balancés,elements,1,,,barres-asymetriques-53-p3-52,P3,,Grand rétablissement
Barres asymétriques,exigence,1 élément des arches des balancés,elements,1,,,barres-asymetriques-53-p5-136,P5,,Retrait. De la suspension passer écarté avec envol en arrière par-dessus BI à la suspension BI
Barres asymétriques,exigence,1 élément des arches des balancés,elements,1,,,barres-asymetriques-53-p5-141,P5,,Voronin
Barres asymétriques,exigence,1 élément des arches des balancés,elements,1,,,barres-asymetriques-53-p5-55,P5,,Grand rétablissement à l’appui libre
Barres asymétriques,exigence,1 élément des arches des balancés,elements,1,,,barres-asymetriques-53-p7-132,P7,,"Lune, grand tour avant, avec ou sans 1/2 tour"
Barres asymétriques,exigence,1 élément des arches des balancés,elements,1,,,barres-asymetriques-53-p7-139,P7,,Retrait à l’ATR. De la suspension passer écarté avec envol en arrière par-dessus BI à l’ATR BI
Barres asymétriques,exigence,1 élément des arches des balancés,elements,1,,,barres-asymetriques-53-p7-144,P7,,"Jaeger – Elancer en arrière et salto avant groupé, carpé, tendu ou écart à la suspension"
Barres asymétriques,exigence,1 élément des arches des balancés,elements,1,,,barres-asymetriques-53-p7-58,P7,,Grand rétablissement passement filé à l’ATR
Barres asymétriques,exigence,1 élément des arches des balancés,elements,1,,,barres-asymetriques-53-nomade-161,NOMADE,,"Salto avant groupé, carpé ou tendu ou avec 1/2 tour"
Barres asymétriques,valorisation,1 élément des arches Balancés (hors sortie),elements,1,,,barres-asymetriques-52-pre-requis-5-new,PRÉ-REQUIS,,Balancés avant BI jambes fléchies
Barres asymétriques,valorisation,1 élément des arches Balancés (hors sortie),elements,1,,,barres-asymetriques-52-pre-requis-7-new,PRÉ-REQUIS,,Balancé avant avec placement en position arrière par l’entraineur
Barres asymétriques,valorisation,1 élément des arches Balancés (hors sortie),elements,1,,,barres-asymetriques-52-p1-6-new,P1,,Courbe avant statique
Barres asymétriques,valorisation,1 élément des arches Balancés (hors sortie),elements,1,,,barres-asymetriques-52-p2-115,P2,,Du balancé avant 1/2 tour au dessus de 45°
Barres asymétriques,valorisation,1 élément des arches Balancés (hors sortie),elements,1,,,barres-asymetriques-52-p2-117,P2,,Balancé avant à l’horizontale
Barres asymétriques,valorisation,1 élément des arches Balancés (hors sortie),elements,1,,,barres-asymetriques-52-p3-44,P3,,Grande culbute
Barres asymétriques,valorisation,1 élément des arches Balancés (hors sortie),elements,1,,,barres-asymetriques-52-p4-8-new,P4,,Grande culbute à l’appui libre à l’horizontale
Barres asymétriques,valorisation,1 élément des arches Balancés (hors sortie),elements,1,,,barres-asymetriques-52-p5-124,P5,,Grand tour en arrière 360°(Soleil)
Barres asymétriques,valorisation,1 élément des arches Balancés (hors sortie),elements,1,,,barres-asymetriques-52-p5-137,P5,,"Shoushounova Départ libre pieds/mains, filer ou suspension,"
Barres asymétriques,valorisation,1 élément des arches Balancés (hors sortie),elements,1,,,barres-asymetriques-52-p6-127,P6,,Grand tour arrière 1/2 tour (180°) à l’ATR
Barres asymétriques,valorisation,1 élément des arches Balancés (hors sortie),elements,1,,,barres-asymetriques-52-p6-140,P6,,Salto arrière entre les barres arrivée suspension BI (salto Pak)
Barres asymétriques,valorisation,1 élément des arches Balancés (hors sortie),elements,1,,,barres-asymetriques-52-p7-130,P7,,Grand tour arrière
Barres asymétriques,valorisation,1 élément des arches Balancés (hors sortie),elements,1,,,barres-asymetriques-52-p7-142,P7,,"Shoushounova à l’ATR. Départ libre (pieds/mains, filer ou suspension), élan par-dessous BS avec 1/2 tour (180°) et envol par-dessus BI à l’ATR BI"
Barres asymétriques,valorisation,1 élément des arches Balancés (hors sortie),elements,1,,,barres-asymetriques-52-p7-143,P7,,Gienger. Elancer en avant et salto arrière carpé ou tendu avec 1/2 tour
Barres asymétriques,valorisation,1 élément des arches Balancés (hors sortie),elements,1,,,barres-asymetriques-52-nomade-22,NOMADE,,Franchissement écart. Saut écart par impulsion des mains par-dessus BI à la suspension BS
Barres asymétriques,valorisation,1 élément des arches Balancés (hors sortie),elements,1,,,barres-asymetriques-53-pre-requis-13,PRÉ-REQUIS,,Balancés arrière BI jambes fléchies
Barres asymétriques,valorisation,1 élément des arches Balancés (hors sortie),elements,1,,,barres-asymetriques-53-p1-12-new,P1,,Courbe arrière statique
Barres asymétriques,valorisation,1 élément des arches Balancés (hors sortie),elements,1,,,barres-asymetriques-53-p2-116,P2,,Balancé arrière
Barres asymétriques,valorisation,1 élément des arches Balancés (hors sortie),elements,1,,,barres-asymetriques-53-p2-14-new,P2,,De la suspension fermeture + filé
Barres asymétriques,valorisation,1 élément des arches Balancés (hors sortie),elements,1,,,barres-asymetriques-53-p3-52,P3,,Grand rétablissement
Barres asymétriques,valorisation,1 élément des arches Balancés (hors sortie),elements,1,,,barres-asymetriques-53-p5-136,P5,,Retrait. De la suspension passer écarté avec envol en arrière par-dessus BI à la suspension BI
Barres asymétriques,valorisation,1 élément des arches Balancés (hors sortie),elements,1,,,barres-asymetriques-53-p5-141,P5,,Voronin
Barres asymétriques,valorisation,1 élément des arches Balancés (hors sortie),elements,1,,,barres-asymetriques-53-p5-55,P5,,Grand rétablissement à l’appui libre
Barres asymétriques,valorisation,1 élément des arches Balancés (hors sortie),elements,1,,,barres-asymetriques-53-p7-132,P7,,"Lune, grand tour avant, avec ou sans 1/2 tour"
Barres asymétriques,valorisation,1 élément des arches Balancés (hors sortie),elements,1,,,barres-asymetriques-53-p7-139,P7,,Retrait à l’ATR. De la suspension passer écarté avec envol en arrière par-dessus BI à l’ATR BI
Barres asymétriques,valorisation,1 élément des arches Balancés (hors sortie),elements,1,,,barres-asymetriques-53-p7-144,P7,,"Jaeger – Elancer en arrière et salto avant groupé, carpé, tendu ou écart à la suspension"
Barres asymétriques,valorisation,1 élément des arches Balancés (hors sortie),elements,1,,,barres-asymetriques-53-p7-58,P7,,Grand rétablissement passement filé à l’ATR
Barres asymétriques,valorisation,1 élément des arches Balancés (hors sortie),elements,1,,,barres-asymetriques-53-nomade-161,NOMADE,,"Salto avant groupé, carpé ou tendu ou avec 1/2 tour"
Barres asymétriques,valorisation,1 éléments de l’arche des élans,elements,1,,,barres-asymetriques-55-pre-requis-145,PRÉ-REQUIS,,"Sortie par repoussé. De l’appui facial BI, élancer les jambes"
Barres asymétriques,valorisation,1 éléments de l’arche des élans,elements,1,,,barres-asymetriques-55-p1-70,P1,,Prise d’élan corps aligné au-dessus de l’horizontale
Barres asymétriques,valorisation,1 éléments de l’arche des élans,elements,1,,,barres-asymetriques-55-p2-68,P2,,"De l’appui facial, pose des pieds jambes groupées"
Barres asymétriques,valorisation,1 éléments de l’arche des élans,elements,1,,,barres-asymetriques-55-p4-71,P4,,"De l’appui facial, pose des pieds jambes tendues serrées ou écartées"
Barres asymétriques,valorisation,1 éléments de l’arche des élans,elements,1,,,barres-asymetriques-55-p5-73,P5,,Elan en arrière à l’ATR avec jambes écartées (corps carpé)
Barres asymétriques,valorisation,1 éléments de l’arche des élans,elements,1,,,barres-asymetriques-55-p5-76,P5,,Elan en arrière à l’ATR avec jambes serrées (corps tendu)
Barres asymétriques,valorisation,1 éléments de l’arche des élans,elements,1,,,barres-asymetriques-55-p6-27,P6,,Saut poisson jambes serrées par-dessus BI avec impulsion des mains à la suspensions BS
Barres asymétriques,valorisation,1 éléments de l’arche des élans,elements,1,,,barres-asymetriques-55-p6-79,P6,,Elan en arrière à l’ATR avec jambes écartées (corps carpé) avec 1/2 tour
Barres asymétriques,valorisation,1 éléments de l’arche des élans,elements,1,,,barres-asymetriques-55-p6-82,P6,,Elan en arrière à l’ATR et 1/2 tour (180°) minimum
Barres asymétriques,valorisation,1 éléments de l’arche des élans,elements,1,,,barres-asymetriques-55-nomade-62,NOMADE,,"De l’appui facial BI ou BS, passage d’1 jambe latéralement par coupé pour arriver"
Barres asymétriques,valorisation,1 éléments de l’arche des élans,elements,1,,,barres-asymetriques-55-nomade-64,NOMADE,,"Du siège latéral écarté BI ou BS, dégager la jambe par-dessus la barre pour arriver à l’appui facial"
Barres asymétriques,valorisation,1 élément de l’arche venir à l’appui,elements,1,,,barres-asymetriques-54-pre-requis-1-new,PRÉ-REQUIS,,Appui dynamique
Barres asymétriques,valorisation,1 élément de l’arche venir à l’appui,elements,1,,,barres-asymetriques-54-p1-1bis-new,P1,,Sauter à l’appui
Barres asymétriques,valorisation,1 élément de l’arche venir à l’appui,elements,1,,,barres-asymetriques-54-p2-2-new,P2,,Balancé de bascule
Barres asymétriques,valorisation,1 élément de l’arche venir à l’appui,elements,1,,,barres-asymetriques-54-p3-3-new,P3,,Courir bascule
Barres asymétriques,valorisation,1 élément de l’arche venir à l’appui,elements,1,,,barres-asymetriques-54-p4-15,P4,,Bascule
Barres asymétriques,valorisation,1 élément de l’arche venir à l’appui,elements,1,,,barres-asymetriques-54-p4-46,P4,,Bascule BS
Barres asymétriques,valorisation,1 élément de l’arche venir à l’appui,elements,1,,,barres-asymetriques-54-p4-56,P4,,Bascule fixe
Barres asymétriques,valorisation,1 élément de l’arche venir à l’appui,elements,1,,,barres-asymetriques-54-p5-23,P5,,Bascule coupée écart à la suspension même barre
Barres asymétriques,valorisation,1 élément de l’arche venir à l’appui,elements,1,,,barres-asymetriques-54-p5-25,P5,,"1/2 tour (180°) bascule. Mains sur BI, balancé avant, 1/2 tour (180°) et bascule"
Barres asymétriques,valorisation,1 élément de l’arche venir à l’appui,elements,1,,,barres-asymetriques-54-p5-51,P5,,Bascule faciale de l’appui libre
Barres asymétriques,valorisation,1 élément de l’arche venir à l’appui,elements,1,,,barres-asymetriques-54-p6-53,P6,,"De l’appui facial, pose de pieds puis 3/4 de tour (270°) circulaire groupé, carpé ou écarté en avant BI"
Barres asymétriques,valorisation,1 élément de l’arche venir à l’appui,elements,1,,,barres-asymetriques-54-nomade-21,NOMADE,,1/2 tour bascule
Barres asymétriques,valorisation,1 élément de l’arche venir à l’appui,elements,1,,,barres-asymetriques-54-nomade-28,NOMADE,,Saut bascule
Barres asymétriques,valorisation,1 élément de l’arche venir à l’appui,elements,1,,,barres-asymetriques-54-nomade-40,NOMADE,,Oscillation 1 jambe du siège
Barres asymétriques,valorisation,1 élément de l’arche venir à l’appui,elements,1,,,barres-asymetriques-54-nomade-9,NOMADE,,Entré en oscillation 1 jambe
Barres asymétriques,valorisation,Enchainement de 2 balancers (av. et arr) aide possible au démarrage du bal. av. (hors sortie),elements,2,,oui,barres-asymetriques-52-pre-requis-5-new,PRÉ-REQUIS,,Balancés avant BI jambes fléchies
Barres asymétriques,valorisation,Enchainement de 2 balancers (av. et arr) aide possible au démarrage du bal. av. (hors sortie),elements,2,,oui,barres-asymetriques-52-pre-requis-7-new,PRÉ-REQUIS,,Balancé avant avec placement en position arrière par l’entraineur
Barres asymétriques,valorisation,Enchainement de 2 balancers (av. et arr) aide possible au démarrage du bal. av. (hors sortie),elements,2,,oui,barres-asymetriques-52-p1-6-new,P1,,Courbe avant statique
Barres asymétriques,valorisation,Enchainement de 2 balancers (av. et arr) aide possible au démarrage du bal. av. (hors sortie),elements,2,,oui,barres-asymetriques-52-p2-115,P2,,Du balancé avant 1/2 tour au dessus de 45°
Barres asymétriques,valorisation,Enchainement de 2 balancers (av. et arr) aide possible au démarrage du bal. av. (hors sortie),elements,2,,oui,barres-asymetriques-52-p2-117,P2,,Balancé avant à l’horizontale
Barres asymétriques,valorisation,Enchainement de 2 balancers (av. et arr) aide possible au démarrage du bal. av. (hors sortie),elements,2,,oui,barres-asymetriques-52-p3-44,P3,,Grande culbute
Barres asymétriques,valorisation,Enchainement de 2 balancers (av. et arr) aide possible au démarrage du bal. av. (hors sortie),elements,2,,oui,barres-asymetriques-52-p4-8-new,P4,,Grande culbute à l’appui libre à l’horizontale
Barres asymétriques,valorisation,Enchainement de 2 balancers (av. et arr) aide possible au démarrage du bal. av. (hors sortie),elements,2,,oui,barres-asymetriques-52-p5-124,P5,,Grand tour en arrière 360°(Soleil)
Barres asymétriques,valorisation,Enchainement de 2 balancers (av. et arr) aide possible au démarrage du bal. av. (hors sortie),elements,2,,oui,barres-asymetriques-52-p5-137,P5,,"Shoushounova Départ libre pieds/mains, filer ou suspension,"
Barres asymétriques,valorisation,Enchainement de 2 balancers (av. et arr) aide possible au démarrage du bal. av. (hors sortie),elements,2,,oui,barres-asymetriques-52-p6-127,P6,,Grand tour arrière 1/2 tour (180°) à l’ATR
Barres asymétriques,valorisation,Enchainement de 2 balancers (av. et arr) aide possible au démarrage du bal. av. (hors sortie),elements,2,,oui,barres-asymetriques-52-p6-140,P6,,Salto arrière entre les barres arrivée suspension BI (salto Pak)
Barres asymétriques,valorisation,Enchainement de 2 balancers (av. et arr) aide possible au démarrage du bal. av. (hors sortie),elements,2,,oui,barres-asymetriques-52-p7-130,P7,,Grand tour arrière
Barres asymétriques,valorisation,Enchainement de 2 balancers (av. et arr) aide possible au démarrage du bal. av. (hors sortie),elements,2,,oui,barres-asymetriques-52-p7-142,P7,,"Shoushounova à l’ATR. Départ libre (pieds/mains, filer ou suspension), élan par-dessous BS avec 1/2 tour (180°) et envol par-dessus BI à l’ATR BI"
Barres asymétriques,valorisation,Enchainement de 2 balancers (av. et arr) aide possible au démarrage du bal. av. (hors sortie),elements,2,,oui,barres-asymetriques-52-p7-143,P7,,Gienger. Elancer en avant et salto arrière carpé ou tendu avec 1/2 tour
Barres asymétriques,valorisation,Enchainement de 2 balancers (av. et arr) aide possible au démarrage du bal. av. (hors sortie),elements,2,,oui,barres-asymetriques-52-nomade-22,NOMADE,,Franchissement écart. Saut écart par impulsion des mains par-dessus BI à la suspension BS
Barres asymétriques,valorisation,Enchainement de 2 balancers (av. et arr) aide possible au démarrage du bal. av. (hors sortie),elements,2,,oui,barres-asymetriques-53-pre-requis-13,PRÉ-REQUIS,,Balancés arrière BI jambes fléchies
Barres asymétriques,valorisation,Enchainement de 2 balancers (av. et arr) aide possible au démarrage du bal. av. (hors sortie),elements,2,,oui,barres-asymetriques-53-p1-12-new,P1,,Courbe arrière statique
Barres asymétriques,valorisation,Enchainement de 2 balancers (av. et arr) aide possible au démarrage du bal. av. (hors sortie),elements,2,,oui,barres-asymetriques-53-p2-116,P2,,Balancé arrière
Barres asymétriques,valorisation,Enchainement de 2 balancers (av. et arr) aide possible au démarrage du bal. av. (hors sortie),elements,2,,oui,barres-asymetriques-53-p2-14-new,P2,,De la suspension fermeture + filé
Barres asymétriques,valorisation,Enchainement de 2 balancers (av. et arr) aide possible au démarrage du bal. av. (hors sortie),elements,2,,oui,barres-asymetriques-53-p3-52,P3,,Grand rétablissement
Barres asymétriques,valorisation,Enchainement de 2 balancers (av. et arr) aide possible au démarrage du bal. av. (hors sortie),elements,2,,oui,barres-asymetriques-53-p5-136,P5,,Retrait. De la suspension passer écarté avec envol en arrière par-dessus BI à la suspension BI
Barres asymétriques,valorisation,Enchainement de 2 balancers (av. et arr) aide possible au démarrage du bal. av. (hors sortie),elements,2,,oui,barres-asymetriques-53-p5-141,P5,,Voronin
Barres asymétriques,valorisation,Enchainement de 2 balancers (av. et arr) aide possible au démarrage du bal. av. (hors sortie),elements,2,,oui,barres-asymetriques-53-p5-55,P5,,Grand rétablissement à l’appui libre
Barres asymétriques,valorisation,Enchainement de 2 balancers (av. et arr) aide possible au démarrage du bal. av. (hors sortie),elements,2,,oui,barres-asymetriques-53-p7-132,P7,,"Lune, grand tour avant, avec ou sans 1/2 tour"
Barres asymétriques,valorisation,Enchainement de 2 balancers (av. et arr) aide possible au démarrage du bal. av. (hors sortie),elements,2,,oui,barres-asymetriques-53-p7-139,P7,,Retrait à l’ATR. De la suspension passer écarté avec envol en arrière par-dessus BI à l’ATR BI
Barres asymétriques,valorisation,Enchainement de 2 balancers (av. et arr) aide possible au démarrage du bal. av. (hors sortie),elements,2,,oui,barres-asymetriques-53-p7-144,P7,,"Jaeger – Elancer en arrière et salto avant groupé, carpé, tendu ou écart à la suspension"
Barres asymétriques,valorisation,Enchainement de 2 balancers (av. et arr) aide possible au démarrage du bal. av. (hors sortie),elements,2,,oui,barres-asymetriques-53-p7-58,P7,,Grand rétablissement passement filé à l’ATR
Barres asymétriques,valorisation,Enchainement de 2 balancers (av. et arr) aide possible au démarrage du bal. av. (hors sortie),elements,2,,oui,barres-asymetriques-53-nomade-161,NOMADE,,"Salto avant groupé, carpé ou tendu ou avec 1/2 tour"
Barres asymétriques,valorisation,1 sauter à l’appui,elements,1,,oui,barres-asymetriques-54-p1-1bis-new,P1,,Sauter à l’appui
Barres asymétriques,valorisation,1 sauter à l’appui,elements,1,,oui,barres-asymetriques-54-nomade-28,NOMADE,,Saut bascule
Barres asymétriques,valorisation,1 élément de l’arche des élans,elements,1,,,barres-asymetriques-55-pre-requis-145,PRÉ-REQUIS,,"Sortie par repoussé. De l’appui facial BI, élancer les jambes"
Barres asymétriques,valorisation,1 élément de l’arche des élans,elements,1,,,barres-asymetriques-55-p1-70,P1,,Prise d’élan corps aligné au-dessus de l’horizontale
Barres asymétriques,valorisation,1 élément de l’arche des élans,elements,1,,,barres-asymetriques-55-p2-68,P2,,"De l’appui facial, pose des pieds jambes groupées"
Barres asymétriques,valorisation,1 élément de l’arche des élans,elements,1,,,barres-asymetriques-55-p4-71,P4,,"De l’appui facial, pose des pieds jambes tendues serrées ou écartées"
Barres asymétriques,valorisation,1 élément de l’arche des élans,elements,1,,,barres-asymetriques-55-p5-73,P5,,Elan en arrière à l’ATR avec jambes écartées (corps carpé)
Barres asymétriques,valorisation,1 élément de l’arche des élans,elements,1,,,barres-asymetriques-55-p5-76,P5,,Elan en arrière à l’ATR avec jambes serrées (corps tendu)
Barres asymétriques,valorisation,1 élément de l’arche des élans,elements,1,,,barres-asymetriques-55-p6-27,P6,,Saut poisson jambes serrées par-dessus BI avec impulsion des mains à la suspensions BS
Barres asymétriques,valorisation,1 élément de l’arche des élans,elements,1,,,barres-asymetriques-55-p6-79,P6,,Elan en arrière à l’ATR avec jambes écartées (corps carpé) avec 1/2 tour
Barres asymétriques,valorisation,1 élément de l’arche des élans,elements,1,,,barres-asymetriques-55-p6-82,P6,,Elan en arrière à l’ATR et 1/2 tour (180°) minimum
Barres asymétriques,valorisation,1 élément de l’arche des élans,elements,1,,,barres-asymetriques-55-nomade-62,NOMADE,,"De l’appui facial BI ou BS, passage d’1 jambe latéralement par coupé pour arriver"
Barres asymétriques,valorisation,1 élément de l’arche des élans,elements,1,,,barres-asymetriques-55-nomade-64,NOMADE,,"Du siège latéral écarté BI ou BS, dégager la jambe par-dessus la barre pour arriver à l’appui facial"
Barres asymétriques,exigence,1 élément des arches venir à l’appui,elements,1,,,barres-asymetriques-54-pre-requis-1-new,PRÉ-REQUIS,,Appui dynamique
Barres asymétriques,exigence,1 élément des arches venir à l’appui,elements,1,,,barres-asymetriques-54-p1-1bis-new,P1,,Sauter à l’appui
Barres asymétriques,exigence,1 élément des arches venir à l’appui,elements,1,,,barres-asymetriques-54-p2-2-new,P2,,Balancé de bascule
Barres asymétriques,exigence,1 élément des arches venir à l’appui,elements,1,,,barres-asymetriques-54-p3-3-new,P3,,Courir bascule
Barres asymétriques,exigence,1 élément des arches venir à l’appui,elements,1,,,barres-asymetriques-54-p4-15,P4,,Bascule
Barres asymétriques,exigence,1 élément des arches venir à l’appui,elements,1,,,barres-asymetriques-54-p4-46,P4,,Bascule BS
Barres asymétriques,exigence,1 élément des arches venir à l’appui,elements,1,,,barres-asymetriques-54-p4-56,P4,,Bascule fixe
Barres asymétriques,exigence,1 élément des arches venir à l’appui,elements,1,,,barres-asymetriques-54-p5-23,P5,,Bascule coupée écart à la suspension même barre
Barres asymétriques,exigence,1 élément des arches venir à l’appui,elements,1,,,barres-asymetriques-54-p5-25,P5,,"1/2 tour (180°) bascule. Mains sur BI, balancé avant, 1/2 tour (180°) et bascule"
Barres asymétriques,exigence,1 élément des arches venir à l’appui,elements,1,,,barres-asymetriques-54-p5-51,P5,,Bascule faciale de l’appui libre
Barres asymétriques,exigence,1 élément des arches venir à l’appui,elements,1,,,barres-asymetriques-54-p6-53,P6,,"De l’appui facial, pose de pieds puis 3/4 de tour (270°) circulaire groupé, carpé ou écarté en avant BI"
Barres asymétriques,exigence,1 élément des arches venir à l’appui,elements,1,,,barres-asymetriques-54-nomade-21,NOMADE,,1/2 tour bascule
Barres asymétriques,exigence,1 élément des arches venir à l’appui,elements,1,,,barres-asymetriques-54-nomade-28,NOMADE,,Saut bascule
Barres asymétriques,exigence,1 élément des arches venir à l’appui,elements,1,,,barres-asymetriques-54-nomade-40,NOMADE,,Oscillation 1 jambe du siège
Barres asymétriques,exigence,1 élément des arches venir à l’appui,elements,1,,,barres-asymetriques-54-nomade-9,NOMADE,,Entré en oscillation 1 jambe
Barres asymétriques,valorisation,Enchaînement de deux balancers (av et ar ou inversement x2) (hors sortie),elements,2,,oui,barres-asymetriques-52-pre-requis-5-new,PRÉ-REQUIS,,Balancés avant BI jambes fléchies
Barres asymétriques,valorisation,Enchaînement de deux balancers (av et ar ou inversement x2) (hors sortie),elements,2,,oui,barres-asymetriques-52-pre-requis-7-new,PRÉ-REQUIS,,Balancé avant avec placement en position arrière par l’entraineur
Barres asymétriques,valorisation,Enchaînement de deux balancers (av et ar ou inversement x2) (hors sortie),elements,2,,oui,barres-asymetriques-52-p1-6-new,P1,,Courbe avant statique
Barres asymétriques,valorisation,Enchaînement de deux balancers (av et ar ou inversement x2) (hors sortie),elements,2,,oui,barres-asymetriques-52-p2-115,P2,,Du balancé avant 1/2 tour au dessus de 45°
Barres asymétriques,valorisation,Enchaînement de deux balancers (av et ar ou inversement x2) (hors sortie),elements,2,,oui,barres-asymetriques-52-p2-117,P2,,Balancé avant à l’horizontale
Barres asymétriques,valorisation,Enchaînement de deux balancers (av et ar ou inversement x2) (hors sortie),elements,2,,oui,barres-asymetriques-52-p3-44,P3,,Grande culbute
Barres asymétriques,valorisation,Enchaînement de deux balancers (av et ar ou inversement x2) (hors sortie),elements,2,,oui,barres-asymetriques-52-p4-8-new,P4,,Grande culbute à l’appui libre à l’horizontale
Barres asymétriques,valorisation,Enchaînement de deux balancers (av et ar ou inversement x2) (hors sortie),elements,2,,oui,barres-asymetriques-52-p5-124,P5,,Grand tour en arrière 360°(Soleil)
Barres asymétriques,valorisation,Enchaînement de deux balancers (av et ar ou inversement x2) (hors sortie),elements,2,,oui,barres-asymetriques-52-p5-137,P5,,"Shoushounova Départ libre pieds/mains, filer ou suspension,"
Barres asymétriques,valorisation,Enchaînement de deux balancers (av et ar ou inversement x2) (hors sortie),elements,2,,oui,barres-asymetriques-52-p6-127,P6,,Grand tour arrière 1/2 tour (180°) à l’ATR
Barres asymétriques,valorisation,Enchaînement de deux balancers (av et ar ou inversement x2) (hors sortie),elements,2,,oui,barres-asymetriques-52-p6-140,P6,,Salto arrière entre les barres arrivée suspension BI (salto Pak)
Barres asymétriques,valorisation,Enchaînement de deux balancers (av et ar ou inversement x2) (hors sortie),elements,2,,oui,barres-asymetriques-52-p7-130,P7,,Grand tour arrière
Barres asymétriques,valorisation,Enchaînement de deux balancers (av et ar ou inversement x2) (hors sortie),elements,2,,oui,barres-asymetriques-52-p7-142,P7,,"Shoushounova à l’ATR. Départ libre (pieds/mains, filer ou suspension), élan par-dessous BS avec 1/2 tour (180°) et envol par-dessus BI à l’ATR BI"
Barres asymétriques,valorisation,Enchaînement de deux balancers (av et ar ou inversement x2) (hors sortie),elements,2,,oui,barres-asymetriques-52-p7-143,P7,,Gienger. Elancer en avant et salto arrière carpé ou tendu avec 1/2 tour
Barres asymétriques,valorisation,Enchaînement de deux balancers (av et ar ou inversement x2) (hors sortie),elements,2,,oui,barres-asymetriques-52-nomade-22,NOMADE,,Franchissement écart. Saut écart par impulsion des mains par-dessus BI à la suspension BS
Barres asymétriques,valorisation,Enchaînement de deux balancers (av et ar ou inversement x2) (hors sortie),elements,2,,oui,barres-asymetriques-53-pre-requis-13,PRÉ-REQUIS,,Balancés arrière BI jambes fléchies
Barres asymétriques,valorisation,Enchaînement de deux balancers (av et ar ou inversement x2) (hors sortie),elements,2,,oui,barres-asymetriques-53-p1-12-new,P1,,Courbe arrière statique
Barres asymétriques,valorisation,Enchaînement de deux balancers (av et ar ou inversement x2) (hors sortie),elements,2,,oui,barres-asymetriques-53-p2-116,P2,,Balancé arrière
Barres asymétriques,valorisation,Enchaînement de deux balancers (av et ar ou inversement x2) (hors sortie),elements,2,,oui,barres-asymetriques-53-p2-14-new,P2,,De la suspension fermeture + filé
Barres asymétriques,valorisation,Enchaînement de deux balancers (av et ar ou inversement x2) (hors sortie),elements,2,,oui,barres-asymetriques-53-p3-52,P3,,Grand rétablissement
Barres asymétriques,valorisation,Enchaînement de deux balancers (av et ar ou inversement x2) (hors sortie),elements,2,,oui,barres-asymetriques-53-p5-136,P5,,Retrait. De la suspension passer écarté avec envol en arrière par-dessus BI à la suspension BI
Barres asymétriques,valorisation,Enchaînement de deux balancers (av et ar ou inversement x2) (hors sortie),elements,2,,oui,barres-asymetriques-53-p5-141,P5,,Voronin
Barres asymétriques,valorisation,Enchaînement de deux balancers (av et ar ou inversement x2) (hors sortie),elements,2,,oui,barres-asymetriques-53-p5-55,P5,,Grand rétablissement à l’appui libre
Barres asymétriques,valorisation,Enchaînement de deux balancers (av et ar ou inversement x2) (hors sortie),elements,2,,oui,barres-asymetriques-53-p7-132,P7,,"Lune, grand tour avant, avec ou sans 1/2 tour"
Barres asymétriques,valorisation,Enchaînement de deux balancers (av et ar ou inversement x2) (hors sortie),elements,2,,oui,barres-asymetriques-53-p7-139,P7,,Retrait à l’ATR. De la suspension passer écarté avec envol en arrière par-dessus BI à l’ATR BI
Barres asymétriques,valorisation,Enchaînement de deux balancers (av et ar ou inversement x2) (hors sortie),elements,2,,oui,barres-asymetriques-53-p7-144,P7,,"Jaeger – Elancer en arrière et salto avant groupé, carpé, tendu ou écart à la suspension"
Barres asymétriques,valorisation,Enchaînement de deux balancers (av et ar ou inversement x2) (hors sortie),elements,2,,oui,barres-asymetriques-53-p7-58,P7,,Grand rétablissement passement filé à l’ATR
Barres asymétriques,valorisation,Enchaînement de deux balancers (av et ar ou inversement x2) (hors sortie),elements,2,,oui,barres-asymetriques-53-nomade-161,NOMADE,,"Salto avant groupé, carpé ou tendu ou avec 1/2 tour"
Barres asymétriques,valorisation,1 élément P2 (min.),elements,1,,,barres-asymetriques-52-p2-115,P2,,Du balancé avant 1/2 tour au dessus de 45°
Barres asymétriques,valorisation,1 élément P2 (min.),elements,1,,,barres-asymetriques-52-p2-117,P2,,Balancé avant à l’horizontale
Barres asymétriques,valorisation,1 élément P2 (min.),elements,1,,,barres-asymetriques-52-p3-154,P3,Sorties,Elan vers l’avant et salto arrière groupé ou carpé
Barres asymétriques,valorisation,1 élément P2 (min.),elements,1,,,barres-asymetriques-52-p3-44,P3,,Grande culbute
Barres asymétriques,valorisation,1 élément P2 (min.),elements,1,,,barres-asymetriques-52-p4-157,P4,Sorties,Elan vers l’avant et salto arrière tendu
Barres asymétriques,valorisation,1 élément P2 (min.),elements,1,,,barres-asymetriques-52-p4-8-new,P4,,Grande culbute à l’appui libre à l’horizontale
Barres asymétriques,valorisation,1 élément P2 (min.),elements,1,,,barres-asymetriques-52-p5-124,P5,,Grand tour en arrière 360°(Soleil)
Barres asymétriques,valorisation,1 élément P2 (min.),elements,1,,,barres-asymetriques-52-p5-137,P5,,"Shoushounova Départ libre pieds/mains, filer ou suspension,"
Barres asymétriques,valorisation,1 élément P2 (min.),elements,1,,,barres-asymetriques-52-p5-157-plus,P5,Sorties,Sortie salto arrière tendu depuis le grand tour
Barres asymétriques,valorisation,1 élément P2 (min.),elements,1,,,barres-asymetriques-52-p6-127,P6,,Grand tour arrière 1/2 tour (180°) à l’ATR
Barres asymétriques,valorisation,1 élément P2 (min.),elements,1,,,barres-asymetriques-52-p6-140,P6,,Salto arrière entre les barres arrivée suspension BI (salto Pak)
Barres asymétriques,valorisation,1 élément P2 (min.),elements,1,,,barres-asymetriques-52-p6-163,P6,Sorties,Salto arrière avec 1 tour (360°)
Barres asymétriques,valorisation,1 élément P2 (min.),elements,1,,,barres-asymetriques-52-p7-130,P7,,Grand tour arrière
Barres asymétriques,valorisation,1 élément P2 (min.),elements,1,,,barres-asymetriques-52-p7-142,P7,,"Shoushounova à l’ATR. Départ libre (pieds/mains, filer ou suspension), élan par-dessous BS avec 1/2 tour (180°) et envol par-dessus BI à l’ATR BI"
Barres asymétriques,valorisation,1 élément P2 (min.),elements,1,,,barres-asymetriques-52-p7-143,P7,,Gienger. Elancer en avant et salto arrière carpé ou tendu avec 1/2 tour
Barres asymétriques,valorisation,1 élément P2 (min.),elements,1,,,barres-asymetriques-52-p7-166,P7,Sorties,"Double salto arrière groupé, carpé ou tendu"
Barres asymétriques,valorisation,1 élément P2 (min.),elements,1,,,barres-asymetriques-52-p7-168,P7,Sorties,Salto arrière avec 3/2 tour ou +
Barres asymétriques,valorisation,1 élément P2 (min.),elements,1,,,barres-asymetriques-53-p2-116,P2,,Balancé arrière
Barres asymétriques,valorisation,1 élément P2 (min.),elements,1,,,barres-asymetriques-53-p2-14-new,P2,,De la suspension fermeture + filé
Barres asymétriques,valorisation,1 élément P2 (min.),elements,1,,,barres-asymetriques-53-p3-52,P3,,Grand rétablissement
Barres asymétriques,valorisation,1 élément P2 (min.),elements,1,,,barres-asymetriques-53-p5-136,P5,,Retrait. De la suspension passer écarté avec envol en arrière par-dessus BI à la suspension BI
Barres asymétriques,valorisation,1 élément P2 (min.),elements,1,,,barres-asymetriques-53-p5-141,P5,,Voronin
Barres asymétriques,valorisation,1 élément P2 (min.),elements,1,,,barres-asymetriques-53-p5-55,P5,,Grand rétablissement à l’appui libre
Barres asymétriques,valorisation,1 élément P2 (min.),elements,1,,,barres-asymetriques-53-p7-132,P7,,"Lune, grand tour avant, avec ou sans 1/2 tour"
Barres asymétriques,valorisation,1 élément P2 (min.),elements,1,,,barres-asymetriques-53-p7-139,P7,,Retrait à l’ATR. De la suspension passer écarté avec envol en arrière par-dessus BI à l’ATR BI
Barres asymétriques,valorisation,1 élément P2 (min.),elements,1,,,barres-asymetriques-53-p7-144,P7,,"Jaeger – Elancer en arrière et salto avant groupé, carpé, tendu ou écart à la suspension"
Barres asymétriques,valorisation,1 élément P2 (min.),elements,1,,,barres-asymetriques-53-p7-58,P7,,Grand rétablissement passement filé à l’ATR
Barres asymétriques,valorisation,1 élément P2 (min.),elements,1,,,barres-asymetriques-54-p2-2-new,P2,,Balancé de bascule
Barres asymétriques,valorisation,1 élément P2 (min.),elements,1,,,barres-asymetriques-54-p3-3-new,P3,,Courir bascule
Barres asymétriques,valorisation,1 élément P2 (min.),elements,1,,,barres-asymetriques-54-p4-15,P4,,Bascule
Barres asymétriques,valorisation,1 élément P2 (min.),elements,1,,,barres-asymetriques-54-p4-46,P4,,Bascule BS
Barres asymétriques,valorisation,1 élément P2 (min.),elements,1,,,barres-asymetriques-54-p4-56,P4,,Bascule fixe
Barres asymétriques,valorisation,1 élément P2 (min.),elements,1,,,barres-asymetriques-54-p5-23,P5,,Bascule coupée écart à la suspension même barre
Barres asymétriques,valorisation,1 élément P2 (min.),elements,1,,,barres-asymetriques-54-p5-25,P5,,"1/2 tour (180°) bascule. Mains sur BI, balancé avant, 1/2 tour (180°) et bascule"
Barres asymétriques,valorisation,1 élément P2 (min.),elements,1,,,barres-asymetriques-54-p5-51,P5,,Bascule faciale de l’appui libre
Barres asymétriques,valorisation,1 élément P2 (min.),elements,1,,,barres-asymetriques-54-p6-53,P6,,"De l’appui facial, pose de pieds puis 3/4 de tour (270°) circulaire groupé, carpé ou écarté en avant BI"
Barres asymétriques,valorisation,1 élément P2 (min.),elements,1,,,barres-asymetriques-55-p2-68,P2,,"De l’appui facial, pose des pieds jambes groupées"
Barres asymétriques,valorisation,1 élément P2 (min.),elements,1,,,barres-asymetriques-55-p4-71,P4,,"De l’appui facial, pose des pieds jambes tendues serrées ou écartées"
Barres asymétriques,valorisation,1 élément P2 (min.),elements,1,,,barres-asymetriques-55-p5-73,P5,,Elan en arrière à l’ATR avec jambes écartées (corps carpé)
Barres asymétriques,valorisation,1 élément P2 (min.),elements,1,,,barres-asymetriques-55-p5-76,P5,,Elan en arrière à l’ATR avec jambes serrées (corps tendu)
Barres asymétriques,valorisation,1 élément P2 (min.),elements,1,,,barres-asymetriques-55-p6-27,P6,,Saut poisson jambes serrées par-dessus BI avec impulsion des mains à la suspensions BS
Barres asymétriques,valorisation,1 élément P2 (min.),elements,1,,,barres-asymetriques-55-p6-79,P6,,Elan en arrière à l’ATR avec jambes écartées (corps carpé) avec 1/2 tour
Barres asymétriques,valorisation,1 élément P2 (min.),elements,1,,,barres-asymetriques-55-p6-82,P6,,Elan en arrière à l’ATR et 1/2 tour (180°) minimum
Barres asymétriques,valorisation,1 élément P2 (min.),elements,1,,,barres-asymetriques-56-p2-121,P2,Sorties,Depuis un élément codifié de l’appui facial BS filé avant à la suspension
Barres asymétriques,valorisation,1 élément P2 (min.),elements,1,,,barres-asymetriques-56-p2-150,P2,Sorties,"De l’appui facial, sortie filée BI ou BS"
Barres asymétriques,valorisation,1 élément P2 (min.),elements,1,,,barres-asymetriques-56-p3-156,P3,Sorties,"De l’appui facial, sortie filée 1/2 tour(180°) BI ou BS"
Barres asymétriques,valorisation,1 élément P2 (min.),elements,1,,,barres-asymetriques-56-p3-98,P3,,"De l’ATR, ou de l’appui facial, pose des pieds puis élan circulaire carpé ou groupé en arrière BI ou BS"
Barres asymétriques,valorisation,1 élément P2 (min.),elements,1,,,barres-asymetriques-56-p4-10-new,P4,Sorties,Elan circulaire groupé en avant (mains en supination)
Barres asymétriques,valorisation,1 élément P2 (min.),elements,1,,,barres-asymetriques-56-p4-100,P4,,Tour d’appui arrière libre à l’appui libre au-dessus de l’horizontale
Barres asymétriques,valorisation,1 élément P2 (min.),elements,1,,,barres-asymetriques-56-p4-9-new,P4,,Tour avant libre (mains en supination)
Barres asymétriques,valorisation,1 élément P2 (min.),elements,1,,,barres-asymetriques-56-p5-4-new,P5,Sorties,"Du filé ou du pieds-mains, élan par-dessous BI, contre mouvement avec envol arrivée à la suspension avant la verticale de la barre"
Barres asymétriques,valorisation,1 élément P2 (min.),elements,1,,,barres-asymetriques-56-p6-103,P6,,Passement filé. Tour d’appui arrière libre à l’ATR
Barres asymétriques,valorisation,1 élément P2 (min.),elements,1,,,barres-asymetriques-56-p6-106,P6,Sorties,Elan circulaire carpé ou groupé en arrière à l’ATR
Barres asymétriques,valorisation,1 élément P2 (min.),elements,1,,,barres-asymetriques-56-p6-107,P6,,Stälder à l’ATR. Elan circulaire facial jambes écartées en arrière BI ou BS à l’ATR
Barres asymétriques,valorisation,1 élément P2 (min.),elements,1,,,barres-asymetriques-56-p7-11-new,P7,,Shaposhnikova
Barres asymétriques,valorisation,1 prise d’élan tour d’appui arrière,elements,1,,oui,barres-asymetriques-55-p1-70,P1,,Prise d’élan corps aligné au-dessus de l’horizontale
Barres asymétriques,valorisation,1 prise d’élan tour d’appui arrière,elements,1,,oui,barres-asymetriques-56-p1-91,P1,,Tour d’appui facial en arrière
Barres asymétriques,valorisation,1 prise d’élan tour d’appui arrière,elements,1,,oui,barres-asymetriques-56-p4-100,P4,,Tour d’appui arrière libre à l’appui libre au-dessus de l’horizontale
Barres asymétriques,valorisation,1 prise d’élan tour d’appui arrière,elements,1,,oui,barres-asymetriques-56-p6-103,P6,,Passement filé. Tour d’appui arrière libre à l’ATR
Barres asymétriques,valorisation,1 prise d’élan tour d’appui arrière,elements,1,,oui,barres-asymetriques-56-nomade-94,NOMADE,,Tour d’appui facial en avant BI ou BS à l’appui jambes tendues
Barres asymétriques,valorisation,1 sortie amenée du balancé arrière,elements,1,,oui,barres-asymetriques-52-p3-154,P3,Sorties,Elan vers l’avant et salto arrière groupé ou carpé
Barres asymétriques,valorisation,1 sortie amenée du balancé arrière,elements,1,,oui,barres-asymetriques-52-p4-157,P4,Sorties,Elan vers l’avant et salto arrière tendu
Barres asymétriques,valorisation,1 sortie amenée du balancé arrière,elements,1,,oui,barres-asymetriques-52-p5-157-plus,P5,Sorties,Sortie salto arrière tendu depuis le grand tour
Barres asymétriques,valorisation,1 sortie amenée du balancé arrière,elements,1,,oui,barres-asymetriques-52-p6-163,P6,Sorties,Salto arrière avec 1 tour (360°)
Barres asymétriques,valorisation,1 sortie amenée du balancé arrière,elements,1,,oui,barres-asymetriques-52-p7-166,P7,Sorties,"Double salto arrière groupé, carpé ou tendu"
Barres asymétriques,valorisation,1 sortie amenée du balancé arrière,elements,1,,oui,barres-asymetriques-52-p7-168,P7,Sorties,Salto arrière avec 3/2 tour ou +
Barres asymétriques,valorisation,1 sortie amenée du balancé arrière,elements,1,,oui,barres-asymetriques-56-p2-121,P2,Sorties,Depuis un élément codifié de l’appui facial BS filé avant à la suspension
Barres asymétriques,valorisation,1 sortie amenée du balancé arrière,elements,1,,oui,barres-asymetriques-56-p2-150,P2,Sorties,"De l’appui facial, sortie filée BI ou BS"
Barres asymétriques,valorisation,1 sortie amenée du balancé arrière,elements,1,,oui,barres-asymetriques-56-p3-156,P3,Sorties,"De l’appui facial, sortie filée 1/2 tour(180°) BI ou BS"
Barres asymétriques,valorisation,1 sortie amenée du balancé arrière,elements,1,,oui,barres-asymetriques-56-p4-10-new,P4,Sorties,Elan circulaire groupé en avant (mains en supination)
Barres asymétriques,valorisation,1 sortie amenée du balancé arrière,elements,1,,oui,barres-asymetriques-56-p5-4-new,P5,Sorties,"Du filé ou du pieds-mains, élan par-dessous BI, contre mouvement avec envol arrivée à la suspension avant la verticale de la barre"
Barres asymétriques,valorisation,1 sortie amenée du balancé arrière,elements,1,,oui,barres-asymetriques-56-p6-106,P6,Sorties,Elan circulaire carpé ou groupé en arrière à l’ATR
Barres asymétriques,exigence,1 élément des arches des élans,elements,1,,,barres-asymetriques-55-pre-requis-145,PRÉ-REQUIS,,"Sortie par repoussé. De l’appui facial BI, élancer les jambes"
Barres asymétriques,exigence,1 élément des arches des élans,elements,1,,,barres-asymetriques-55-p1-70,P1,,Prise d’élan corps aligné au-dessus de l’horizontale
Barres asymétriques,exigence,1 élément des arches des élans,elements,1,,,barres-asymetriques-55-p2-68,P2,,"De l’appui facial, pose des pieds jambes groupées"
Barres asymétriques,exigence,1 élément des arches des élans,elements,1,,,barres-asymetriques-55-p4-71,P4,,"De l’appui facial, pose des pieds jambes tendues serrées ou écartées"
Barres asymétriques,exigence,1 élément des arches des élans,elements,1,,,barres-asymetriques-55-p5-73,P5,,Elan en arrière à l’ATR avec jambes écartées (corps carpé)
Barres asymétriques,exigence,1 élément des arches des élans,elements,1,,,barres-asymetriques-55-p5-76,P5,,Elan en arrière à l’ATR avec jambes serrées (corps tendu)
Barres asymétriques,exigence,1 élément des arches des élans,elements,1,,,barres-asymetriques-55-p6-27,P6,,Saut poisson jambes serrées par-dessus BI avec impulsion des mains à la suspensions BS
Barres asymétriques,exigence,1 élément des arches des élans,elements,1,,,barres-asymetriques-55-p6-79,P6,,Elan en arrière à l’ATR avec jambes écartées (corps carpé) avec 1/2 tour
Barres asymétriques,exigence,1 élément des arches des élans,elements,1,,,barres-asymetriques-55-p6-82,P6,,Elan en arrière à l’ATR et 1/2 tour (180°) minimum
Barres asymétriques,exigence,1 élément des arches des élans,elements,1,,,barres-asymetriques-55-nomade-62,NOMADE,,"De l’appui facial BI ou BS, passage d’1 jambe latéralement par coupé pour arriver"
Barres asymétriques,exigence,1 élément des arches des élans,elements,1,,,barres-asymetriques-55-nomade-64,NOMADE,,"Du siège latéral écarté BI ou BS, dégager la jambe par-dessus la barre pour arriver à l’appui facial"
Barres asymétriques,valorisation,1 élément P3 (min.),elements,1,,,barres-asymetriques-52-p3-154,P3,Sorties,Elan vers l’avant et salto arrière groupé ou carpé
Barres asymétriques,valorisation,1 élément P3 (min.),elements,1,,,barres-asymetriques-52-p3-44,P3,,Grande culbute
Barres asymétriques,valorisation,1 élément P3 (min.),elements,1,,,barres-asymetriques-52-p4-157,P4,Sorties,Elan vers l’avant et salto arrière tendu
Barres asymétriques,valorisation,1 élément P3 (min.),elements,1,,,barres-asymetriques-52-p4-8-new,P4,,Grande culbute à l’appui libre à l’horizontale
Barres asymétriques,valorisation,1 élément P3 (min.),elements,1,,,barres-asymetriques-52-p5-124,P5,,Grand tour en arrière 360°(Soleil)
Barres asymétriques,valorisation,1 élément P3 (min.),elements,1,,,barres-asymetriques-52-p5-137,P5,,"Shoushounova Départ libre pieds/mains, filer ou suspension,"
Barres asymétriques,valorisation,1 élément P3 (min.),elements,1,,,barres-asymetriques-52-p5-157-plus,P5,Sorties,Sortie salto arrière tendu depuis le grand tour
Barres asymétriques,valorisation,1 élément P3 (min.),elements,1,,,barres-asymetriques-52-p6-127,P6,,Grand tour arrière 1/2 tour (180°) à l’ATR
Barres asymétriques,valorisation,1 élément P3 (min.),elements,1,,,barres-asymetriques-52-p6-140,P6,,Salto arrière entre les barres arrivée suspension BI (salto Pak)
Barres asymétriques,valorisation,1 élément P3 (min.),elements,1,,,barres-asymetriques-52-p6-163,P6,Sorties,Salto arrière avec 1 tour (360°)
Barres asymétriques,valorisation,1 élément P3 (min.),elements,1,,,barres-asymetriques-52-p7-130,P7,,Grand tour arrière
Barres asymétriques,valorisation,1 élément P3 (min.),elements,1,,,barres-asymetriques-52-p7-142,P7,,"Shoushounova à l’ATR. Départ libre (pieds/mains, filer ou suspension), élan par-dessous BS avec 1/2 tour (180°) et envol par-dessus BI à l’ATR BI"
Barres asymétriques,valorisation,1 élément P3 (min.),elements,1,,,barres-asymetriques-52-p7-143,P7,,Gienger. Elancer en avant et salto arrière carpé ou tendu avec 1/2 tour
Barres asymétriques,valorisation,1 élément P3 (min.),elements,1,,,barres-asymetriques-52-p7-166,P7,Sorties,"Double salto arrière groupé, carpé ou tendu"
Barres asymétriques,valorisation,1 élément P3 (min.),elements,1,,,barres-asymetriques-52-p7-168,P7,Sorties,Salto arrière avec 3/2 tour ou +
Barres asymétriques,valorisation,1 élément P3 (min.),elements,1,,,barres-asymetriques-53-p3-52,P3,,Grand rétablissement
Barres asymétriques,valorisation,1 élément P3 (min.),elements,1,,,barres-asymetriques-53-p5-136,P5,,Retrait. De la suspension passer écarté avec envol en arrière par-dessus BI à la suspension BI
Barres asymétriques,valorisation,1 élément P3 (min.),elements,1,,,barres-asymetriques-53-p5-141,P5,,Voronin
Barres asymétriques,valorisation,1 élément P3 (min.),elements,1,,,barres-asymetriques-53-p5-55,P5,,Grand rétablissement à l’appui libre
Barres asymétriques,valorisation,1 élément P3 (min.),elements,1,,,barres-asymetriques-53-p7-132,P7,,"Lune, grand tour avant, avec ou sans 1/2 tour"
Barres asymétriques,valorisation,1 élément P3 (min.),elements,1,,,barres-asymetriques-53-p7-139,P7,,Retrait à l’ATR. De la suspension passer écarté avec envol en arrière par-dessus BI à l’ATR BI
Barres asymétriques,valorisation,1 élément P3 (min.),elements,1,,,barres-asymetriques-53-p7-144,P7,,"Jaeger – Elancer en arrière et salto avant groupé, carpé, tendu ou écart à la suspension"
Barres asymétriques,valorisation,1 élément P3 (min.),elements,1,,,barres-asymetriques-53-p7-58,P7,,Grand rétablissement passement filé à l’ATR
Barres asymétriques,valorisation,1 élément P3 (min.),elements,1,,,barres-asymetriques-54-p3-3-new,P3,,Courir bascule
Barres asymétriques,valorisation,1 élément P3 (min.),elements,1,,,barres-asymetriques-54-p4-15,P4,,Bascule
Barres asymétriques,valorisation,1 élément P3 (min.),elements,1,,,barres-asymetriques-54-p4-46,P4,,Bascule BS
Barres asymétriques,valorisation,1 élément P3 (min.),elements,1,,,barres-asymetriques-54-p4-56,P4,,Bascule fixe
Barres asymétriques,valorisation,1 élément P3 (min.),elements,1,,,barres-asymetriques-54-p5-23,P5,,Bascule coupée écart à la suspension même barre
Barres asymétriques,valorisation,1 élément P3 (min.),elements,1,,,barres-asymetriques-54-p5-25,P5,,"1/2 tour (180°) bascule. Mains sur BI, balancé avant, 1/2 tour (180°) et bascule"
Barres asymétriques,valorisation,1 élément P3 (min.),elements,1,,,barres-asymetriques-54-p5-51,P5,,Bascule faciale de l’appui libre
Barres asymétriques,valorisation,1 élément P3 (min.),elements,1,,,barres-asymetriques-54-p6-53,P6,,"De l’appui facial, pose de pieds puis 3/4 de tour (270°) circulaire groupé, carpé ou écarté en avant BI"
Barres asymétriques,valorisation,1 élément P3 (min.),elements,1,,,barres-asymetriques-55-p4-71,P4,,"De l’appui facial, pose des pieds jambes tendues serrées ou écartées"
Barres asymétriques,valorisation,1 élément P3 (min.),elements,1,,,barres-asymetriques-55-p5-73,P5,,Elan en arrière à l’ATR avec jambes écartées (corps carpé)
Barres asymétriques,valorisation,1 élément P3 (min.),elements,1,,,barres-asymetriques-55-p5-76,P5,,Elan en arrière à l’ATR avec jambes serrées (corps tendu)
Barres asymétriques,valorisation,1 élément P3 (min.),elements,1,,,barres-asymetriques-55-p6-27,P6,,Saut poisson jambes serrées par-dessus BI avec impulsion des mains à la suspensions BS
Barres asymétriques,valorisation,1 élément P3 (min.),elements,1,,,barres-asymetriques-55-p6-79,P6,,Elan en arrière à l’ATR avec jambes écartées (corps carpé) avec 1/2 tour
Barres asymétriques,valorisation,1 élément P3 (min.),elements,1,,,barres-asymetriques-55-p6-82,P6,,Elan en arrière à l’ATR et 1/2 tour (180°) minimum
Barres asymétriques,valorisation,1 élément P3 (min.),elements,1,,,barres-asymetriques-56-p3-156,P3,Sorties,"De l’appui facial, sortie filée 1/2 tour(180°) BI ou BS"
Barres asymétriques,valorisation,1 élément P3 (min.),elements,1,,,barres-asymetriques-56-p3-98,P3,,"De l’ATR, ou de l’appui facial, pose des pieds puis élan circulaire carpé ou groupé en arrière BI ou BS"
Barres asymétriques,valorisation,1 élément P3 (min.),elements,1,,,barres-asymetriques-56-p4-10-new,P4,Sorties,Elan circulaire groupé en avant (mains en supination)
Barres asymétriques,valorisation,1 élément P3 (min.),elements,1,,,barres-asymetriques-56-p4-100,P4,,Tour d’appui arrière libre à l’appui libre au-dessus de l’horizontale
Barres asymétriques,valorisation,1 élément P3 (min.),elements,1,,,barres-asymetriques-56-p4-9-new,P4,,Tour avant libre (mains en supination)
Barres asymétriques,valorisation,1 élément P3 (min.),elements,1,,,barres-asymetriques-56-p5-4-new,P5,Sorties,"Du filé ou du pieds-mains, élan par-dessous BI, contre mouvement avec envol arrivée à la suspension avant la verticale de la barre"
Barres asymétriques,valorisation,1 élément P3 (min.),elements,1,,,barres-asymetriques-56-p6-103,P6,,Passement filé. Tour d’appui arrière libre à l’ATR
Barres asymétriques,valorisation,1 élément P3 (min.),elements,1,,,barres-asymetriques-56-p6-106,P6,Sorties,Elan circulaire carpé ou groupé en arrière à l’ATR
Barres asymétriques,valorisation,1 élément P3 (min.),elements,1,,,barres-asymetriques-56-p6-107,P6,,Stälder à l’ATR. Elan circulaire facial jambes écartées en arrière BI ou BS à l’ATR
Barres asymétriques,valorisation,1 élément P3 (min.),elements,1,,,barres-asymetriques-56-p7-11-new,P7,,Shaposhnikova
Barres asymétriques,valorisation,1 rotation P3 (min.),elements,1,,,barres-asymetriques-56-p3-156,P3,Sorties,"De l’appui facial, sortie filée 1/2 tour(180°) BI ou BS"
Barres asymétriques,valorisation,1 rotation P3 (min.),elements,1,,,barres-asymetriques-56-p3-98,P3,,"De l’ATR, ou de l’appui facial, pose des pieds puis élan circulaire carpé ou groupé en arrière BI ou BS"
Barres asymétriques,valorisation,1 rotation P3 (min.),elements,1,,,barres-asymetriques-56-p4-10-new,P4,Sorties,Elan circulaire groupé en avant (mains en supination)
Barres asymétriques,valorisation,1 rotation P3 (min.),elements,1,,,barres-asymetriques-56-p4-100,P4,,Tour d’appui arrière libre à l’appui libre au-dessus de l’horizontale
Barres asymétriques,valorisation,1 rotation P3 (min.),elements,1,,,barres-asymetriques-56-p4-9-new,P4,,Tour avant libre (mains en supination)
Barres asymétriques,valorisation,1 rotation P3 (min.),elements,1,,,barres-asymetriques-56-p5-4-new,P5,Sorties,"Du filé ou du pieds-mains, élan par-dessous BI, contre mouvement avec envol arrivée à la suspension avant la verticale de la barre"
Barres asymétriques,valorisation,1 rotation P3 (min.),elements,1,,,barres-asymetriques-56-p6-103,P6,,Passement filé. Tour d’appui arrière libre à l’ATR
Barres asymétriques,valorisation,1 rotation P3 (min.),elements,1,,,barres-asymetriques-56-p6-106,P6,Sorties,Elan circulaire carpé ou groupé en arrière à l’ATR
Barres asymétriques,valorisation,1 rotation P3 (min.),elements,1,,,barres-asymetriques-56-p6-107,P6,,Stälder à l’ATR. Elan circulaire facial jambes écartées en arrière BI ou BS à l’ATR
Barres asymétriques,valorisation,1 rotation P3 (min.),elements,1,,,barres-asymetriques-56-p7-11-new,P7,,Shaposhnikova
Barres asymétriques,valorisation,Bascule prise d’élan à l’horizontale,elements,1,,oui,barres-asymetriques-54-p2-2-new,P2,,Balancé de bascule
Barres asymétriques,valorisation,Bascule prise d’élan à l’horizontale,elements,1,,oui,barres-asymetriques-54-p3-3-new,P3,,Courir bascule
Barres asymétriques,valorisation,Bascule prise d’élan à l’horizontale,elements,1,,oui,barres-asymetriques-54-p4-15,P4,,Bascule
Barres asymétriques,valorisation,Bascule prise d’élan à l’horizontale,elements,1,,oui,barres-asymetriques-54-p4-46,P4,,Bascule BS
Barres asymétriques,valorisation,Bascule prise d’élan à l’horizontale,elements,1,,oui,barres-asymetriques-54-p4-56,P4,,Bascule fixe
Barres asymétriques,valorisation,Bascule prise d’élan à l’horizontale,elements,1,,oui,barres-asymetriques-54-p5-23,P5,,Bascule coupée écart à la suspension même barre
Barres asymétriques,valorisation,Bascule prise d’élan à l’horizontale,elements,1,,oui,barres-asymetriques-54-p5-25,P5,,"1/2 tour (180°) bascule. Mains sur BI, balancé avant, 1/2 tour (180°) et bascule"
Barres asymétriques,valorisation,Bascule prise d’élan à l’horizontale,elements,1,,oui,barres-asymetriques-54-p5-51,P5,,Bascule faciale de l’appui libre
Barres asymétriques,valorisation,Bascule prise d’élan à l’horizontale,elements,1,,oui,barres-asymetriques-54-nomade-21,NOMADE,,1/2 tour bascule
Barres asymétriques,valorisation,Bascule prise d’élan à l’horizontale,elements,1,,oui,barres-asymetriques-54-nomade-28,NOMADE,,Saut bascule
Barres asymétriques,valorisation,1 sortie P3 (min.),elements,1,,,barres-asymetriques-52-p3-154,P3,Sorties,Elan vers l’avant et salto arrière groupé ou carpé
Barres asymétriques,valorisation,1 sortie P3 (min.),elements,1,,,barres-asymetriques-52-p4-157,P4,Sorties,Elan vers l’avant et salto arrière tendu
Barres asymétriques,valorisation,1 sortie P3 (min.),elements,1,,,barres-asymetriques-52-p5-157-plus,P5,Sorties,Sortie salto arrière tendu depuis le grand tour
Barres asymétriques,valorisation,1 sortie P3 (min.),elements,1,,,barres-asymetriques-52-p6-163,P6,Sorties,Salto arrière avec 1 tour (360°)
Barres asymétriques,valorisation,1 sortie P3 (min.),elements,1,,,barres-asymetriques-52-p7-166,P7,Sorties,"Double salto arrière groupé, carpé ou tendu"
Barres asymétriques,valorisation,1 sortie P3 (min.),elements,1,,,barres-asymetriques-52-p7-168,P7,Sorties,Salto arrière avec 3/2 tour ou +
Barres asymétriques,valorisation,1 sortie P3 (min.),elements,1,,,barres-asymetriques-56-p3-156,P3,Sorties,"De l’appui facial, sortie filée 1/2 tour(180°) BI ou BS"
Barres asymétriques,valorisation,1 sortie P3 (min.),elements,1,,,barres-asymetriques-56-p4-10-new,P4,Sorties,Elan circulaire groupé en avant (mains en supination)
Barres asymétriques,valorisation,1 sortie P3 (min.),elements,1,,,barres-asymetriques-56-p5-4-new,P5,Sorties,"Du filé ou du pieds-mains, élan par-dessous BI, contre mouvement avec envol arrivée à la suspension avant la verticale de la barre"
Barres asymétriques,valorisation,1 sortie P3 (min.),elements,1,,,barres-asymetriques-56-p6-106,P6,Sorties,Elan circulaire carpé ou groupé en arrière à l’ATR
Barres asymétriques,valorisation,1 élément en balancé av ou arr (hors sortie),elements,1,,,barres-asymetriques-52-pre-requis-5-new,PRÉ-REQUIS,,Balancés avant BI jambes fléchies
Barres asymétriques,valorisation,1 élément en balancé av ou arr (hors sortie),elements,1,,,barres-asymetriques-52-pre-requis-7-new,PRÉ-REQUIS,,Balancé avant avec placement en position arrière par l’entraineur
Barres asymétriques,valorisation,1 élément en balancé av ou arr (hors sortie),elements,1,,,barres-asymetriques-52-p1-6-new,P1,,Courbe avant statique
Barres asymétriques,valorisation,1 élément en balancé av ou arr (hors sortie),elements,1,,,barres-asymetriques-52-p2-115,P2,,Du balancé avant 1/2 tour au dessus de 45°
Barres asymétriques,valorisation,1 élément en balancé av ou arr (hors sortie),elements,1,,,barres-asymetriques-52-p2-117,P2,,Balancé avant à l’horizontale
Barres asymétriques,valorisation,1 élément en balancé av ou arr (hors sortie),elements,1,,,barres-asymetriques-52-p3-44,P3,,Grande culbute
Barres asymétriques,valorisation,1 élément en balancé av ou arr (hors sortie),elements,1,,,barres-asymetriques-52-p4-8-new,P4,,Grande culbute à l’appui libre à l’horizontale
Barres asymétriques,valorisation,1 élément en balancé av ou arr (hors sortie),elements,1,,,barres-asymetriques-52-p5-124,P5,,Grand tour en arrière 360°(Soleil)
Barres asymétriques,valorisation,1 élément en balancé av ou arr (hors sortie),elements,1,,,barres-asymetriques-52-p5-137,P5,,"Shoushounova Départ libre pieds/mains, filer ou suspension,"
Barres asymétriques,valorisation,1 élément en balancé av ou arr (hors sortie),elements,1,,,barres-asymetriques-52-p6-127,P6,,Grand tour arrière 1/2 tour (180°) à l’ATR
Barres asymétriques,valorisation,1 élément en balancé av ou arr (hors sortie),elements,1,,,barres-asymetriques-52-p6-140,P6,,Salto arrière entre les barres arrivée suspension BI (salto Pak)
Barres asymétriques,valorisation,1 élément en balancé av ou arr (hors sortie),elements,1,,,barres-asymetriques-52-p7-130,P7,,Grand tour arrière
Barres asymétriques,valorisation,1 élément en balancé av ou arr (hors sortie),elements,1,,,barres-asymetriques-52-p7-142,P7,,"Shoushounova à l’ATR. Départ libre (pieds/mains, filer ou suspension), élan par-dessous BS avec 1/2 tour (180°) et envol par-dessus BI à l’ATR BI"
Barres asymétriques,valorisation,1 élément en balancé av ou arr (hors sortie),elements,1,,,barres-asymetriques-52-p7-143,P7,,Gienger. Elancer en avant et salto arrière carpé ou tendu avec 1/2 tour
Barres asymétriques,valorisation,1 élément en balancé av ou arr (hors sortie),elements,1,,,barres-asymetriques-52-nomade-22,NOMADE,,Franchissement écart. Saut écart par impulsion des mains par-dessus BI à la suspension BS
Barres asymétriques,valorisation,1 élément en balancé av ou arr (hors sortie),elements,1,,,barres-asymetriques-53-pre-requis-13,PRÉ-REQUIS,,Balancés arrière BI jambes fléchies
Barres asymétriques,valorisation,1 élément en balancé av ou arr (hors sortie),elements,1,,,barres-asymetriques-53-p1-12-new,P1,,Courbe arrière statique
Barres asymétriques,valorisation,1 élément en balancé av ou arr (hors sortie),elements,1,,,barres-asymetriques-53-p2-116,P2,,Balancé arrière
Barres asymétriques,valorisation,1 élément en balancé av ou arr (hors sortie),elements,1,,,barres-asymetriques-53-p2-14-new,P2,,De la suspension fermeture + filé
Barres asymétriques,valorisation,1 élément en balancé av ou arr (hors sortie),elements,1,,,barres-asymetriques-53-p3-52,P3,,Grand rétablissement
Barres asymétriques,valorisation,1 élément en balancé av ou arr (hors sortie),elements,1,,,barres-asymetriques-53-p5-136,P5,,Retrait. De la suspension passer écarté avec envol en arrière par-dessus BI à la suspension BI
Barres asymétriques,valorisation,1 élément en balancé av ou arr (hors sortie),elements,1,,,barres-asymetriques-53-p5-141,P5,,Voronin
Barres asymétriques,valorisation,1 élément en balancé av ou arr (hors sortie),elements,1,,,barres-asymetriques-53-p5-55,P5,,Grand rétablissement à l’appui libre
Barres asymétriques,valorisation,1 élément en balancé av ou arr (hors sortie),elements,1,,,barres-asymetriques-53-p7-132,P7,,"Lune, grand tour avant, avec ou sans 1/2 tour"
Barres asymétriques,valorisation,1 élément en balancé av ou arr (hors sortie),elements,1,,,barres-asymetriques-53-p7-139,P7,,Retrait à l’ATR. De la suspension passer écarté avec envol en arrière par-dessus BI à l’ATR BI
Barres asymétriques,valorisation,1 élément en balancé av ou arr (hors sortie),elements,1,,,barres-asymetriques-53-p7-144,P7,,"Jaeger – Elancer en arrière et salto avant groupé, carpé, tendu ou écart à la suspension"
Barres asymétriques,valorisation,1 élément en balancé av ou arr (hors sortie),elements,1,,,barres-asymetriques-53-p7-58,P7,,Grand rétablissement passement filé à l’ATR
Barres asymétriques,valorisation,1 élément en balancé av ou arr (hors sortie),elements,1,,,barres-asymetriques-53-nomade-161,NOMADE,,"Salto avant groupé, carpé ou tendu ou avec 1/2 tour"
Barres asymétriques,valorisation,2 élements P3 (min.),elements,2,,,barres-asymetriques-52-p3-154,P3,Sorties,Elan vers l’avant et salto arrière groupé ou carpé
Barres asymétriques,valorisation,2 élements P3 (min.),elements,2,,,barres-asymetriques-52-p3-44,P3,,Grande culbute
Barres asymétriques,valorisation,2 élements P3 (min.),elements,2,,,barres-asymetriques-52-p4-157,P4,Sorties,Elan vers l’avant et salto arrière tendu
Barres asymétriques,valorisation,2 élements P3 (min.),elements,2,,,barres-asymetriques-52-p4-8-new,P4,,Grande culbute à l’appui libre à l’horizontale
Barres asymétriques,valorisation,2 élements P3 (min.),elements,2,,,barres-asymetriques-52-p5-124,P5,,Grand tour en arrière 360°(Soleil)
Barres asymétriques,valorisation,2 élements P3 (min.),elements,2,,,barres-asymetriques-52-p5-137,P5,,"Shoushounova Départ libre pieds/mains, filer ou suspension,"
Barres asymétriques,valorisation,2 élements P3 (min.),elements,2,,,barres-asymetriques-52-p5-157-plus,P5,Sorties,Sortie salto arrière tendu depuis le grand tour
Barres asymétriques,valorisation,2 élements P3 (min.),elements,2,,,barres-asymetriques-52-p6-127,P6,,Grand tour arrière 1/2 tour (180°) à l’ATR
Barres asymétriques,valorisation,2 élements P3 (min.),elements,2,,,barres-asymetriques-52-p6-140,P6,,Salto arrière entre les barres arrivée suspension BI (salto Pak)
Barres asymétriques,valorisation,2 élements P3 (min.),elements,2,,,barres-asymetriques-52-p6-163,P6,Sorties,Salto arrière avec 1 tour (360°)
Barres asymétriques,valorisation,2 élements P3 (min.),elements,2,,,barres-asymetriques-52-p7-130,P7,,Grand tour arrière
Barres asymétriques,valorisation,2 élements P3 (min.),elements,2,,,barres-asymetriques-52-p7-142,P7,,"Shoushounova à l’ATR. Départ libre (pieds/mains, filer ou suspension), élan par-dessous BS avec 1/2 tour (180°) et envol par-dessus BI à l’ATR BI"
Barres asymétriques,valorisation,2 élements P3 (min.),elements,2,,,barres-asymetriques-52-p7-143,P7,,Gienger. Elancer en avant et salto arrière carpé ou tendu avec 1/2 tour
Barres asymétriques,valorisation,2 élements P3 (min.),elements,2,,,barres-asymetriques-52-p7-166,P7,Sorties,"Double salto arrière groupé, carpé ou tendu"
Barres asymétriques,valorisation,2 élements P3 (min.),elements,2,,,barres-asymetriques-52-p7-168,P7,Sorties,Salto arrière avec 3/2 tour ou +
Barres asymétriques,valorisation,2 élements P3 (min.),elements,2,,,barres-asymetriques-53-p3-52,P3,,Grand rétablissement
Barres asymétriques,valorisation,2 élements P3 (min.),elements,2,,,barres-asymetriques-53-p5-136,P5,,Retrait. De la suspension passer écarté avec envol en arrière par-dessus BI à la suspension BI
Barres asymétriques,valorisation,2 élements P3 (min.),elements,2,,,barres-asymetriques-53-p5-141,P5,,Voronin
Barres asymétriques,valorisation,2 élements P3 (min.),elements,2,,,barres-asymetriques-53-p5-55,P5,,Grand rétablissement à l’appui libre
Barres asymétriques,valorisation,2 élements P3 (min.),elements,2,,,barres-asymetriques-53-p7-132,P7,,"Lune, grand tour avant, avec ou sans 1/2 tour"
Barres asymétriques,valorisation,2 élements P3 (min.),elements,2,,,barres-asymetriques-53-p7-139,P7,,Retrait à l’ATR. De la suspension passer écarté avec envol en arrière par-dessus BI à l’ATR BI
Barres asymétriques,valorisation,2 élements P3 (min.),elements,2,,,barres-asymetriques-53-p7-144,P7,,"Jaeger – Elancer en arrière et salto avant groupé, carpé, tendu ou écart à la suspension"
Barres asymétriques,valorisation,2 élements P3 (min.),elements,2,,,barres-asymetriques-53-p7-58,P7,,Grand rétablissement passement filé à l’ATR
Barres asymétriques,valorisation,2 élements P3 (min.),elements,2,,,barres-asymetriques-54-p3-3-new,P3,,Courir bascule
Barres asymétriques,valorisation,2 élements P3 (min.),elements,2,,,barres-asymetriques-54-p4-15,P4,,Bascule
Barres asymétriques,valorisation,2 élements P3 (min.),elements,2,,,barres-asymetriques-54-p4-46,P4,,Bascule BS
Barres asymétriques,valorisation,2 élements P3 (min.),elements,2,,,barres-asymetriques-54-p4-56,P4,,Bascule fixe
Barres asymétriques,valorisation,2 élements P3 (min.),elements,2,,,barres-asymetriques-54-p5-23,P5,,Bascule coupée écart à la suspension même barre
Barres asymétriques,valorisation,2 élements P3 (min.),elements,2,,,barres-asymetriques-54-p5-25,P5,,"1/2 tour (180°) bascule. Mains sur BI, balancé avant, 1/2 tour (180°) et bascule"
Barres asymétriques,valorisation,2 élements P3 (min.),elements,2,,,barres-asymetriques-54-p5-51,P5,,Bascule faciale de l’appui libre
Barres asymétriques,valorisation,2 élements P3 (min.),elements,2,,,barres-asymetriques-54-p6-53,P6,,"De l’appui facial, pose de pieds puis 3/4 de tour (270°) circulaire groupé, carpé ou écarté en avant BI"
Barres asymétriques,valorisation,2 élements P3 (min.),elements,2,,,barres-asymetriques-55-p4-71,P4,,"De l’appui facial, pose des pieds jambes tendues serrées ou écartées"
Barres asymétriques,valorisation,2 élements P3 (min.),elements,2,,,barres-asymetriques-55-p5-73,P5,,Elan en arrière à l’ATR avec jambes écartées (corps carpé)
Barres asymétriques,valorisation,2 élements P3 (min.),elements,2,,,barres-asymetriques-55-p5-76,P5,,Elan en arrière à l’ATR avec jambes serrées (corps tendu)
Barres asymétriques,valorisation,2 élements P3 (min.),elements,2,,,barres-asymetriques-55-p6-27,P6,,Saut poisson jambes serrées par-dessus BI avec impulsion des mains à la suspensions BS
Barres asymétriques,valorisation,2 élements P3 (min.),elements,2,,,barres-asymetriques-55-p6-79,P6,,Elan en arrière à l’ATR avec jambes écartées (corps carpé) avec 1/2 tour
Barres asymétriques,valorisation,2 élements P3 (min.),elements,2,,,barres-asymetriques-55-p6-82,P6,,Elan en arrière à l’ATR et 1/2 tour (180°) minimum
Barres asymétriques,valorisation,2 élements P3 (min.),elements,2,,,barres-asymetriques-56-p3-156,P3,Sorties,"De l’appui facial, sortie filée 1/2 tour(180°) BI ou BS"
Barres asymétriques,valorisation,2 élements P3 (min.),elements,2,,,barres-asymetriques-56-p3-98,P3,,"De l’ATR, ou de l’appui facial, pose des pieds puis élan circulaire carpé ou groupé en arrière BI ou BS"
Barres asymétriques,valorisation,2 élements P3 (min.),elements,2,,,barres-asymetriques-56-p4-10-new,P4,Sorties,Elan circulaire groupé en avant (mains en supination)
Barres asymétriques,valorisation,2 élements P3 (min.),elements,2,,,barres-asymetriques-56-p4-100,P4,,Tour d’appui arrière libre à l’appui libre au-dessus de l’horizontale
Barres asymétriques,valorisation,2 élements P3 (min.),elements,2,,,barres-asymetriques-56-p4-9-new,P4,,Tour avant libre (mains en supination)
Barres asymétriques,valorisation,2 élements P3 (min.),elements,2,,,barres-asymetriques-56-p5-4-new,P5,Sorties,"Du filé ou du pieds-mains, élan par-dessous BI, contre mouvement avec envol arrivée à la suspension avant la verticale de la barre"
Barres asymétriques,valorisation,2 élements P3 (min.),elements,2,,,barres-asymetriques-56-p6-103,P6,,Passement filé. Tour d’appui arrière libre à l’ATR
Barres asymétriques,valorisation,2 élements P3 (min.),elements,2,,,barres-asymetriques-56-p6-106,P6,Sorties,Elan circulaire carpé ou groupé en arrière à l’ATR
Barres asymétriques,valorisation,2 élements P3 (min.),elements,2,,,barres-asymetriques-56-p6-107,P6,,Stälder à l’ATR. Elan circulaire facial jambes écartées en arrière BI ou BS à l’ATR
Barres asymétriques,valorisation,2 élements P3 (min.),elements,2,,,barres-asymetriques-56-p7-11-new,P7,,Shaposhnikova
Barres asymétriques,valorisation,Bascule P4 prise d’élan au dessus de l’horizontale,elements,1,,oui,barres-asymetriques-54-p4-15,P4,,Bascule
Barres asymétriques,valorisation,Bascule P4 prise d’élan au dessus de l’horizontale,elements,1,,oui,barres-asymetriques-54-p4-46,P4,,Bascule BS
Barres asymétriques,valorisation,Bascule P4 prise d’élan au dessus de l’horizontale,elements,1,,oui,barres-asymetriques-54-p4-56,P4,,Bascule fixe
Barres asymétriques,valorisation,1 sortie P4 (min.),elements,1,,,barres-asymetriques-52-p4-157,P4,Sorties,Elan vers l’avant et salto arrière tendu
Barres asymétriques,valorisation,1 sortie P4 (min.),elements,1,,,barres-asymetriques-52-p5-157-plus,P5,Sorties,Sortie salto arrière tendu depuis le grand tour
Barres asymétriques,valorisation,1 sortie P4 (min.),elements,1,,,barres-asymetriques-52-p6-163,P6,Sorties,Salto arrière avec 1 tour (360°)
Barres asymétriques,valorisation,1 sortie P4 (min.),elements,1,,,barres-asymetriques-52-p7-166,P7,Sorties,"Double salto arrière groupé, carpé ou tendu"
Barres asymétriques,valorisation,1 sortie P4 (min.),elements,1,,,barres-asymetriques-52-p7-168,P7,Sorties,Salto arrière avec 3/2 tour ou +
Barres asymétriques,valorisation,1 sortie P4 (min.),elements,1,,,barres-asymetriques-56-p4-10-new,P4,Sorties,Elan circulaire groupé en avant (mains en supination)
Barres asymétriques,valorisation,1 sortie P4 (min.),elements,1,,,barres-asymetriques-56-p5-4-new,P5,Sorties,"Du filé ou du pieds-mains, élan par-dessous BI, contre mouvement avec envol arrivée à la suspension avant la verticale de la barre"
Barres asymétriques,valorisation,1 sortie P4 (min.),elements,1,,,barres-asymetriques-56-p6-106,P6,Sorties,Elan circulaire carpé ou groupé en arrière à l’ATR
Barres asymétriques,valorisation,1 élément P4 (min.),elements,1,,,barres-asymetriques-52-p4-157,P4,Sorties,Elan vers l’avant et salto arrière tendu
Barres asymétriques,valorisation,1 élément P4 (min.),elements,1,,,barres-asymetriques-52-p4-8-new,P4,,Grande culbute à l’appui libre à l’horizontale
Barres asymétriques,valorisation,1 élément P4 (min.),elements,1,,,barres-asymetriques-52-p5-124,P5,,Grand tour en arrière 360°(Soleil)
Barres asymétriques,valorisation,1 élément P4 (min.),elements,1,,,barres-asymetriques-52-p5-137,P5,,"Shoushounova Départ libre pieds/mains, filer ou suspension,"
Barres asymétriques,valorisation,1 élément P4 (min.),elements,1,,,barres-asymetriques-52-p5-157-plus,P5,Sorties,Sortie salto arrière tendu depuis le grand tour
Barres asymétriques,valorisation,1 élément P4 (min.),elements,1,,,barres-asymetriques-52-p6-127,P6,,Grand tour arrière 1/2 tour (180°) à l’ATR
Barres asymétriques,valorisation,1 élément P4 (min.),elements,1,,,barres-asymetriques-52-p6-140,P6,,Salto arrière entre les barres arrivée suspension BI (salto Pak)
Barres asymétriques,valorisation,1 élément P4 (min.),elements,1,,,barres-asymetriques-52-p6-163,P6,Sorties,Salto arrière avec 1 tour (360°)
Barres asymétriques,valorisation,1 élément P4 (min.),elements,1,,,barres-asymetriques-52-p7-130,P7,,Grand tour arrière
Barres asymétriques,valorisation,1 élément P4 (min.),elements,1,,,barres-asymetriques-52-p7-142,P7,,"Shoushounova à l’ATR. Départ libre (pieds/mains, filer ou suspension), élan par-dessous BS avec 1/2 tour (180°) et envol par-dessus BI à l’ATR BI"
Barres asymétriques,valorisation,1 élément P4 (min.),elements,1,,,barres-asymetriques-52-p7-143,P7,,Gienger. Elancer en avant et salto arrière carpé ou tendu avec 1/2 tour
Barres asymétriques,valorisation,1 élément P4 (min.),elements,1,,,barres-asymetriques-52-p7-166,P7,Sorties,"Double salto arrière groupé, carpé ou tendu"
Barres asymétriques,valorisation,1 élément P4 (min.),elements,1,,,barres-asymetriques-52-p7-168,P7,Sorties,Salto arrière avec 3/2 tour ou +
Barres asymétriques,valorisation,1 élément P4 (min.),elements,1,,,barres-asymetriques-53-p5-136,P5,,Retrait. De la suspension passer écarté avec envol en arrière par-dessus BI à la suspension BI
Barres asymétriques,valorisation,1 élément P4 (min.),elements,1,,,barres-asymetriques-53-p5-141,P5,,Voronin
Barres asymétriques,valorisation,1 élément P4 (min.),elements,1,,,barres-asymetriques-53-p5-55,P5,,Grand rétablissement à l’appui libre
Barres asymétriques,valorisation,1 élément P4 (min.),elements,1,,,barres-asymetriques-53-p7-132,P7,,"Lune, grand tour avant, avec ou sans 1/2 tour"
Barres asymétriques,valorisation,1 élément P4 (min.),elements,1,,,barres-asymetriques-53-p7-139,P7,,Retrait à l’ATR. De la suspension passer écarté avec envol en arrière par-dessus BI à l’ATR BI
Barres asymétriques,valorisation,1 élément P4 (min.),elements,1,,,barres-asymetriques-53-p7-144,P7,,"Jaeger – Elancer en arrière et salto avant groupé, carpé, tendu ou écart à la suspension"
Barres asymétriques,valorisation,1 élément P4 (min.),elements,1,,,barres-asymetriques-53-p7-58,P7,,Grand rétablissement passement filé à l’ATR
Barres asymétriques,valorisation,1 élément P4 (min.),elements,1,,,barres-asymetriques-54-p4-15,P4,,Bascule
Barres asymétriques,valorisation,1 élément P4 (min.),elements,1,,,barres-asymetriques-54-p4-46,P4,,Bascule BS
Barres asymétriques,valorisation,1 élément P4 (min.),elements,1,,,barres-asymetriques-54-p4-56,P4,,Bascule fixe
Barres asymétriques,valorisation,1 élément P4 (min.),elements,1,,,barres-asymetriques-54-p5-23,P5,,Bascule coupée écart à la suspension même barre
Barres asymétriques,valorisation,1 élément P4 (min.),elements,1,,,barres-asymetriques-54-p5-25,P5,,"1/2 tour (180°) bascule. Mains sur BI, balancé avant, 1/2 tour (180°) et bascule"
Barres asymétriques,valorisation,1 élément P4 (min.),elements,1,,,barres-asymetriques-54-p5-51,P5,,Bascule faciale de l’appui libre
Barres asymétriques,valorisation,1 élément P4 (min.),elements,1,,,barres-asymetriques-54-p6-53,P6,,"De l’appui facial, pose de pieds puis 3/4 de tour (270°) circulaire groupé, carpé ou écarté en avant BI"
Barres asymétriques,valorisation,1 élément P4 (min.),elements,1,,,barres-asymetriques-55-p4-71,P4,,"De l’appui facial, pose des pieds jambes tendues serrées ou écartées"
Barres asymétriques,valorisation,1 élément P4 (min.),elements,1,,,barres-asymetriques-55-p5-73,P5,,Elan en arrière à l’ATR avec jambes écartées (corps carpé)
Barres asymétriques,valorisation,1 élément P4 (min.),elements,1,,,barres-asymetriques-55-p5-76,P5,,Elan en arrière à l’ATR avec jambes serrées (corps tendu)
Barres asymétriques,valorisation,1 élément P4 (min.),elements,1,,,barres-asymetriques-55-p6-27,P6,,Saut poisson jambes serrées par-dessus BI avec impulsion des mains à la suspensions BS
Barres asymétriques,valorisation,1 élément P4 (min.),elements,1,,,barres-asymetriques-55-p6-79,P6,,Elan en arrière à l’ATR avec jambes écartées (corps carpé) avec 1/2 tour
Barres asymétriques,valorisation,1 élément P4 (min.),elements,1,,,barres-asymetriques-55-p6-82,P6,,Elan en arrière à l’ATR et 1/2 tour (180°) minimum
Barres asymétriques,valorisation,1 élément P4 (min.),elements,1,,,barres-asymetriques-56-p4-10-new,P4,Sorties,Elan circulaire groupé en avant (mains en supination)
Barres asymétriques,valorisation,1 élément P4 (min.),elements,1,,,barres-asymetriques-56-p4-100,P4,,Tour d’appui arrière libre à l’appui libre au-dessus de l’horizontale
Barres asymétriques,valorisation,1 élément P4 (min.),elements,1,,,barres-asymetriques-56-p4-9-new,P4,,Tour avant libre (mains en supination)
Barres asymétriques,valorisation,1 élément P4 (min.),elements,1,,,barres-asymetriques-56-p5-4-new,P5,Sorties,"Du filé ou du pieds-mains, élan par-dessous BI, contre mouvement avec envol arrivée à la suspension avant la verticale de la barre"
Barres asymétriques,valorisation,1 élément P4 (min.),elements,1,,,barres-asymetriques-56-p6-103,P6,,Passement filé. Tour d’appui arrière libre à l’ATR
Barres asymétriques,valorisation,1 élément P4 (min.),elements,1,,,barres-asymetriques-56-p6-106,P6,Sorties,Elan circulaire carpé ou groupé en arrière à l’ATR
Barres asymétriques,valorisation,1 élément P4 (min.),elements,1,,,barres-asymetriques-56-p6-107,P6,,Stälder à l’ATR. Elan circulaire facial jambes écartées en arrière BI ou BS à l’ATR
Barres asymétriques,valorisation,1 élément P4 (min.),elements,1,,,barres-asymetriques-56-p7-11-new,P7,,Shaposhnikova
Barres asymétriques,valorisation,1 rotation P4 (min.),elements,1,,,barres-asymetriques-56-p4-10-new,P4,Sorties,Elan circulaire groupé en avant (mains en supination)
Barres asymétriques,valorisation,1 rotation P4 (min.),elements,1,,,barres-asymetriques-56-p4-100,P4,,Tour d’appui arrière libre à l’appui libre au-dessus de l’horizontale
Barres asymétriques,valorisation,1 rotation P4 (min.),elements,1,,,barres-asymetriques-56-p4-9-new,P4,,Tour avant libre (mains en supination)
Barres asymétriques,valorisation,1 rotation P4 (min.),elements,1,,,barres-asymetriques-56-p5-4-new,P5,Sorties,"Du filé ou du pieds-mains, élan par-dessous BI, contre mouvement avec envol arrivée à la suspension avant la verticale de la barre"
Barres asymétriques,valorisation,1 rotation P4 (min.),elements,1,,,barres-asymetriques-56-p6-103,P6,,Passement filé. Tour d’appui arrière libre à l’ATR
Barres asymétriques,valorisation,1 rotation P4 (min.),elements,1,,,barres-asymetriques-56-p6-106,P6,Sorties,Elan circulaire carpé ou groupé en arrière à l’ATR
Barres asymétriques,valorisation,1 rotation P4 (min.),elements,1,,,barres-asymetriques-56-p6-107,P6,,Stälder à l’ATR. Elan circulaire facial jambes écartées en arrière BI ou BS à l’ATR
Barres asymétriques,valorisation,1 rotation P4 (min.),elements,1,,,barres-asymetriques-56-p7-11-new,P7,,Shaposhnikova
Barres asymétriques,valorisation,1 élément fini à l’ATR,elements,1,,oui,barres-asymetriques-52-p6-127,P6,,Grand tour arrière 1/2 tour (180°) à l’ATR
Barres asymétriques,valorisation,1 élément fini à l’ATR,elements,1,,oui,barres-asymetriques-52-p7-142,P7,,"Shoushounova à l’ATR. Départ libre (pieds/mains, filer ou suspension), élan par-dessous BS avec 1/2 tour (180°) et envol par-dessus BI à l’ATR BI"
Barres asymétriques,valorisation,1 élément fini à l’ATR,elements,1,,oui,barres-asymetriques-53-p7-139,P7,,Retrait à l’ATR. De la suspension passer écarté avec envol en arrière par-dessus BI à l’ATR BI
Barres asymétriques,valorisation,1 élément fini à l’ATR,elements,1,,oui,barres-asymetriques-53-p7-58,P7,,Grand rétablissement passement filé à l’ATR
Barres asymétriques,valorisation,1 élément fini à l’ATR,elements,1,,oui,barres-asymetriques-55-p5-73,P5,,Elan en arrière à l’ATR avec jambes écartées (corps carpé)
Barres asymétriques,valorisation,1 élément fini à l’ATR,elements,1,,oui,barres-asymetriques-55-p5-76,P5,,Elan en arrière à l’ATR avec jambes serrées (corps tendu)
Barres asymétriques,valorisation,1 élément fini à l’ATR,elements,1,,oui,barres-asymetriques-55-p6-79,P6,,Elan en arrière à l’ATR avec jambes écartées (corps carpé) avec 1/2 tour
Barres asymétriques,valorisation,1 élément fini à l’ATR,elements,1,,oui,barres-asymetriques-55-p6-82,P6,,Elan en arrière à l’ATR et 1/2 tour (180°) minimum
Barres asymétriques,valorisation,1 élément fini à l’ATR,elements,1,,oui,barres-asymetriques-56-p3-98,P3,,"De l’ATR, ou de l’appui facial, pose des pieds puis élan circulaire carpé ou groupé en arrière BI ou BS"
Barres asymétriques,valorisation,1 élément fini à l’ATR,elements,1,,oui,barres-asymetriques-56-p6-103,P6,,Passement filé. Tour d’appui arrière libre à l’ATR
Barres asymétriques,valorisation,1 élément fini à l’ATR,elements,1,,oui,barres-asymetriques-56-p6-106,P6,Sorties,Elan circulaire carpé ou groupé en arrière à l’ATR
Barres asymétriques,valorisation,1 élément fini à l’ATR,elements,1,,oui,barres-asymetriques-56-p6-107,P6,,Stälder à l’ATR. Elan circulaire facial jambes écartées en arrière BI ou BS à l’ATR
Barres asymétriques,valorisation,1 sortie P4 (min.) amené du balancé,elements,1,,,barres-asymetriques-52-p4-157,P4,Sorties,Elan vers l’avant et salto arrière tendu
Barres asymétriques,valorisation,1 sortie P4 (min.) amené du balancé,elements,1,,,barres-asymetriques-52-p5-157-plus,P5,Sorties,Sortie salto arrière tendu depuis le grand tour
Barres asymétriques,valorisation,1 sortie P4 (min.) amené du balancé,elements,1,,,barres-asymetriques-52-p6-163,P6,Sorties,Salto arrière avec 1 tour (360°)
Barres asymétriques,valorisation,1 sortie P4 (min.) amené du balancé,elements,1,,,barres-asymetriques-52-p7-166,P7,Sorties,"Double salto arrière groupé, carpé ou tendu"
Barres asymétriques,valorisation,1 sortie P4 (min.) amené du balancé,elements,1,,,barres-asymetriques-52-p7-168,P7,Sorties,Salto arrière avec 3/2 tour ou +
Barres asymétriques,exigence,1 élément à l’ATR,elements,1,,,barres-asymetriques-52-p6-127,P6,,Grand tour arrière 1/2 tour (180°) à l’ATR
Barres asymétriques,exigence,1 élément à l’ATR,elements,1,,,barres-asymetriques-52-p7-142,P7,,"Shoushounova à l’ATR. Départ libre (pieds/mains, filer ou suspension), élan par-dessous BS avec 1/2 tour (180°) et envol par-dessus BI à l’ATR BI"
Barres asymétriques,exigence,1 élément à l’ATR,elements,1,,,barres-asymetriques-53-p7-139,P7,,Retrait à l’ATR. De la suspension passer écarté avec envol en arrière par-dessus BI à l’ATR BI
Barres asymétriques,exigence,1 élément à l’ATR,elements,1,,,barres-asymetriques-53-p7-58,P7,,Grand rétablissement passement filé à l’ATR
Barres asymétriques,exigence,1 élément à l’ATR,elements,1,,,barres-asymetriques-55-p5-73,P5,,Elan en arrière à l’ATR avec jambes écartées (corps carpé)
Barres asymétriques,exigence,1 élément à l’ATR,elements,1,,,barres-asymetriques-55-p5-76,P5,,Elan en arrière à l’ATR avec jambes serrées (corps tendu)
Barres asymétriques,exigence,1 élément à l’ATR,elements,1,,,barres-asymetriques-55-p6-79,P6,,Elan en arrière à l’ATR avec jambes écartées (corps carpé) avec 1/2 tour
Barres asymétriques,exigence,1 élément à l’ATR,elements,1,,,barres-asymetriques-55-p6-82,P6,,Elan en arrière à l’ATR et 1/2 tour (180°) minimum
Barres asymétriques,exigence,1 élément à l’ATR,elements,1,,,barres-asymetriques-56-p3-98,P3,,"De l’ATR, ou de l’appui facial, pose des pieds puis élan circulaire carpé ou groupé en arrière BI ou BS"
Barres asymétriques,exigence,1 élément à l’ATR,elements,1,,,barres-asymetriques-56-p6-103,P6,,Passement filé. Tour d’appui arrière libre à l’ATR
Barres asymétriques,exigence,1 élément à l’ATR,elements,1,,,barres-asymetriques-56-p6-106,P6,Sorties,Elan circulaire carpé ou groupé en arrière à l’ATR
Barres asymétriques,exigence,1 élément à l’ATR,elements,1,,,barres-asymetriques-56-p6-107,P6,,Stälder à l’ATR. Elan circulaire facial jambes écartées en arrière BI ou BS à l’ATR
Barres asymétriques,valorisation,1 grand tour,elements,1,,,barres-asymetriques-52-p5-124,P5,,Grand tour en arrière 360°(Soleil)
Barres asymétriques,valorisation,1 grand tour,elements,1,,,barres-asymetriques-52-p5-157-plus,P5,Sorties,Sortie salto arrière tendu depuis le grand tour
Barres asymétriques,valorisation,1 grand tour,elements,1,,,barres-asymetriques-52-p6-127,P6,,Grand tour arrière 1/2 tour (180°) à l’ATR
Barres asymétriques,valorisation,1 grand tour,elements,1,,,barres-asymetriques-52-p7-130,P7,,Grand tour arrière
Barres asymétriques,valorisation,1 grand tour,elements,1,,,barres-asymetriques-53-p7-132,P7,,"Lune, grand tour avant, avec ou sans 1/2 tour"
Barres asymétriques,valorisation,1 élément P5 (min.),elements,1,,,barres-asymetriques-52-p5-124,P5,,Grand tour en arrière 360°(Soleil)
Barres asymétriques,valorisation,1 élément P5 (min.),elements,1,,,barres-asymetriques-52-p5-137,P5,,"Shoushounova Départ libre pieds/mains, filer ou suspension,"
Barres asymétriques,valorisation,1 élément P5 (min.),elements,1,,,barres-asymetriques-52-p5-157-plus,P5,Sorties,Sortie salto arrière tendu depuis le grand tour
Barres asymétriques,valorisation,1 élément P5 (min.),elements,1,,,barres-asymetriques-52-p6-127,P6,,Grand tour arrière 1/2 tour (180°) à l’ATR
Barres asymétriques,valorisation,1 élément P5 (min.),elements,1,,,barres-asymetriques-52-p6-140,P6,,Salto arrière entre les barres arrivée suspension BI (salto Pak)
Barres asymétriques,valorisation,1 élément P5 (min.),elements,1,,,barres-asymetriques-52-p6-163,P6,Sorties,Salto arrière avec 1 tour (360°)
Barres asymétriques,valorisation,1 élément P5 (min.),elements,1,,,barres-asymetriques-52-p7-130,P7,,Grand tour arrière
Barres asymétriques,valorisation,1 élément P5 (min.),elements,1,,,barres-asymetriques-52-p7-142,P7,,"Shoushounova à l’ATR. Départ libre (pieds/mains, filer ou suspension), élan par-dessous BS avec 1/2 tour (180°) et envol par-dessus BI à l’ATR BI"
Barres asymétriques,valorisation,1 élément P5 (min.),elements,1,,,barres-asymetriques-52-p7-143,P7,,Gienger. Elancer en avant et salto arrière carpé ou tendu avec 1/2 tour
Barres asymétriques,valorisation,1 élément P5 (min.),elements,1,,,barres-asymetriques-52-p7-166,P7,Sorties,"Double salto arrière groupé, carpé ou tendu"
Barres asymétriques,valorisation,1 élément P5 (min.),elements,1,,,barres-asymetriques-52-p7-168,P7,Sorties,Salto arrière avec 3/2 tour ou +
Barres asymétriques,valorisation,1 élément P5 (min.),elements,1,,,barres-asymetriques-53-p5-136,P5,,Retrait. De la suspension passer écarté avec envol en arrière par-dessus BI à la suspension BI
Barres asymétriques,valorisation,1 élément P5 (min.),elements,1,,,barres-asymetriques-53-p5-141,P5,,Voronin
Barres asymétriques,valorisation,1 élément P5 (min.),elements,1,,,barres-asymetriques-53-p5-55,P5,,Grand rétablissement à l’appui libre
Barres asymétriques,valorisation,1 élément P5 (min.),elements,1,,,barres-asymetriques-53-p7-132,P7,,"Lune, grand tour avant, avec ou sans 1/2 tour"
Barres asymétriques,valorisation,1 élément P5 (min.),elements,1,,,barres-asymetriques-53-p7-139,P7,,Retrait à l’ATR. De la suspension passer écarté avec envol en arrière par-dessus BI à l’ATR BI
Barres asymétriques,valorisation,1 élément P5 (min.),elements,1,,,barres-asymetriques-53-p7-144,P7,,"Jaeger – Elancer en arrière et salto avant groupé, carpé, tendu ou écart à la suspension"
Barres asymétriques,valorisation,1 élément P5 (min.),elements,1,,,barres-asymetriques-53-p7-58,P7,,Grand rétablissement passement filé à l’ATR
Barres asymétriques,valorisation,1 élément P5 (min.),elements,1,,,barres-asymetriques-54-p5-23,P5,,Bascule coupée écart à la suspension même barre
Barres asymétriques,valorisation,1 élément P5 (min.),elements,1,,,barres-asymetriques-54-p5-25,P5,,"1/2 tour (180°) bascule. Mains sur BI, balancé avant, 1/2 tour (180°) et bascule"
Barres asymétriques,valorisation,1 élément P5 (min.),elements,1,,,barres-asymetriques-54-p5-51,P5,,Bascule faciale de l’appui libre
Barres asymétriques,valorisation,1 élément P5 (min.),elements,1,,,barres-asymetriques-54-p6-53,P6,,"De l’appui facial, pose de pieds puis 3/4 de tour (270°) circulaire groupé, carpé ou écarté en avant BI"
Barres asymétriques,valorisation,1 élément P5 (min.),elements,1,,,barres-asymetriques-55-p5-73,P5,,Elan en arrière à l’ATR avec jambes écartées (corps carpé)
Barres asymétriques,valorisation,1 élément P5 (min.),elements,1,,,barres-asymetriques-55-p5-76,P5,,Elan en arrière à l’ATR avec jambes serrées (corps tendu)
Barres asymétriques,valorisation,1 élément P5 (min.),elements,1,,,barres-asymetriques-55-p6-27,P6,,Saut poisson jambes serrées par-dessus BI avec impulsion des mains à la suspensions BS
Barres asymétriques,valorisation,1 élément P5 (min.),elements,1,,,barres-asymetriques-55-p6-79,P6,,Elan en arrière à l’ATR avec jambes écartées (corps carpé) avec 1/2 tour
Barres asymétriques,valorisation,1 élément P5 (min.),elements,1,,,barres-asymetriques-55-p6-82,P6,,Elan en arrière à l’ATR et 1/2 tour (180°) minimum
Barres asymétriques,valorisation,1 élément P5 (min.),elements,1,,,barres-asymetriques-56-p5-4-new,P5,Sorties,"Du filé ou du pieds-mains, élan par-dessous BI, contre mouvement avec envol arrivée à la suspension avant la verticale de la barre"
Barres asymétriques,valorisation,1 élément P5 (min.),elements,1,,,barres-asymetriques-56-p6-103,P6,,Passement filé. Tour d’appui arrière libre à l’ATR
Barres asymétriques,valorisation,1 élément P5 (min.),elements,1,,,barres-asymetriques-56-p6-106,P6,Sorties,Elan circulaire carpé ou groupé en arrière à l’ATR
Barres asymétriques,valorisation,1 élément P5 (min.),elements,1,,,barres-asymetriques-56-p6-107,P6,,Stälder à l’ATR. Elan circulaire facial jambes écartées en arrière BI ou BS à l’ATR
Barres asymétriques,valorisation,1 élément P5 (min.),elements,1,,,barres-asymetriques-56-p7-11-new,P7,,Shaposhnikova
Barres asymétriques,valorisation,Bascule avec un élément fini à l’ATR,elements,1,,oui,barres-asymetriques-54-p2-2-new,P2,,Balancé de bascule
Barres asymétriques,valorisation,Bascule avec un élément fini à l’ATR,elements,1,,oui,barres-asymetriques-54-p3-3-new,P3,,Courir bascule
Barres asymétriques,valorisation,Bascule avec un élément fini à l’ATR,elements,1,,oui,barres-asymetriques-54-p4-15,P4,,Bascule
Barres asymétriques,valorisation,Bascule avec un élément fini à l’ATR,elements,1,,oui,barres-asymetriques-54-p4-46,P4,,Bascule BS
Barres asymétriques,valorisation,Bascule avec un élément fini à l’ATR,elements,1,,oui,barres-asymetriques-54-p4-56,P4,,Bascule fixe
Barres asymétriques,valorisation,Bascule avec un élément fini à l’ATR,elements,1,,oui,barres-asymetriques-54-p5-23,P5,,Bascule coupée écart à la suspension même barre
Barres asymétriques,valorisation,Bascule avec un élément fini à l’ATR,elements,1,,oui,barres-asymetriques-54-p5-25,P5,,"1/2 tour (180°) bascule. Mains sur BI, balancé avant, 1/2 tour (180°) et bascule"
Barres asymétriques,valorisation,Bascule avec un élément fini à l’ATR,elements,1,,oui,barres-asymetriques-54-p5-51,P5,,Bascule faciale de l’appui libre
Barres asymétriques,valorisation,Bascule avec un élément fini à l’ATR,elements,1,,oui,barres-asymetriques-54-nomade-21,NOMADE,,1/2 tour bascule
Barres asymétriques,valorisation,Bascule avec un élément fini à l’ATR,elements,1,,oui,barres-asymetriques-54-nomade-28,NOMADE,,Saut bascule
Barres asymétriques,valorisation,1 sortie P5 (min.),elements,1,,,barres-asymetriques-52-p5-157-plus,P5,Sorties,Sortie salto arrière tendu depuis le grand tour
Barres asymétriques,valorisation,1 sortie P5 (min.),elements,1,,,barres-asymetriques-52-p6-163,P6,Sorties,Salto arrière avec 1 tour (360°)
Barres asymétriques,valorisation,1 sortie P5 (min.),elements,1,,,barres-asymetriques-52-p7-166,P7,Sorties,"Double salto arrière groupé, carpé ou tendu"
Barres asymétriques,valorisation,1 sortie P5 (min.),elements,1,,,barres-asymetriques-52-p7-168,P7,Sorties,Salto arrière avec 3/2 tour ou +
Barres asymétriques,valorisation,1 sortie P5 (min.),elements,1,,,barres-asymetriques-56-p5-4-new,P5,Sorties,"Du filé ou du pieds-mains, élan par-dessous BI, contre mouvement avec envol arrivée à la suspension avant la verticale de la barre"
Barres asymétriques,valorisation,1 sortie P5 (min.),elements,1,,,barres-asymetriques-56-p6-106,P6,Sorties,Elan circulaire carpé ou groupé en arrière à l’ATR
Barres asymétriques,exigence,2 éléments à l’ATR,elements,2,,,barres-asymetriques-52-p6-127,P6,,Grand tour arrière 1/2 tour (180°) à l’ATR
Barres asymétriques,exigence,2 éléments à l’ATR,elements,2,,,barres-asymetriques-52-p7-142,P7,,"Shoushounova à l’ATR. Départ libre (pieds/mains, filer ou suspension), élan par-dessous BS avec 1/2 tour (180°) et envol par-dessus BI à l’ATR BI"
Barres asymétriques,exigence,2 éléments à l’ATR,elements,2,,,barres-asymetriques-53-p7-139,P7,,Retrait à l’ATR. De la suspension passer écarté avec envol en arrière par-dessus BI à l’ATR BI
Barres asymétriques,exigence,2 éléments à l’ATR,elements,2,,,barres-asymetriques-53-p7-58,P7,,Grand rétablissement passement filé à l’ATR
Barres asymétriques,exigence,2 éléments à l’ATR,elements,2,,,barres-asymetriques-55-p5-73,P5,,Elan en arrière à l’ATR avec jambes écartées (corps carpé)
Barres asymétriques,exigence,2 éléments à l’ATR,elements,2,,,barres-asymetriques-55-p5-76,P5,,Elan en arrière à l’ATR avec jambes serrées (corps tendu)
Barres asymétriques,exigence,2 éléments à l’ATR,elements,2,,,barres-asymetriques-55-p6-79,P6,,Elan en arrière à l’ATR avec jambes écartées (corps carpé) avec 1/2 tour
Barres asymétriques,exigence,2 éléments à l’ATR,elements,2,,,barres-asymetriques-55-p6-82,P6,,Elan en arrière à l’ATR et 1/2 tour (180°) minimum
Barres asymétriques,exigence,2 éléments à l’ATR,elements,2,,,barres-asymetriques-56-p3-98,P3,,"De l’ATR, ou de l’appui facial, pose des pieds puis élan circulaire carpé ou groupé en arrière BI ou BS"
Barres asymétriques,exigence,2 éléments à l’ATR,elements,2,,,barres-asymetriques-56-p6-103,P6,,Passement filé. Tour d’appui arrière libre à l’ATR
Barres asymétriques,exigence,2 éléments à l’ATR,elements,2,,,barres-asymetriques-56-p6-106,P6,Sorties,Elan circulaire carpé ou groupé en arrière à l’ATR
Barres asymétriques,exigence,2 éléments à l’ATR,elements,2,,,barres-asymetriques-56-p6-107,P6,,Stälder à l’ATR. Elan circulaire facial jambes écartées en arrière BI ou BS à l’ATR
Barres asymétriques,valorisation,1 élément en balancé av ou arr P5 (min.) (hors sortie),elements,1,,,barres-asymetriques-52-p5-124,P5,,Grand tour en arrière 360°(Soleil)
Barres asymétriques,valorisation,1 élément en balancé av ou arr P5 (min.) (hors sortie),elements,1,,,barres-asymetriques-52-p5-137,P5,,"Shoushounova Départ libre pieds/mains, filer ou suspension,"
Barres asymétriques,valorisation,1 élément en balancé av ou arr P5 (min.) (hors sortie),elements,1,,,barres-asymetriques-52-p6-127,P6,,Grand tour arrière 1/2 tour (180°) à l’ATR
Barres asymétriques,valorisation,1 élément en balancé av ou arr P5 (min.) (hors sortie),elements,1,,,barres-asymetriques-52-p6-140,P6,,Salto arrière entre les barres arrivée suspension BI (salto Pak)
Barres asymétriques,valorisation,1 élément en balancé av ou arr P5 (min.) (hors sortie),elements,1,,,barres-asymetriques-52-p7-130,P7,,Grand tour arrière
Barres asymétriques,valorisation,1 élément en balancé av ou arr P5 (min.) (hors sortie),elements,1,,,barres-asymetriques-52-p7-142,P7,,"Shoushounova à l’ATR. Départ libre (pieds/mains, filer ou suspension), élan par-dessous BS avec 1/2 tour (180°) et envol par-dessus BI à l’ATR BI"
Barres asymétriques,valorisation,1 élément en balancé av ou arr P5 (min.) (hors sortie),elements,1,,,barres-asymetriques-52-p7-143,P7,,Gienger. Elancer en avant et salto arrière carpé ou tendu avec 1/2 tour
Barres asymétriques,valorisation,1 élément en balancé av ou arr P5 (min.) (hors sortie),elements,1,,,barres-asymetriques-53-p5-136,P5,,Retrait. De la suspension passer écarté avec envol en arrière par-dessus BI à la suspension BI
Barres asymétriques,valorisation,1 élément en balancé av ou arr P5 (min.) (hors sortie),elements,1,,,barres-asymetriques-53-p5-141,P5,,Voronin
Barres asymétriques,valorisation,1 élément en balancé av ou arr P5 (min.) (hors sortie),elements,1,,,barres-asymetriques-53-p5-55,P5,,Grand rétablissement à l’appui libre
Barres asymétriques,valorisation,1 élément en balancé av ou arr P5 (min.) (hors sortie),elements,1,,,barres-asymetriques-53-p7-132,P7,,"Lune, grand tour avant, avec ou sans 1/2 tour"
Barres asymétriques,valorisation,1 élément en balancé av ou arr P5 (min.) (hors sortie),elements,1,,,barres-asymetriques-53-p7-139,P7,,Retrait à l’ATR. De la suspension passer écarté avec envol en arrière par-dessus BI à l’ATR BI
Barres asymétriques,valorisation,1 élément en balancé av ou arr P5 (min.) (hors sortie),elements,1,,,barres-asymetriques-53-p7-144,P7,,"Jaeger – Elancer en arrière et salto avant groupé, carpé, tendu ou écart à la suspension"
Barres asymétriques,valorisation,1 élément en balancé av ou arr P5 (min.) (hors sortie),elements,1,,,barres-asymetriques-53-p7-58,P7,,Grand rétablissement passement filé à l’ATR
Barres asymétriques,valorisation,1 rotation P6 (min.),elements,1,,,barres-asymetriques-56-p6-103,P6,,Passement filé. Tour d’appui arrière libre à l’ATR
Barres asymétriques,valorisation,1 rotation P6 (min.),elements,1,,,barres-asymetriques-56-p6-106,P6,Sorties,Elan circulaire carpé ou groupé en arrière à l’ATR
Barres asymétriques,valorisation,1 rotation P6 (min.),elements,1,,,barres-asymetriques-56-p6-107,P6,,Stälder à l’ATR. Elan circulaire facial jambes écartées en arrière BI ou BS à l’ATR
Barres asymétriques,valorisation,1 rotation P6 (min.),elements,1,,,barres-asymetriques-56-p7-11-new,P7,,Shaposhnikova
Barres asymétriques,valorisation,"1 ATR ou grand tour, avec rotation 180° (min.)",elements,1,,oui,barres-asymetriques-52-p5-124,P5,,Grand tour en arrière 360°(Soleil)
Barres asymétriques,valorisation,"1 ATR ou grand tour, avec rotation 180° (min.)",elements,1,,oui,barres-asymetriques-52-p5-157-plus,P5,Sorties,Sortie salto arrière tendu depuis le grand tour
Barres asymétriques,valorisation,"1 ATR ou grand tour, avec rotation 180° (min.)",elements,1,,oui,barres-asymetriques-52-p6-127,P6,,Grand tour arrière 1/2 tour (180°) à l’ATR
Barres asymétriques,valorisation,"1 ATR ou grand tour, avec rotation 180° (min.)",elements,1,,oui,barres-asymetriques-52-p7-130,P7,,Grand tour arrière
Barres asymétriques,valorisation,"1 ATR ou grand tour, avec rotation 180° (min.)",elements,1,,oui,barres-asymetriques-52-p7-142,P7,,"Shoushounova à l’ATR. Départ libre (pieds/mains, filer ou suspension), élan par-dessous BS avec 1/2 tour (180°) et envol par-dessus BI à l’ATR BI"
Barres asymétriques,valorisation,"1 ATR ou grand tour, avec rotation 180° (min.)",elements,1,,oui,barres-asymetriques-53-p7-132,P7,,"Lune, grand tour avant, avec ou sans 1/2 tour"
Barres asymétriques,valorisation,"1 ATR ou grand tour, avec rotation 180° (min.)",elements,1,,oui,barres-asymetriques-53-p7-139,P7,,Retrait à l’ATR. De la suspension passer écarté avec envol en arrière par-dessus BI à l’ATR BI
Barres asymétriques,valorisation,"1 ATR ou grand tour, avec rotation 180° (min.)",elements,1,,oui,barres-asymetriques-53-p7-58,P7,,Grand rétablissement passement filé à l’ATR
Barres asymétriques,valorisation,"1 ATR ou grand tour, avec rotation 180° (min.)",elements,1,,oui,barres-asymetriques-55-p5-73,P5,,Elan en arrière à l’ATR avec jambes écartées (corps carpé)
Barres asymétriques,valorisation,"1 ATR ou grand tour, avec rotation 180° (min.)",elements,1,,oui,barres-asymetriques-55-p5-76,P5,,Elan en arrière à l’ATR avec jambes serrées (corps tendu)
Barres asymétriques,valorisation,"1 ATR ou grand tour, avec rotation 180° (min.)",elements,1,,oui,barres-asymetriques-55-p6-79,P6,,Elan en arrière à l’ATR avec jambes écartées (corps carpé) avec 1/2 tour
Barres asymétriques,valorisation,"1 ATR ou grand tour, avec rotation 180° (min.)",elements,1,,oui,barres-asymetriques-55-p6-82,P6,,Elan en arrière à l’ATR et 1/2 tour (180°) minimum
Barres asymétriques,valorisation,"1 ATR ou grand tour, avec rotation 180° (min.)",elements,1,,oui,barres-asymetriques-56-p3-98,P3,,"De l’ATR, ou de l’appui facial, pose des pieds puis élan circulaire carpé ou groupé en arrière BI ou BS"
Barres asymétriques,valorisation,"1 ATR ou grand tour, avec rotation 180° (min.)",elements,1,,oui,barres-asymetriques-56-p6-103,P6,,Passement filé. Tour d’appui arrière libre à l’ATR
Barres asymétriques,valorisation,"1 ATR ou grand tour, avec rotation 180° (min.)",elements,1,,oui,barres-asymetriques-56-p6-106,P6,Sorties,Elan circulaire carpé ou groupé en arrière à l’ATR
Barres asymétriques,valorisation,"1 ATR ou grand tour, avec rotation 180° (min.)",elements,1,,oui,barres-asymetriques-56-p6-107,P6,,Stälder à l’ATR. Elan circulaire facial jambes écartées en arrière BI ou BS à l’ATR
Barres asymétriques,valorisation,1 sortie P5 (min.) amené d’un élément P5 (min.),elements,1,,oui,barres-asymetriques-52-p5-157-plus,P5,Sorties,Sortie salto arrière tendu depuis le grand tour
Barres asymétriques,valorisation,1 sortie P5 (min.) amené d’un élément P5 (min.),elements,1,,oui,barres-asymetriques-52-p6-163,P6,Sorties,Salto arrière avec 1 tour (360°)
Barres asymétriques,valorisation,1 sortie P5 (min.) amené d’un élément P5 (min.),elements,1,,oui,barres-asymetriques-52-p7-166,P7,Sorties,"Double salto arrière groupé, carpé ou tendu"
Barres asymétriques,valorisation,1 sortie P5 (min.) amené d’un élément P5 (min.),elements,1,,oui,barres-asymetriques-52-p7-168,P7,Sorties,Salto arrière avec 3/2 tour ou +
Barres asymétriques,valorisation,1 sortie P5 (min.) amené d’un élément P5 (min.),elements,1,,oui,barres-asymetriques-56-p5-4-new,P5,Sorties,"Du filé ou du pieds-mains, élan par-dessous BI, contre mouvement avec envol arrivée à la suspension avant la verticale de la barre"
Barres asymétriques,valorisation,1 sortie P5 (min.) amené d’un élément P5 (min.),elements,1,,oui,barres-asymetriques-56-p6-106,P6,Sorties,Elan circulaire carpé ou groupé en arrière à l’ATR
Poutre,exigence,1 acro en poutre haute,elements,1,,,poutre-59-pre-requis-124,PRÉ-REQUIS,,"Départ libre, roulade avant arrivée au siège écart"
Poutre,exigence,1 acro en poutre haute,elements,1,,,poutre-59-p1-5-new,P1,,Saut droit
Poutre,exigence,1 acro en poutre haute,elements,1,,,poutre-59-p2-193,P2,Vers l’avant,"En bout de poutre, appel 2 pieds, saut vertical et réception à la station debout"
Poutre,exigence,1 acro en poutre haute,elements,1,,,poutre-59-p2-4-new,P2,Vers l’arrière,"En bout de poutre, appel 2 pieds saut vertical vers l’arrière et réception à la station debout"
Poutre,exigence,1 acro en poutre haute,elements,1,,,poutre-59-p3-199,P3,Vers l’arrière,Salto arrière groupé
Poutre,exigence,1 acro en poutre haute,elements,1,,,poutre-59-p3-201,P3,Vers l’avant,Salto avant corps groupé ou carpé à la station debout appel 1 ou 2 pieds
Poutre,exigence,1 acro en poutre haute,elements,1,,,poutre-59-p4-203,P4,Vers l’avant,Salto avant avec demi-tour à la station debout (appel 2 pieds)
Poutre,exigence,1 acro en poutre haute,elements,1,,,poutre-59-p5-187,P5,Vers l’arrière,Salto arrière corps groupé
Poutre,exigence,1 acro en poutre haute,elements,1,,,poutre-59-p5-209,P5,Vers l’avant,Salto avant tendu appel 2 pieds aussi avec 1/2 tour (180°) à la station debout
Poutre,exigence,1 acro en poutre haute,elements,1,,,poutre-59-p5-210,P5,Vers l’arrière,Salto arrière tendu aussi avec 1/2 tour (180°) à la station debout
Poutre,exigence,1 acro en poutre haute,elements,1,,,poutre-59-p5-211,P5,Vers l’arrière,Twist Appel en arrière avec 1/2 tour (180°) et salto avant à la station debout
Poutre,exigence,1 acro en poutre haute,elements,1,,,poutre-59-p6-188,P6,Vers l’arrière,Salto arrière carpé
Poutre,exigence,1 acro en poutre haute,elements,1,,,poutre-59-p6-214,P6,Vers l’avant,"Salto avant corps groupé, carpé, appel des 2 pieds avec 1 tour (360°)"
Poutre,exigence,1 acro en poutre haute,elements,1,,,poutre-59-p6-215,P6,Vers l’arrière,"Salto arrière corps groupé, carpé, tendu, avec 1 tour (360°)"
Poutre,exigence,1 acro en poutre haute,elements,1,,,poutre-59-p6-26,P6,Vers l’avant,Salto avant corps groupé appel d’1 ou 2 pieds arriver au siège groupé
Poutre,exigence,1 acro en poutre haute,elements,1,,,poutre-59-p7-186,P7,Vers l’avant,Salto avant corps groupé ou carpé appel 1 ou 2 pieds arrivée à la station debout
Poutre,exigence,1 acro en poutre haute,elements,1,,,poutre-59-p7-191,P7,Vers l’arrière,"Salto arrière tendu, appel 2 pieds, réception 2 pieds"
Poutre,exigence,1 acro en poutre haute,elements,1,,,poutre-59-p7-192,P7,Vers l’arrière,Salto arrière tendu pieds décalés
Poutre,exigence,1 acro en poutre haute,elements,1,,,poutre-59-p7-214bis,P7,Vers l’avant,Salto avant corps tendu appel des 2 pieds avec 1 tour (360°)
Poutre,exigence,1 acro en poutre haute,elements,1,,,poutre-59-p7-217,P7,Vers l’arrière,Salto arrière avec 3/2 tour ou+
Poutre,exigence,1 acro en poutre haute,elements,1,,,poutre-59-p7-218,P7,Vers l’arrière,Double salto arrière
Poutre,exigence,1 acro en poutre haute,elements,1,,,poutre-59-nomade-127,NOMADE,,"Départ libre, roulade avant arrivée sur 1 ou 2 pieds"
Poutre,exigence,1 acro en poutre haute,elements,1,,,poutre-59-nomade-130,NOMADE,,"Départ libre, roulade avant sans les mains arrivée sur 1 ou 2 pieds"
Poutre,exigence,1 acro en poutre haute,elements,1,,,poutre-59-nomade-205,NOMADE,,"Salto Auerbach groupé, carpé ou tendu sur le côté de la poutre à la station debout"
Poutre,exigence,1 acro en poutre haute,elements,1,,,poutre-59-nomade-213,NOMADE,,Salto Auerbach groupé au bout de la poutre à la station debout
Poutre,exigence,1 acro en poutre haute,elements,1,,,poutre-60-p1-146,P1,,"De la fente avant, venir à l’ATR 1 jambe à la verticale, retour libre"
Poutre,exigence,1 acro en poutre haute,elements,1,,,poutre-60-p3-150-plus,P3,Vers l’avant,ATR passagé
Poutre,exigence,1 acro en poutre haute,elements,1,,,poutre-60-p3-152,P3,Vers l’avant,Roue : renversement latéral sans envol arrivée 1 ou 2 pieds
Poutre,exigence,1 acro en poutre haute,elements,1,,,poutre-60-p3-153,P3,Vers l’arrière,Souplesse arrière. Renversement arrière sans envol retour libre
Poutre,exigence,1 acro en poutre haute,elements,1,,,poutre-60-p3-196,P3,Vers l’avant,Rondade à la station debout (avec ou sans sursaut)
Poutre,exigence,1 acro en poutre haute,elements,1,,,poutre-60-p3-197,P3,Vers l’avant,Saut de mains. Renversement avant avec envol à la station debout avec ou sans sursaut
Poutre,exigence,1 acro en poutre haute,elements,1,,,poutre-60-p4-152-plus,P4,Vers l’avant,Roue : renversement latéral sans envol arrivée 1 ou 2 pieds
Poutre,exigence,1 acro en poutre haute,elements,1,,,poutre-60-p4-153-plus,P4,Vers l’arrière,Souplesse arrière. Renversement arrière sans envol retour libre
Poutre,exigence,1 acro en poutre haute,elements,1,,,poutre-60-p4-154-plus,P4,Vers l’avant,ATR tenu 2’’ retour libre
Poutre,exigence,1 acro en poutre haute,elements,1,,,poutre-60-p4-159,P4,Vers l’avant,Souplesse avant ou roue arabe Renverse­ ment avant sans envol aussi avec appui sur 1 bras
Poutre,exigence,1 acro en poutre haute,elements,1,,,poutre-60-p4-160,P4,Vers l’arrière,Tic-Tac. Renversement avant arrière sans envol
Poutre,exigence,1 acro en poutre haute,elements,1,,,poutre-60-p4-200,P4,Vers l’avant,Costal
Poutre,exigence,1 acro en poutre haute,elements,1,,,poutre-60-p5-159-plus,P5,Vers l’avant,Souplesse avant ou roue arabe Renverse­ ment avant sans envol aussi avec appui sur 1 bras
Poutre,exigence,1 acro en poutre haute,elements,1,,,poutre-60-p5-160-plus,P5,Vers l’arrière,Tic-Tac. Renversement avant arrière sans envol
Poutre,exigence,1 acro en poutre haute,elements,1,,,poutre-60-p5-164,P5,Vers l’avant,Rondade
Poutre,exigence,1 acro en poutre haute,elements,1,,,poutre-60-p5-165,P5,Vers l’avant,Saut de mains. Renversement avant avec envol appel 1 pied et réception libre
Poutre,exigence,1 acro en poutre haute,elements,1,,,poutre-60-p5-166,P5,Vers l’arrière,Flic-flac. Renversement arrière avec envol départ libre arrivée 2 pieds serrés
Poutre,exigence,1 acro en poutre haute,elements,1,,,poutre-60-p5-168,P5,Vers l’arrière,Flic-flac arrivée pieds décalés
Poutre,exigence,1 acro en poutre haute,elements,1,,,poutre-60-p5-202,P5,Vers l’avant,Salto avant tendu départ 1 pied
Poutre,exigence,1 acro en poutre haute,elements,1,,,poutre-60-p6-164-plus,P6,Vers l’avant,Rondade
Poutre,exigence,1 acro en poutre haute,elements,1,,,poutre-60-p6-168-plus,P6,Vers l’arrière,Flic-flac arrivée pieds décalés
Poutre,exigence,1 acro en poutre haute,elements,1,,,poutre-60-p6-212,P6,Vers l’avant,"Salto avant corps groupé, carpé, tendu appel 1 pied avec 1 tour"
Poutre,exigence,1 acro en poutre haute,elements,1,,,poutre-60-p7-175,P7,Vers l’arrière,Flic-flac avec 1/2 de tour en passant par l’ATR et renversement avant (Onodi)
Poutre,exigence,1 acro en poutre haute,elements,1,,,poutre-60-p7-184,P7,Vers l’avant,"Salto costal, renversement latéral libre"
Poutre,exigence,1 acro en poutre haute,elements,1,,,poutre-60-p7-185,P7,Vers l’avant,"Salto facial, renversement avant libre"
Poutre,exigence,1 acro en poutre haute,elements,1,,,poutre-60-p7-190,P7,Vers l’avant,Salto japonais. Salto latéral groupé ou carpé appel 1 pied en latéral et réception
Poutre,exigence,1 acro en poutre haute,elements,1,,,poutre-60-nomade-158,NOMADE,,Renversement latéral avec envol avant ou après la pose des mains
Poutre,exigence,1 acro en poutre haute,elements,1,,,poutre-60-nomade-167,NOMADE,,Flic-flac poisson
Poutre,exigence,2 sauts,elements,2,,,poutre-62-pre-requis-29-new,PRÉ-REQUIS,,Maintien jambre libre devant
Poutre,exigence,2 sauts,elements,2,,,poutre-62-pre-requis-30-new,PRÉ-REQUIS,,Maintien en arabesque
Poutre,exigence,2 sauts,elements,2,,,poutre-62-pre-requis-31-new,PRÉ-REQUIS,,Assemblée
Poutre,exigence,2 sauts,elements,2,,,poutre-62-p1-25-new,P1,,Cabriole jambe libre fléchie
Poutre,exigence,2 sauts,elements,2,,,poutre-62-p2-28-new,P2,,Cabriole
Poutre,exigence,2 sauts,elements,2,,,poutre-62-p2-45,P2,,Saut de chat en avant
Poutre,exigence,2 sauts,elements,2,,,poutre-62-p3-27-new,P3,,Saut de biche
Poutre,exigence,2 sauts,elements,2,,,poutre-62-p3-54,P3,,Saut de cosaque appel d’1 pied Saut groupé 1 jambe tendue à l’horizontale en avant
Poutre,exigence,2 sauts,elements,2,,,poutre-62-p3-56,P3,,Saut de chat en avant avec 1/2 tour (180°)
Poutre,exigence,2 sauts,elements,2,,,poutre-62-p4-32-new,P4,,Cosaque changement
Poutre,exigence,2 sauts,elements,2,,,poutre-62-p4-62,P4,,Saut enjambé appel d’1 pied (écart à 180°) aussi avec la jambe libre fléchie tendue
Poutre,exigence,2 sauts,elements,2,,,poutre-62-p5-67,P5,,Saut enjambé avec changement de jambes (angle d’écart 180° après le changement)
Poutre,exigence,2 sauts,elements,2,,,poutre-62-p6-69,P6,,Saut enjambé avec 1/2 tour (180°)
Poutre,exigence,2 sauts,elements,2,,,poutre-62-p6-70,P6,,Saut enjambé avec changement de jambes (angle d’écart 180° après le changement)
Poutre,exigence,2 sauts,elements,2,,,poutre-62-p7-71,P7,,Saut changement de jambes avec 1/2 tour (180°)
Poutre,exigence,2 sauts,elements,2,,,poutre-62-nomade-53,NOMADE,,Saut ciseaux en avant avec les jambes tendues
Poutre,exigence,2 sauts,elements,2,,,poutre-62-nomade-54,NOMADE,,Saut de Cosaque appel d’1 pied Saut groupé 1 jambe tendue à l’horizontale en avant
Poutre,exigence,2 sauts,elements,2,,,poutre-63-pre-requis-33-new,PRÉ-REQUIS,,Maintien sur 2 pieds sur 1/2 pointes
Poutre,exigence,2 sauts,elements,2,,,poutre-63-p1-38,P1,,"Soubresaut sans ou avec changement de pieds, réception 2 pieds"
Poutre,exigence,2 sauts,elements,2,,,poutre-63-p2-44,P2,,Saut groupé appel des 2 pieds
Poutre,exigence,2 sauts,elements,2,,,poutre-63-p2-46,P2,,"Soubresaut avec double changement de pieds, réception 2 pieds"
Poutre,exigence,2 sauts,elements,2,,,poutre-63-p3-49,P3,,Saut antéro-postérieur à 180° appel et réception des 2 pieds
Poutre,exigence,2 sauts,elements,2,,,poutre-63-p3-52,P3,,Saut en extension avec 1/2 tour (180°) appel et réception 2 pieds
Poutre,exigence,2 sauts,elements,2,,,poutre-63-p4-55,P4,,Sissonne
Poutre,exigence,2 sauts,elements,2,,,poutre-63-p4-57,P4,,Saut de cosaque appel des 2 pieds Saut groupé 1 jambe tendue à l’horizontale
Poutre,exigence,2 sauts,elements,2,,,poutre-63-p4-58,P4,,Saut avec 3/4 de tour (270°) appel et réception 2 pieds
Poutre,exigence,2 sauts,elements,2,,,poutre-63-p4-61,P4,,Saut groupé avec 1/2 tour (180°) appel des 2 pieds
Poutre,exigence,2 sauts,elements,2,,,poutre-63-p5-66,P5,,Saut carpé écarté
Poutre,exigence,2 sauts,elements,2,,,poutre-63-p6-63,P6,,Saut antéropostérieur à 180° avec ½ tour (180°)
Poutre,exigence,2 sauts,elements,2,,,poutre-63-p6-64,P6,,Saut de cosaque 1/2 tour appel des 2 pieds Saut groupé 1 jambe tendue à l’horizontale en avant
Poutre,exigence,2 sauts,elements,2,,,poutre-63-p6-66bis,P6,,Saut carpé serré (angle du corps 90°)
Poutre,exigence,2 sauts,elements,2,,,poutre-63-p6-68,P6,,Saut avec 1 tour en l’air (360°) appel des 2 pieds
Poutre,exigence,2 sauts,elements,2,,,poutre-63-nomade-37,NOMADE,,"Appel 2 pieds, saut en progression avant, réception 2 pieds"
Poutre,valorisation,1 élément de l’arche des pivots,elements,1,,,poutre-58-pre-requis-42-new,PRÉ-REQUIS,,Montée sur 1/2 pointes jambe libre au retiré
Poutre,valorisation,1 élément de l’arche des pivots,elements,1,,,poutre-58-p1-73,P1,,1/2 tour (180°) sur 2 pieds et 1/2 pointes
Poutre,valorisation,1 élément de l’arche des pivots,elements,1,,,poutre-58-p2-74,P2,,"1/2 tour (180°) accroupi, sur 2 pieds et 1/2 pointes"
Poutre,valorisation,1 élément de l’arche des pivots,elements,1,,,poutre-58-p2-76,P2,,"1/2 tour (180°) sur 1 jambe et sur 1/2 pointes, position de la jambe"
Poutre,valorisation,1 élément de l’arche des pivots,elements,1,,,poutre-58-p3-40-new,P3,,1/2 tour (180°) sur 1 jambe sur 1/2 pointes et détourné
Poutre,valorisation,1 élément de l’arche des pivots,elements,1,,,poutre-58-p4-82,P4,,"Pirouette 1 tour (360°) sur 1 jambe et sur 1/2 pointes, position de la jambe libre"
Poutre,valorisation,1 élément de l’arche des pivots,elements,1,,,poutre-58-p5-85,P5,,"Pirouette 1 tour 1/2 (540°) sur 1 jambe et sur 1/2 pointes, position de la jambe libre"
Poutre,valorisation,1 élément de l’arche des pivots,elements,1,,,poutre-58-p5-91,P5,,Pirouette 1/1 tour accroupie
Poutre,valorisation,1 élément de l’arche des pivots,elements,1,,,poutre-58-p6-88,P6,,"Pirouette 2 tours (720°) sur 1 jambe et sur 1/2 pointes, position de la jambe libre"
Poutre,valorisation,1 élément de l’arche des pivots,elements,1,,,poutre-58-nomade-90,NOMADE,,"Pirouette 1/2 tour (180°) sur 1 jambe et sur 1/2 pointes, pied dans la main (écart de jambes à 180°)"
Poutre,valorisation,1 élément de l’arche des pivots,elements,1,,,poutre-58-nomade-94,NOMADE,,"Pirouette 1/1 tour (360°) sur 1 jambe et sur 1/2 pointes, pied dans la main (écart de jambes à 180°)"
Poutre,valorisation,1 cabriole,elements,1,,,poutre-62-p1-25-new,P1,,Cabriole jambe libre fléchie
Poutre,valorisation,1 cabriole,elements,1,,,poutre-62-p2-28-new,P2,,Cabriole
Poutre,valorisation,ATR 1 jambe ou placement du dos,elements,1,,,poutre-57-p1-1-new,P1,,Départ accroupi Placement du dos jambes fléchies
Poutre,valorisation,ATR 1 jambe ou placement du dos,elements,1,,,poutre-57-p3-26-new,P3,Maintien,Maintien sur 1 jambe tendue à l’horizontale
Poutre,valorisation,ATR 1 jambe ou placement du dos,elements,1,,,poutre-58-p2-76,P2,,"1/2 tour (180°) sur 1 jambe et sur 1/2 pointes, position de la jambe"
Poutre,valorisation,ATR 1 jambe ou placement du dos,elements,1,,,poutre-58-p3-40-new,P3,,1/2 tour (180°) sur 1 jambe sur 1/2 pointes et détourné
Poutre,valorisation,ATR 1 jambe ou placement du dos,elements,1,,,poutre-58-p4-82,P4,,"Pirouette 1 tour (360°) sur 1 jambe et sur 1/2 pointes, position de la jambe libre"
Poutre,valorisation,ATR 1 jambe ou placement du dos,elements,1,,,poutre-58-p5-85,P5,,"Pirouette 1 tour 1/2 (540°) sur 1 jambe et sur 1/2 pointes, position de la jambe libre"
Poutre,valorisation,ATR 1 jambe ou placement du dos,elements,1,,,poutre-58-p6-88,P6,,"Pirouette 2 tours (720°) sur 1 jambe et sur 1/2 pointes, position de la jambe libre"
Poutre,valorisation,ATR 1 jambe ou placement du dos,elements,1,,,poutre-58-nomade-90,NOMADE,,"Pirouette 1/2 tour (180°) sur 1 jambe et sur 1/2 pointes, pied dans la main (écart de jambes à 180°)"
Poutre,valorisation,ATR 1 jambe ou placement du dos,elements,1,,,poutre-58-nomade-94,NOMADE,,"Pirouette 1/1 tour (360°) sur 1 jambe et sur 1/2 pointes, pied dans la main (écart de jambes à 180°)"
Poutre,valorisation,ATR 1 jambe ou placement du dos,elements,1,,,poutre-60-p1-146,P1,,"De la fente avant, venir à l’ATR 1 jambe à la verticale, retour libre"
Poutre,valorisation,ATR 1 jambe ou placement du dos,elements,1,,,poutre-62-p3-54,P3,,Saut de cosaque appel d’1 pied Saut groupé 1 jambe tendue à l’horizontale en avant
Poutre,valorisation,ATR 1 jambe ou placement du dos,elements,1,,,poutre-62-nomade-54,NOMADE,,Saut de Cosaque appel d’1 pied Saut groupé 1 jambe tendue à l’horizontale en avant
Poutre,valorisation,ATR 1 jambe ou placement du dos,elements,1,,,poutre-63-p4-57,P4,,Saut de cosaque appel des 2 pieds Saut groupé 1 jambe tendue à l’horizontale
Poutre,valorisation,ATR 1 jambe ou placement du dos,elements,1,,,poutre-63-p6-64,P6,,Saut de cosaque 1/2 tour appel des 2 pieds Saut groupé 1 jambe tendue à l’horizontale en avant
Poutre,valorisation,ATR 1 jambe ou placement du dos,elements,1,,,poutre-64-p1-1,P1,,"De la station faciale, sauter à l’appui tendu et sans arrêt, passer 1 jambe tendue latéralement et par 1/4 de tour (90°)"
Poutre,valorisation,1 demi pivot sur 1 jambe,elements,1,,oui,poutre-58-pre-requis-42-new,PRÉ-REQUIS,,Montée sur 1/2 pointes jambe libre au retiré
Poutre,valorisation,1 demi pivot sur 1 jambe,elements,1,,oui,poutre-58-p1-73,P1,,1/2 tour (180°) sur 2 pieds et 1/2 pointes
Poutre,valorisation,1 demi pivot sur 1 jambe,elements,1,,oui,poutre-58-p2-74,P2,,"1/2 tour (180°) accroupi, sur 2 pieds et 1/2 pointes"
Poutre,valorisation,1 demi pivot sur 1 jambe,elements,1,,oui,poutre-58-p2-76,P2,,"1/2 tour (180°) sur 1 jambe et sur 1/2 pointes, position de la jambe"
Poutre,valorisation,1 demi pivot sur 1 jambe,elements,1,,oui,poutre-58-p3-40-new,P3,,1/2 tour (180°) sur 1 jambe sur 1/2 pointes et détourné
Poutre,valorisation,1 demi pivot sur 1 jambe,elements,1,,oui,poutre-58-p4-82,P4,,"Pirouette 1 tour (360°) sur 1 jambe et sur 1/2 pointes, position de la jambe libre"
Poutre,valorisation,1 demi pivot sur 1 jambe,elements,1,,oui,poutre-58-p5-85,P5,,"Pirouette 1 tour 1/2 (540°) sur 1 jambe et sur 1/2 pointes, position de la jambe libre"
Poutre,valorisation,1 demi pivot sur 1 jambe,elements,1,,oui,poutre-58-p5-91,P5,,Pirouette 1/1 tour accroupie
Poutre,valorisation,1 demi pivot sur 1 jambe,elements,1,,oui,poutre-58-p6-88,P6,,"Pirouette 2 tours (720°) sur 1 jambe et sur 1/2 pointes, position de la jambe libre"
Poutre,valorisation,1 demi pivot sur 1 jambe,elements,1,,oui,poutre-58-nomade-90,NOMADE,,"Pirouette 1/2 tour (180°) sur 1 jambe et sur 1/2 pointes, pied dans la main (écart de jambes à 180°)"
Poutre,valorisation,1 demi pivot sur 1 jambe,elements,1,,oui,poutre-58-nomade-94,NOMADE,,"Pirouette 1/1 tour (360°) sur 1 jambe et sur 1/2 pointes, pied dans la main (écart de jambes à 180°)"
Poutre,valorisation,1 saut appel 2 pieds,elements,1,,,poutre-63-pre-requis-33-new,PRÉ-REQUIS,,Maintien sur 2 pieds sur 1/2 pointes
Poutre,valorisation,1 saut appel 2 pieds,elements,1,,,poutre-63-p1-38,P1,,"Soubresaut sans ou avec changement de pieds, réception 2 pieds"
Poutre,valorisation,1 saut appel 2 pieds,elements,1,,,poutre-63-p2-44,P2,,Saut groupé appel des 2 pieds
Poutre,valorisation,1 saut appel 2 pieds,elements,1,,,poutre-63-p2-46,P2,,"Soubresaut avec double changement de pieds, réception 2 pieds"
Poutre,valorisation,1 saut appel 2 pieds,elements,1,,,poutre-63-p3-49,P3,,Saut antéro-postérieur à 180° appel et réception des 2 pieds
Poutre,valorisation,1 saut appel 2 pieds,elements,1,,,poutre-63-p3-52,P3,,Saut en extension avec 1/2 tour (180°) appel et réception 2 pieds
Poutre,valorisation,1 saut appel 2 pieds,elements,1,,,poutre-63-p4-55,P4,,Sissonne
Poutre,valorisation,1 saut appel 2 pieds,elements,1,,,poutre-63-p4-57,P4,,Saut de cosaque appel des 2 pieds Saut groupé 1 jambe tendue à l’horizontale
Poutre,valorisation,1 saut appel 2 pieds,elements,1,,,poutre-63-p4-58,P4,,Saut avec 3/4 de tour (270°) appel et réception 2 pieds
Poutre,valorisation,1 saut appel 2 pieds,elements,1,,,poutre-63-p4-61,P4,,Saut groupé avec 1/2 tour (180°) appel des 2 pieds
Poutre,valorisation,1 saut appel 2 pieds,elements,1,,,poutre-63-p5-66,P5,,Saut carpé écarté
Poutre,valorisation,1 saut appel 2 pieds,elements,1,,,poutre-63-p6-63,P6,,Saut antéropostérieur à 180° avec ½ tour (180°)
Poutre,valorisation,1 saut appel 2 pieds,elements,1,,,poutre-63-p6-64,P6,,Saut de cosaque 1/2 tour appel des 2 pieds Saut groupé 1 jambe tendue à l’horizontale en avant
Poutre,valorisation,1 saut appel 2 pieds,elements,1,,,poutre-63-p6-66bis,P6,,Saut carpé serré (angle du corps 90°)
Poutre,valorisation,1 saut appel 2 pieds,elements,1,,,poutre-63-p6-68,P6,,Saut avec 1 tour en l’air (360°) appel des 2 pieds
Poutre,valorisation,1 saut appel 2 pieds,elements,1,,,poutre-63-nomade-37,NOMADE,,"Appel 2 pieds, saut en progression avant, réception 2 pieds"
Poutre,valorisation,1 ATR P2,elements,1,,,poutre-57-p2-150,P2,ATR,ATR passagé
Poutre,exigence,2 acros en poutre haute,elements,2,,,poutre-59-pre-requis-124,PRÉ-REQUIS,,"Départ libre, roulade avant arrivée au siège écart"
Poutre,exigence,2 acros en poutre haute,elements,2,,,poutre-59-p1-5-new,P1,,Saut droit
Poutre,exigence,2 acros en poutre haute,elements,2,,,poutre-59-p2-193,P2,Vers l’avant,"En bout de poutre, appel 2 pieds, saut vertical et réception à la station debout"
Poutre,exigence,2 acros en poutre haute,elements,2,,,poutre-59-p2-4-new,P2,Vers l’arrière,"En bout de poutre, appel 2 pieds saut vertical vers l’arrière et réception à la station debout"
Poutre,exigence,2 acros en poutre haute,elements,2,,,poutre-59-p3-199,P3,Vers l’arrière,Salto arrière groupé
Poutre,exigence,2 acros en poutre haute,elements,2,,,poutre-59-p3-201,P3,Vers l’avant,Salto avant corps groupé ou carpé à la station debout appel 1 ou 2 pieds
Poutre,exigence,2 acros en poutre haute,elements,2,,,poutre-59-p4-203,P4,Vers l’avant,Salto avant avec demi-tour à la station debout (appel 2 pieds)
Poutre,exigence,2 acros en poutre haute,elements,2,,,poutre-59-p5-187,P5,Vers l’arrière,Salto arrière corps groupé
Poutre,exigence,2 acros en poutre haute,elements,2,,,poutre-59-p5-209,P5,Vers l’avant,Salto avant tendu appel 2 pieds aussi avec 1/2 tour (180°) à la station debout
Poutre,exigence,2 acros en poutre haute,elements,2,,,poutre-59-p5-210,P5,Vers l’arrière,Salto arrière tendu aussi avec 1/2 tour (180°) à la station debout
Poutre,exigence,2 acros en poutre haute,elements,2,,,poutre-59-p5-211,P5,Vers l’arrière,Twist Appel en arrière avec 1/2 tour (180°) et salto avant à la station debout
Poutre,exigence,2 acros en poutre haute,elements,2,,,poutre-59-p6-188,P6,Vers l’arrière,Salto arrière carpé
Poutre,exigence,2 acros en poutre haute,elements,2,,,poutre-59-p6-214,P6,Vers l’avant,"Salto avant corps groupé, carpé, appel des 2 pieds avec 1 tour (360°)"
Poutre,exigence,2 acros en poutre haute,elements,2,,,poutre-59-p6-215,P6,Vers l’arrière,"Salto arrière corps groupé, carpé, tendu, avec 1 tour (360°)"
Poutre,exigence,2 acros en poutre haute,elements,2,,,poutre-59-p6-26,P6,Vers l’avant,Salto avant corps groupé appel d’1 ou 2 pieds arriver au siège groupé
Poutre,exigence,2 acros en poutre haute,elements,2,,,poutre-59-p7-186,P7,Vers l’avant,Salto avant corps groupé ou carpé appel 1 ou 2 pieds arrivée à la station debout
Poutre,exigence,2 acros en poutre haute,elements,2,,,poutre-59-p7-191,P7,Vers l’arrière,"Salto arrière tendu, appel 2 pieds, réception 2 pieds"
Poutre,exigence,2 acros en poutre haute,elements,2,,,poutre-59-p7-192,P7,Vers l’arrière,Salto arrière tendu pieds décalés
Poutre,exigence,2 acros en poutre haute,elements,2,,,poutre-59-p7-214bis,P7,Vers l’avant,Salto avant corps tendu appel des 2 pieds avec 1 tour (360°)
Poutre,exigence,2 acros en poutre haute,elements,2,,,poutre-59-p7-217,P7,Vers l’arrière,Salto arrière avec 3/2 tour ou+
Poutre,exigence,2 acros en poutre haute,elements,2,,,poutre-59-p7-218,P7,Vers l’arrière,Double salto arrière
Poutre,exigence,2 acros en poutre haute,elements,2,,,poutre-59-nomade-127,NOMADE,,"Départ libre, roulade avant arrivée sur 1 ou 2 pieds"
Poutre,exigence,2 acros en poutre haute,elements,2,,,poutre-59-nomade-130,NOMADE,,"Départ libre, roulade avant sans les mains arrivée sur 1 ou 2 pieds"
Poutre,exigence,2 acros en poutre haute,elements,2,,,poutre-59-nomade-205,NOMADE,,"Salto Auerbach groupé, carpé ou tendu sur le côté de la poutre à la station debout"
Poutre,exigence,2 acros en poutre haute,elements,2,,,poutre-59-nomade-213,NOMADE,,Salto Auerbach groupé au bout de la poutre à la station debout
Poutre,exigence,2 acros en poutre haute,elements,2,,,poutre-60-p1-146,P1,,"De la fente avant, venir à l’ATR 1 jambe à la verticale, retour libre"
Poutre,exigence,2 acros en poutre haute,elements,2,,,poutre-60-p3-150-plus,P3,Vers l’avant,ATR passagé
Poutre,exigence,2 acros en poutre haute,elements,2,,,poutre-60-p3-152,P3,Vers l’avant,Roue : renversement latéral sans envol arrivée 1 ou 2 pieds
Poutre,exigence,2 acros en poutre haute,elements,2,,,poutre-60-p3-153,P3,Vers l’arrière,Souplesse arrière. Renversement arrière sans envol retour libre
Poutre,exigence,2 acros en poutre haute,elements,2,,,poutre-60-p3-196,P3,Vers l’avant,Rondade à la station debout (avec ou sans sursaut)
Poutre,exigence,2 acros en poutre haute,elements,2,,,poutre-60-p3-197,P3,Vers l’avant,Saut de mains. Renversement avant avec envol à la station debout avec ou sans sursaut
Poutre,exigence,2 acros en poutre haute,elements,2,,,poutre-60-p4-152-plus,P4,Vers l’avant,Roue : renversement latéral sans envol arrivée 1 ou 2 pieds
Poutre,exigence,2 acros en poutre haute,elements,2,,,poutre-60-p4-153-plus,P4,Vers l’arrière,Souplesse arrière. Renversement arrière sans envol retour libre
Poutre,exigence,2 acros en poutre haute,elements,2,,,poutre-60-p4-154-plus,P4,Vers l’avant,ATR tenu 2’’ retour libre
Poutre,exigence,2 acros en poutre haute,elements,2,,,poutre-60-p4-159,P4,Vers l’avant,Souplesse avant ou roue arabe Renverse­ ment avant sans envol aussi avec appui sur 1 bras
Poutre,exigence,2 acros en poutre haute,elements,2,,,poutre-60-p4-160,P4,Vers l’arrière,Tic-Tac. Renversement avant arrière sans envol
Poutre,exigence,2 acros en poutre haute,elements,2,,,poutre-60-p4-200,P4,Vers l’avant,Costal
Poutre,exigence,2 acros en poutre haute,elements,2,,,poutre-60-p5-159-plus,P5,Vers l’avant,Souplesse avant ou roue arabe Renverse­ ment avant sans envol aussi avec appui sur 1 bras
Poutre,exigence,2 acros en poutre haute,elements,2,,,poutre-60-p5-160-plus,P5,Vers l’arrière,Tic-Tac. Renversement avant arrière sans envol
Poutre,exigence,2 acros en poutre haute,elements,2,,,poutre-60-p5-164,P5,Vers l’avant,Rondade
Poutre,exigence,2 acros en poutre haute,elements,2,,,poutre-60-p5-165,P5,Vers l’avant,Saut de mains. Renversement avant avec envol appel 1 pied et réception libre
Poutre,exigence,2 acros en poutre haute,elements,2,,,poutre-60-p5-166,P5,Vers l’arrière,Flic-flac. Renversement arrière avec envol départ libre arrivée 2 pieds serrés
Poutre,exigence,2 acros en poutre haute,elements,2,,,poutre-60-p5-168,P5,Vers l’arrière,Flic-flac arrivée pieds décalés
Poutre,exigence,2 acros en poutre haute,elements,2,,,poutre-60-p5-202,P5,Vers l’avant,Salto avant tendu départ 1 pied
Poutre,exigence,2 acros en poutre haute,elements,2,,,poutre-60-p6-164-plus,P6,Vers l’avant,Rondade
Poutre,exigence,2 acros en poutre haute,elements,2,,,poutre-60-p6-168-plus,P6,Vers l’arrière,Flic-flac arrivée pieds décalés
Poutre,exigence,2 acros en poutre haute,elements,2,,,poutre-60-p6-212,P6,Vers l’avant,"Salto avant corps groupé, carpé, tendu appel 1 pied avec 1 tour"
Poutre,exigence,2 acros en poutre haute,elements,2,,,poutre-60-p7-175,P7,Vers l’arrière,Flic-flac avec 1/2 de tour en passant par l’ATR et renversement avant (Onodi)
Poutre,exigence,2 acros en poutre haute,elements,2,,,poutre-60-p7-184,P7,Vers l’avant,"Salto costal, renversement latéral libre"
Poutre,exigence,2 acros en poutre haute,elements,2,,,poutre-60-p7-185,P7,Vers l’avant,"Salto facial, renversement avant libre"
Poutre,exigence,2 acros en poutre haute,elements,2,,,poutre-60-p7-190,P7,Vers l’avant,Salto japonais. Salto latéral groupé ou carpé appel 1 pied en latéral et réception
Poutre,exigence,2 acros en poutre haute,elements,2,,,poutre-60-nomade-158,NOMADE,,Renversement latéral avec envol avant ou après la pose des mains
Poutre,exigence,2 acros en poutre haute,elements,2,,,poutre-60-nomade-167,NOMADE,,Flic-flac poisson
Poutre,valorisation,1 élément pivot P3 (min.),elements,1,,,poutre-58-p3-40-new,P3,,1/2 tour (180°) sur 1 jambe sur 1/2 pointes et détourné
Poutre,valorisation,1 élément pivot P3 (min.),elements,1,,,poutre-58-p4-82,P4,,"Pirouette 1 tour (360°) sur 1 jambe et sur 1/2 pointes, position de la jambe libre"
Poutre,valorisation,1 élément pivot P3 (min.),elements,1,,,poutre-58-p5-85,P5,,"Pirouette 1 tour 1/2 (540°) sur 1 jambe et sur 1/2 pointes, position de la jambe libre"
Poutre,valorisation,1 élément pivot P3 (min.),elements,1,,,poutre-58-p5-91,P5,,Pirouette 1/1 tour accroupie
Poutre,valorisation,1 élément pivot P3 (min.),elements,1,,,poutre-58-p6-88,P6,,"Pirouette 2 tours (720°) sur 1 jambe et sur 1/2 pointes, position de la jambe libre"
Poutre,valorisation,1 saut P3 (min.),elements,1,,,poutre-62-p3-27-new,P3,,Saut de biche
Poutre,valorisation,1 saut P3 (min.),elements,1,,,poutre-62-p3-54,P3,,Saut de cosaque appel d’1 pied Saut groupé 1 jambe tendue à l’horizontale en avant
Poutre,valorisation,1 saut P3 (min.),elements,1,,,poutre-62-p3-56,P3,,Saut de chat en avant avec 1/2 tour (180°)
Poutre,valorisation,1 saut P3 (min.),elements,1,,,poutre-62-p4-32-new,P4,,Cosaque changement
Poutre,valorisation,1 saut P3 (min.),elements,1,,,poutre-62-p4-62,P4,,Saut enjambé appel d’1 pied (écart à 180°) aussi avec la jambe libre fléchie tendue
Poutre,valorisation,1 saut P3 (min.),elements,1,,,poutre-62-p5-67,P5,,Saut enjambé avec changement de jambes (angle d’écart 180° après le changement)
Poutre,valorisation,1 saut P3 (min.),elements,1,,,poutre-62-p6-69,P6,,Saut enjambé avec 1/2 tour (180°)
Poutre,valorisation,1 saut P3 (min.),elements,1,,,poutre-62-p6-70,P6,,Saut enjambé avec changement de jambes (angle d’écart 180° après le changement)
Poutre,valorisation,1 saut P3 (min.),elements,1,,,poutre-62-p7-71,P7,,Saut changement de jambes avec 1/2 tour (180°)
Poutre,valorisation,1 saut P3 (min.),elements,1,,,poutre-63-p3-49,P3,,Saut antéro-postérieur à 180° appel et réception des 2 pieds
Poutre,valorisation,1 saut P3 (min.),elements,1,,,poutre-63-p3-52,P3,,Saut en extension avec 1/2 tour (180°) appel et réception 2 pieds
Poutre,valorisation,1 saut P3 (min.),elements,1,,,poutre-63-p4-55,P4,,Sissonne
Poutre,valorisation,1 saut P3 (min.),elements,1,,,poutre-63-p4-57,P4,,Saut de cosaque appel des 2 pieds Saut groupé 1 jambe tendue à l’horizontale
Poutre,valorisation,1 saut P3 (min.),elements,1,,,poutre-63-p4-58,P4,,Saut avec 3/4 de tour (270°) appel et réception 2 pieds
Poutre,valorisation,1 saut P3 (min.),elements,1,,,poutre-63-p4-61,P4,,Saut groupé avec 1/2 tour (180°) appel des 2 pieds
Poutre,valorisation,1 saut P3 (min.),elements,1,,,poutre-63-p5-66,P5,,Saut carpé écarté
Poutre,valorisation,1 saut P3 (min.),elements,1,,,poutre-63-p6-63,P6,,Saut antéropostérieur à 180° avec ½ tour (180°)
Poutre,valorisation,1 saut P3 (min.),elements,1,,,poutre-63-p6-64,P6,,Saut de cosaque 1/2 tour appel des 2 pieds Saut groupé 1 jambe tendue à l’horizontale en avant
Poutre,valorisation,1 saut P3 (min.),elements,1,,,poutre-63-p6-66bis,P6,,Saut carpé serré (angle du corps 90°)
Poutre,valorisation,1 saut P3 (min.),elements,1,,,poutre-63-p6-68,P6,,Saut avec 1 tour en l’air (360°) appel des 2 pieds
Poutre,valorisation,1 acro P2 (min.),elements,1,,,poutre-59-p2-193,P2,Vers l’avant,"En bout de poutre, appel 2 pieds, saut vertical et réception à la station debout"
Poutre,valorisation,1 acro P2 (min.),elements,1,,,poutre-59-p2-4-new,P2,Vers l’arrière,"En bout de poutre, appel 2 pieds saut vertical vers l’arrière et réception à la station debout"
Poutre,valorisation,1 acro P2 (min.),elements,1,,,poutre-59-p3-199,P3,Vers l’arrière,Salto arrière groupé
Poutre,valorisation,1 acro P2 (min.),elements,1,,,poutre-59-p3-201,P3,Vers l’avant,Salto avant corps groupé ou carpé à la station debout appel 1 ou 2 pieds
Poutre,valorisation,1 acro P2 (min.),elements,1,,,poutre-59-p4-203,P4,Vers l’avant,Salto avant avec demi-tour à la station debout (appel 2 pieds)
Poutre,valorisation,1 acro P2 (min.),elements,1,,,poutre-59-p5-187,P5,Vers l’arrière,Salto arrière corps groupé
Poutre,valorisation,1 acro P2 (min.),elements,1,,,poutre-59-p5-209,P5,Vers l’avant,Salto avant tendu appel 2 pieds aussi avec 1/2 tour (180°) à la station debout
Poutre,valorisation,1 acro P2 (min.),elements,1,,,poutre-59-p5-210,P5,Vers l’arrière,Salto arrière tendu aussi avec 1/2 tour (180°) à la station debout
Poutre,valorisation,1 acro P2 (min.),elements,1,,,poutre-59-p5-211,P5,Vers l’arrière,Twist Appel en arrière avec 1/2 tour (180°) et salto avant à la station debout
Poutre,valorisation,1 acro P2 (min.),elements,1,,,poutre-59-p6-188,P6,Vers l’arrière,Salto arrière carpé
Poutre,valorisation,1 acro P2 (min.),elements,1,,,poutre-59-p6-214,P6,Vers l’avant,"Salto avant corps groupé, carpé, appel des 2 pieds avec 1 tour (360°)"
Poutre,valorisation,1 acro P2 (min.),elements,1,,,poutre-59-p6-215,P6,Vers l’arrière,"Salto arrière corps groupé, carpé, tendu, avec 1 tour (360°)"
Poutre,valorisation,1 acro P2 (min.),elements,1,,,poutre-59-p6-26,P6,Vers l’avant,Salto avant corps groupé appel d’1 ou 2 pieds arriver au siège groupé
Poutre,valorisation,1 acro P2 (min.),elements,1,,,poutre-59-p7-186,P7,Vers l’avant,Salto avant corps groupé ou carpé appel 1 ou 2 pieds arrivée à la station debout
Poutre,valorisation,1 acro P2 (min.),elements,1,,,poutre-59-p7-191,P7,Vers l’arrière,"Salto arrière tendu, appel 2 pieds, réception 2 pieds"
Poutre,valorisation,1 acro P2 (min.),elements,1,,,poutre-59-p7-192,P7,Vers l’arrière,Salto arrière tendu pieds décalés
Poutre,valorisation,1 acro P2 (min.),elements,1,,,poutre-59-p7-214bis,P7,Vers l’avant,Salto avant corps tendu appel des 2 pieds avec 1 tour (360°)
Poutre,valorisation,1 acro P2 (min.),elements,1,,,poutre-59-p7-217,P7,Vers l’arrière,Salto arrière avec 3/2 tour ou+
Poutre,valorisation,1 acro P2 (min.),elements,1,,,poutre-59-p7-218,P7,Vers l’arrière,Double salto arrière
Poutre,valorisation,1 acro P2 (min.),elements,1,,,poutre-60-p3-150-plus,P3,Vers l’avant,ATR passagé
Poutre,valorisation,1 acro P2 (min.),elements,1,,,poutre-60-p3-152,P3,Vers l’avant,Roue : renversement latéral sans envol arrivée 1 ou 2 pieds
Poutre,valorisation,1 acro P2 (min.),elements,1,,,poutre-60-p3-153,P3,Vers l’arrière,Souplesse arrière. Renversement arrière sans envol retour libre
Poutre,valorisation,1 acro P2 (min.),elements,1,,,poutre-60-p3-196,P3,Vers l’avant,Rondade à la station debout (avec ou sans sursaut)
Poutre,valorisation,1 acro P2 (min.),elements,1,,,poutre-60-p3-197,P3,Vers l’avant,Saut de mains. Renversement avant avec envol à la station debout avec ou sans sursaut
Poutre,valorisation,1 acro P2 (min.),elements,1,,,poutre-60-p4-152-plus,P4,Vers l’avant,Roue : renversement latéral sans envol arrivée 1 ou 2 pieds
Poutre,valorisation,1 acro P2 (min.),elements,1,,,poutre-60-p4-153-plus,P4,Vers l’arrière,Souplesse arrière. Renversement arrière sans envol retour libre
Poutre,valorisation,1 acro P2 (min.),elements,1,,,poutre-60-p4-154-plus,P4,Vers l’avant,ATR tenu 2’’ retour libre
Poutre,valorisation,1 acro P2 (min.),elements,1,,,poutre-60-p4-159,P4,Vers l’avant,Souplesse avant ou roue arabe Renverse­ ment avant sans envol aussi avec appui sur 1 bras
Poutre,valorisation,1 acro P2 (min.),elements,1,,,poutre-60-p4-160,P4,Vers l’arrière,Tic-Tac. Renversement avant arrière sans envol
Poutre,valorisation,1 acro P2 (min.),elements,1,,,poutre-60-p4-200,P4,Vers l’avant,Costal
Poutre,valorisation,1 acro P2 (min.),elements,1,,,poutre-60-p5-159-plus,P5,Vers l’avant,Souplesse avant ou roue arabe Renverse­ ment avant sans envol aussi avec appui sur 1 bras
Poutre,valorisation,1 acro P2 (min.),elements,1,,,poutre-60-p5-160-plus,P5,Vers l’arrière,Tic-Tac. Renversement avant arrière sans envol
Poutre,valorisation,1 acro P2 (min.),elements,1,,,poutre-60-p5-164,P5,Vers l’avant,Rondade
Poutre,valorisation,1 acro P2 (min.),elements,1,,,poutre-60-p5-165,P5,Vers l’avant,Saut de mains. Renversement avant avec envol appel 1 pied et réception libre
Poutre,valorisation,1 acro P2 (min.),elements,1,,,poutre-60-p5-166,P5,Vers l’arrière,Flic-flac. Renversement arrière avec envol départ libre arrivée 2 pieds serrés
Poutre,valorisation,1 acro P2 (min.),elements,1,,,poutre-60-p5-168,P5,Vers l’arrière,Flic-flac arrivée pieds décalés
Poutre,valorisation,1 acro P2 (min.),elements,1,,,poutre-60-p5-202,P5,Vers l’avant,Salto avant tendu départ 1 pied
Poutre,valorisation,1 acro P2 (min.),elements,1,,,poutre-60-p6-164-plus,P6,Vers l’avant,Rondade
Poutre,valorisation,1 acro P2 (min.),elements,1,,,poutre-60-p6-168-plus,P6,Vers l’arrière,Flic-flac arrivée pieds décalés
Poutre,valorisation,1 acro P2 (min.),elements,1,,,poutre-60-p6-212,P6,Vers l’avant,"Salto avant corps groupé, carpé, tendu appel 1 pied avec 1 tour"
Poutre,valorisation,1 acro P2 (min.),elements,1,,,poutre-60-p7-175,P7,Vers l’arrière,Flic-flac avec 1/2 de tour en passant par l’ATR et renversement avant (Onodi)
Poutre,valorisation,1 acro P2 (min.),elements,1,,,poutre-60-p7-184,P7,Vers l’avant,"Salto costal, renversement latéral libre"
Poutre,valorisation,1 acro P2 (min.),elements,1,,,poutre-60-p7-185,P7,Vers l’avant,"Salto facial, renversement avant libre"
Poutre,valorisation,1 acro P2 (min.),elements,1,,,poutre-60-p7-190,P7,Vers l’avant,Salto japonais. Salto latéral groupé ou carpé appel 1 pied en latéral et réception
Poutre,valorisation,1 sortie P3 (min.),elements,1,,oui,poutre-59-p3-199,P3,Vers l’arrière,Salto arrière groupé
Poutre,valorisation,1 sortie P3 (min.),elements,1,,oui,poutre-59-p3-201,P3,Vers l’avant,Salto avant corps groupé ou carpé à la station debout appel 1 ou 2 pieds
Poutre,valorisation,1 sortie P3 (min.),elements,1,,oui,poutre-59-p4-203,P4,Vers l’avant,Salto avant avec demi-tour à la station debout (appel 2 pieds)
Poutre,valorisation,1 sortie P3 (min.),elements,1,,oui,poutre-59-p5-209,P5,Vers l’avant,Salto avant tendu appel 2 pieds aussi avec 1/2 tour (180°) à la station debout
Poutre,valorisation,1 sortie P3 (min.),elements,1,,oui,poutre-59-p5-210,P5,Vers l’arrière,Salto arrière tendu aussi avec 1/2 tour (180°) à la station debout
Poutre,valorisation,1 sortie P3 (min.),elements,1,,oui,poutre-59-p5-211,P5,Vers l’arrière,Twist Appel en arrière avec 1/2 tour (180°) et salto avant à la station debout
Poutre,valorisation,1 sortie P3 (min.),elements,1,,oui,poutre-59-p6-214,P6,Vers l’avant,"Salto avant corps groupé, carpé, appel des 2 pieds avec 1 tour (360°)"
Poutre,valorisation,1 sortie P3 (min.),elements,1,,oui,poutre-59-p6-215,P6,Vers l’arrière,"Salto arrière corps groupé, carpé, tendu, avec 1 tour (360°)"
Poutre,valorisation,1 sortie P3 (min.),elements,1,,oui,poutre-59-p7-214bis,P7,Vers l’avant,Salto avant corps tendu appel des 2 pieds avec 1 tour (360°)
Poutre,valorisation,1 sortie P3 (min.),elements,1,,oui,poutre-59-p7-217,P7,Vers l’arrière,Salto arrière avec 3/2 tour ou+
Poutre,valorisation,1 sortie P3 (min.),elements,1,,oui,poutre-59-p7-218,P7,Vers l’arrière,Double salto arrière
Poutre,valorisation,1 sortie P3 (min.),elements,1,,oui,poutre-60-p3-196,P3,Vers l’avant,Rondade à la station debout (avec ou sans sursaut)
Poutre,valorisation,1 sortie P3 (min.),elements,1,,oui,poutre-60-p3-197,P3,Vers l’avant,Saut de mains. Renversement avant avec envol à la station debout avec ou sans sursaut
Poutre,valorisation,1 sortie P3 (min.),elements,1,,oui,poutre-60-p4-200,P4,Vers l’avant,Costal
Poutre,valorisation,1 sortie P3 (min.),elements,1,,oui,poutre-60-p5-202,P5,Vers l’avant,Salto avant tendu départ 1 pied
Poutre,valorisation,1 sortie P3 (min.),elements,1,,oui,poutre-60-p6-212,P6,Vers l’avant,"Salto avant corps groupé, carpé, tendu appel 1 pied avec 1 tour"
Poutre,exigence,1 pivots P4 (min.),elements,1,,,poutre-58-p4-82,P4,,"Pirouette 1 tour (360°) sur 1 jambe et sur 1/2 pointes, position de la jambe libre"
Poutre,exigence,1 pivots P4 (min.),elements,1,,,poutre-58-p5-85,P5,,"Pirouette 1 tour 1/2 (540°) sur 1 jambe et sur 1/2 pointes, position de la jambe libre"
Poutre,exigence,1 pivots P4 (min.),elements,1,,,poutre-58-p5-91,P5,,Pirouette 1/1 tour accroupie
Poutre,exigence,1 pivots P4 (min.),elements,1,,,poutre-58-p6-88,P6,,"Pirouette 2 tours (720°) sur 1 jambe et sur 1/2 pointes, position de la jambe libre"
Poutre,exigence,1 élément P3 (min.),elements,1,,,poutre-57-p3-104,P3,Maintien,Equerre écartée jambes tendues tenue 2’’
Poutre,exigence,1 élément P3 (min.),elements,1,,,poutre-57-p3-154,P3,ATR,ATR tenu 2’’ retour libre
Poutre,exigence,1 élément P3 (min.),elements,1,,,poutre-57-p3-155,P3,ATR,Etablissement latéral à l’ATR tenu 2“ retour des pieds sur la poutre entre les mains
Poutre,exigence,1 élément P3 (min.),elements,1,,,poutre-57-p3-26-new,P3,Maintien,Maintien sur 1 jambe tendue à l’horizontale
Poutre,exigence,1 élément P3 (min.),elements,1,,,poutre-57-p4-110,P4,Maintien,"Equerre renversée jambes serrées tendues ou écartées tendues, tenue 2’’"
Poutre,exigence,1 élément P3 (min.),elements,1,,,poutre-57-p4-169,P4,ATR,Etablissement à l’ATR puis descente contrôlée à l’équerre écartée
Poutre,exigence,1 élément P3 (min.),elements,1,,,poutre-57-p5-174,P5,ATR,De l’équerre monter en force à l’ATR tenu 2“
Poutre,exigence,1 élément P3 (min.),elements,1,,,poutre-58-p3-40-new,P3,,1/2 tour (180°) sur 1 jambe sur 1/2 pointes et détourné
Poutre,exigence,1 élément P3 (min.),elements,1,,,poutre-58-p4-82,P4,,"Pirouette 1 tour (360°) sur 1 jambe et sur 1/2 pointes, position de la jambe libre"
Poutre,exigence,1 élément P3 (min.),elements,1,,,poutre-58-p5-85,P5,,"Pirouette 1 tour 1/2 (540°) sur 1 jambe et sur 1/2 pointes, position de la jambe libre"
Poutre,exigence,1 élément P3 (min.),elements,1,,,poutre-58-p5-91,P5,,Pirouette 1/1 tour accroupie
Poutre,exigence,1 élément P3 (min.),elements,1,,,poutre-58-p6-88,P6,,"Pirouette 2 tours (720°) sur 1 jambe et sur 1/2 pointes, position de la jambe libre"
Poutre,exigence,1 élément P3 (min.),elements,1,,,poutre-59-p3-199,P3,Vers l’arrière,Salto arrière groupé
Poutre,exigence,1 élément P3 (min.),elements,1,,,poutre-59-p3-201,P3,Vers l’avant,Salto avant corps groupé ou carpé à la station debout appel 1 ou 2 pieds
Poutre,exigence,1 élément P3 (min.),elements,1,,,poutre-59-p4-203,P4,Vers l’avant,Salto avant avec demi-tour à la station debout (appel 2 pieds)
Poutre,exigence,1 élément P3 (min.),elements,1,,,poutre-59-p5-187,P5,Vers l’arrière,Salto arrière corps groupé
Poutre,exigence,1 élément P3 (min.),elements,1,,,poutre-59-p5-209,P5,Vers l’avant,Salto avant tendu appel 2 pieds aussi avec 1/2 tour (180°) à la station debout
Poutre,exigence,1 élément P3 (min.),elements,1,,,poutre-59-p5-210,P5,Vers l’arrière,Salto arrière tendu aussi avec 1/2 tour (180°) à la station debout
Poutre,exigence,1 élément P3 (min.),elements,1,,,poutre-59-p5-211,P5,Vers l’arrière,Twist Appel en arrière avec 1/2 tour (180°) et salto avant à la station debout
Poutre,exigence,1 élément P3 (min.),elements,1,,,poutre-59-p6-188,P6,Vers l’arrière,Salto arrière carpé
Poutre,exigence,1 élément P3 (min.),elements,1,,,poutre-59-p6-214,P6,Vers l’avant,"Salto avant corps groupé, carpé, appel des 2 pieds avec 1 tour (360°)"
Poutre,exigence,1 élément P3 (min.),elements,1,,,poutre-59-p6-215,P6,Vers l’arrière,"Salto arrière corps groupé, carpé, tendu, avec 1 tour (360°)"
Poutre,exigence,1 élément P3 (min.),elements,1,,,poutre-59-p6-26,P6,Vers l’avant,Salto avant corps groupé appel d’1 ou 2 pieds arriver au siège groupé
Poutre,exigence,1 élément P3 (min.),elements,1,,,poutre-59-p7-186,P7,Vers l’avant,Salto avant corps groupé ou carpé appel 1 ou 2 pieds arrivée à la station debout
Poutre,exigence,1 élément P3 (min.),elements,1,,,poutre-59-p7-191,P7,Vers l’arrière,"Salto arrière tendu, appel 2 pieds, réception 2 pieds"
Poutre,exigence,1 élément P3 (min.),elements,1,,,poutre-59-p7-192,P7,Vers l’arrière,Salto arrière tendu pieds décalés
Poutre,exigence,1 élément P3 (min.),elements,1,,,poutre-59-p7-214bis,P7,Vers l’avant,Salto avant corps tendu appel des 2 pieds avec 1 tour (360°)
Poutre,exigence,1 élément P3 (min.),elements,1,,,poutre-59-p7-217,P7,Vers l’arrière,Salto arrière avec 3/2 tour ou+
Poutre,exigence,1 élément P3 (min.),elements,1,,,poutre-59-p7-218,P7,Vers l’arrière,Double salto arrière
Poutre,exigence,1 élément P3 (min.),elements,1,,,poutre-60-p3-150-plus,P3,Vers l’avant,ATR passagé
Poutre,exigence,1 élément P3 (min.),elements,1,,,poutre-60-p3-152,P3,Vers l’avant,Roue : renversement latéral sans envol arrivée 1 ou 2 pieds
Poutre,exigence,1 élément P3 (min.),elements,1,,,poutre-60-p3-153,P3,Vers l’arrière,Souplesse arrière. Renversement arrière sans envol retour libre
Poutre,exigence,1 élément P3 (min.),elements,1,,,poutre-60-p3-196,P3,Vers l’avant,Rondade à la station debout (avec ou sans sursaut)
Poutre,exigence,1 élément P3 (min.),elements,1,,,poutre-60-p3-197,P3,Vers l’avant,Saut de mains. Renversement avant avec envol à la station debout avec ou sans sursaut
Poutre,exigence,1 élément P3 (min.),elements,1,,,poutre-60-p4-152-plus,P4,Vers l’avant,Roue : renversement latéral sans envol arrivée 1 ou 2 pieds
Poutre,exigence,1 élément P3 (min.),elements,1,,,poutre-60-p4-153-plus,P4,Vers l’arrière,Souplesse arrière. Renversement arrière sans envol retour libre
Poutre,exigence,1 élément P3 (min.),elements,1,,,poutre-60-p4-154-plus,P4,Vers l’avant,ATR tenu 2’’ retour libre
Poutre,exigence,1 élément P3 (min.),elements,1,,,poutre-60-p4-159,P4,Vers l’avant,Souplesse avant ou roue arabe Renverse­ ment avant sans envol aussi avec appui sur 1 bras
Poutre,exigence,1 élément P3 (min.),elements,1,,,poutre-60-p4-160,P4,Vers l’arrière,Tic-Tac. Renversement avant arrière sans envol
Poutre,exigence,1 élément P3 (min.),elements,1,,,poutre-60-p4-200,P4,Vers l’avant,Costal
Poutre,exigence,1 élément P3 (min.),elements,1,,,poutre-60-p5-159-plus,P5,Vers l’avant,Souplesse avant ou roue arabe Renverse­ ment avant sans envol aussi avec appui sur 1 bras
Poutre,exigence,1 élément P3 (min.),elements,1,,,poutre-60-p5-160-plus,P5,Vers l’arrière,Tic-Tac. Renversement avant arrière sans envol
Poutre,exigence,1 élément P3 (min.),elements,1,,,poutre-60-p5-164,P5,Vers l’avant,Rondade
Poutre,exigence,1 élément P3 (min.),elements,1,,,poutre-60-p5-165,P5,Vers l’avant,Saut de mains. Renversement avant avec envol appel 1 pied et réception libre
Poutre,exigence,1 élément P3 (min.),elements,1,,,poutre-60-p5-166,P5,Vers l’arrière,Flic-flac. Renversement arrière avec envol départ libre arrivée 2 pieds serrés
Poutre,exigence,1 élément P3 (min.),elements,1,,,poutre-60-p5-168,P5,Vers l’arrière,Flic-flac arrivée pieds décalés
Poutre,exigence,1 élément P3 (min.),elements,1,,,poutre-60-p5-202,P5,Vers l’avant,Salto avant tendu départ 1 pied
Poutre,exigence,1 élément P3 (min.),elements,1,,,poutre-60-p6-164-plus,P6,Vers l’avant,Rondade
Poutre,exigence,1 élément P3 (min.),elements,1,,,poutre-60-p6-168-plus,P6,Vers l’arrière,Flic-flac arrivée pieds décalés
Poutre,exigence,1 élément P3 (min.),elements,1,,,poutre-60-p6-212,P6,Vers l’avant,"Salto avant corps groupé, carpé, tendu appel 1 pied avec 1 tour"
Poutre,exigence,1 élément P3 (min.),elements,1,,,poutre-60-p7-175,P7,Vers l’arrière,Flic-flac avec 1/2 de tour en passant par l’ATR et renversement avant (Onodi)
Poutre,exigence,1 élément P3 (min.),elements,1,,,poutre-60-p7-184,P7,Vers l’avant,"Salto costal, renversement latéral libre"
Poutre,exigence,1 élément P3 (min.),elements,1,,,poutre-60-p7-185,P7,Vers l’avant,"Salto facial, renversement avant libre"
Poutre,exigence,1 élément P3 (min.),elements,1,,,poutre-60-p7-190,P7,Vers l’avant,Salto japonais. Salto latéral groupé ou carpé appel 1 pied en latéral et réception
Poutre,exigence,1 élément P3 (min.),elements,1,,,poutre-61-p3-19-new,P3,,Saut de mains. Renversement avant avec envol appel 1 pied et réception libre
Poutre,exigence,1 élément P3 (min.),elements,1,,,poutre-61-p3-20-new,P3,,Rondade
Poutre,exigence,1 élément P3 (min.),elements,1,,,poutre-61-p4-21-new,P4,,Salto avant corps groupé ou carpé appel 1 ou 2 pieds arrivée à la station debout
Poutre,exigence,1 élément P3 (min.),elements,1,,,poutre-61-p4-22-new,P4,,Flic-flac. Renversement arrière avec envol départ libre arrivée 2 pieds serrés
Poutre,exigence,1 élément P3 (min.),elements,1,,,poutre-61-p4-23-new,P4,,Flic-flac arrivée pieds décalés
Poutre,exigence,1 élément P3 (min.),elements,1,,,poutre-61-p5-175,P5,,Flic-flac avec 1/2 de tour en passant par l’ATR et renversement avant (Onodi)
Poutre,exigence,1 élément P3 (min.),elements,1,,,poutre-61-p5-184,P5,,"Salto costal, renversement latéral libre"
Poutre,exigence,1 élément P3 (min.),elements,1,,,poutre-61-p5-187,P5,,Salto arrière corps groupé
Poutre,exigence,1 élément P3 (min.),elements,1,,,poutre-61-p6-190,P6,,Salto japonais. Salto latéral groupé ou carpé appel 1 pied en latéral et réception à la station latérale
Poutre,exigence,1 élément P3 (min.),elements,1,,,poutre-61-p7-185,P7,,"Salto facial, renversement avant libre"
Poutre,exigence,1 élément P3 (min.),elements,1,,,poutre-61-p7-192,P7,,Salto arrière tendu pieds décalés
Poutre,exigence,1 élément P3 (min.),elements,1,,,poutre-62-p3-27-new,P3,,Saut de biche
Poutre,exigence,1 élément P3 (min.),elements,1,,,poutre-62-p3-54,P3,,Saut de cosaque appel d’1 pied Saut groupé 1 jambe tendue à l’horizontale en avant
Poutre,exigence,1 élément P3 (min.),elements,1,,,poutre-62-p3-56,P3,,Saut de chat en avant avec 1/2 tour (180°)
Poutre,exigence,1 élément P3 (min.),elements,1,,,poutre-62-p4-32-new,P4,,Cosaque changement
Poutre,exigence,1 élément P3 (min.),elements,1,,,poutre-62-p4-62,P4,,Saut enjambé appel d’1 pied (écart à 180°) aussi avec la jambe libre fléchie tendue
Poutre,exigence,1 élément P3 (min.),elements,1,,,poutre-62-p5-67,P5,,Saut enjambé avec changement de jambes (angle d’écart 180° après le changement)
Poutre,exigence,1 élément P3 (min.),elements,1,,,poutre-62-p6-69,P6,,Saut enjambé avec 1/2 tour (180°)
Poutre,exigence,1 élément P3 (min.),elements,1,,,poutre-62-p6-70,P6,,Saut enjambé avec changement de jambes (angle d’écart 180° après le changement)
Poutre,exigence,1 élément P3 (min.),elements,1,,,poutre-62-p7-71,P7,,Saut changement de jambes avec 1/2 tour (180°)
Poutre,exigence,1 élément P3 (min.),elements,1,,,poutre-63-p3-49,P3,,Saut antéro-postérieur à 180° appel et réception des 2 pieds
Poutre,exigence,1 élément P3 (min.),elements,1,,,poutre-63-p3-52,P3,,Saut en extension avec 1/2 tour (180°) appel et réception 2 pieds
Poutre,exigence,1 élément P3 (min.),elements,1,,,poutre-63-p4-55,P4,,Sissonne
Poutre,exigence,1 élément P3 (min.),elements,1,,,poutre-63-p4-57,P4,,Saut de cosaque appel des 2 pieds Saut groupé 1 jambe tendue à l’horizontale
Poutre,exigence,1 élément P3 (min.),elements,1,,,poutre-63-p4-58,P4,,Saut avec 3/4 de tour (270°) appel et réception 2 pieds
Poutre,exigence,1 élément P3 (min.),elements,1,,,poutre-63-p4-61,P4,,Saut groupé avec 1/2 tour (180°) appel des 2 pieds
Poutre,exigence,1 élément P3 (min.),elements,1,,,poutre-63-p5-66,P5,,Saut carpé écarté
Poutre,exigence,1 élément P3 (min.),elements,1,,,poutre-63-p6-63,P6,,Saut antéropostérieur à 180° avec ½ tour (180°)
Poutre,exigence,1 élément P3 (min.),elements,1,,,poutre-63-p6-64,P6,,Saut de cosaque 1/2 tour appel des 2 pieds Saut groupé 1 jambe tendue à l’horizontale en avant
Poutre,exigence,1 élément P3 (min.),elements,1,,,poutre-63-p6-66bis,P6,,Saut carpé serré (angle du corps 90°)
Poutre,exigence,1 élément P3 (min.),elements,1,,,poutre-63-p6-68,P6,,Saut avec 1 tour en l’air (360°) appel des 2 pieds
Poutre,exigence,1 élément P3 (min.),elements,1,,,poutre-64-p3-10,P3,,"Saut libre (sans appui des mains) à la station, appel 2 pieds réception libre au bout, au milieu"
Poutre,exigence,1 élément P3 (min.),elements,1,,,poutre-64-p3-12,P3,,"De la station faciale latérale, sauter à l’équerre serrée ou écartée et tenir 2’’"
Poutre,exigence,1 élément P3 (min.),elements,1,,,poutre-64-p4-16,P4,,"Equerre renversée De la station faciale laté­ rale, franchissement groupé ou carpé à l’appui"
Poutre,exigence,1 élément P3 (min.),elements,1,,,poutre-64-p5-19,P5,,"Saut, élan ou élévation à l’ATR retour libre au milieu, au bout ou latéralement par rapport"
Poutre,exigence,1 élément P3 (min.),elements,1,,,poutre-64-p5-22,P5,,"Saut et renversement latéral avec corps tendu avant l’appui des mains sur la poutre et retour libre,"
Poutre,exigence,1 élément P3 (min.),elements,1,,,poutre-64-p5-35-new,P5,,Entrée roue arrivée branchiale
Poutre,exigence,1 élément P3 (min.),elements,1,,,poutre-64-p6-36-new,P6,,Entrée grand jeté
Poutre,exigence,1 élément P3 (min.),elements,1,,,poutre-64-p7-25,P7,,"Salto avant à la station appel 2 pieds, élan en bout par rapport à la poutre"
Poutre,exigence,1 élément P3 (min.),elements,1,,,poutre-64-p7-26,P7,,"Rondade devant le bout poutre flic-flac par l’ATR, retour libre"
Poutre,exigence,1 élément P3 (min.),elements,1,,,poutre-64-p7-34-new,P7,,Entrée flip arrivée brachiale
Poutre,valorisation,2 éléments gymniques P3 (min.) dans le mouvement,elements,2,,,poutre-57-p3-104,P3,Maintien,Equerre écartée jambes tendues tenue 2’’
Poutre,valorisation,2 éléments gymniques P3 (min.) dans le mouvement,elements,2,,,poutre-57-p3-154,P3,ATR,ATR tenu 2’’ retour libre
Poutre,valorisation,2 éléments gymniques P3 (min.) dans le mouvement,elements,2,,,poutre-57-p3-155,P3,ATR,Etablissement latéral à l’ATR tenu 2“ retour des pieds sur la poutre entre les mains
Poutre,valorisation,2 éléments gymniques P3 (min.) dans le mouvement,elements,2,,,poutre-57-p3-26-new,P3,Maintien,Maintien sur 1 jambe tendue à l’horizontale
Poutre,valorisation,2 éléments gymniques P3 (min.) dans le mouvement,elements,2,,,poutre-57-p4-110,P4,Maintien,"Equerre renversée jambes serrées tendues ou écartées tendues, tenue 2’’"
Poutre,valorisation,2 éléments gymniques P3 (min.) dans le mouvement,elements,2,,,poutre-57-p4-169,P4,ATR,Etablissement à l’ATR puis descente contrôlée à l’équerre écartée
Poutre,valorisation,2 éléments gymniques P3 (min.) dans le mouvement,elements,2,,,poutre-57-p5-174,P5,ATR,De l’équerre monter en force à l’ATR tenu 2“
Poutre,valorisation,2 éléments gymniques P3 (min.) dans le mouvement,elements,2,,,poutre-58-p3-40-new,P3,,1/2 tour (180°) sur 1 jambe sur 1/2 pointes et détourné
Poutre,valorisation,2 éléments gymniques P3 (min.) dans le mouvement,elements,2,,,poutre-58-p4-82,P4,,"Pirouette 1 tour (360°) sur 1 jambe et sur 1/2 pointes, position de la jambe libre"
Poutre,valorisation,2 éléments gymniques P3 (min.) dans le mouvement,elements,2,,,poutre-58-p5-85,P5,,"Pirouette 1 tour 1/2 (540°) sur 1 jambe et sur 1/2 pointes, position de la jambe libre"
Poutre,valorisation,2 éléments gymniques P3 (min.) dans le mouvement,elements,2,,,poutre-58-p5-91,P5,,Pirouette 1/1 tour accroupie
Poutre,valorisation,2 éléments gymniques P3 (min.) dans le mouvement,elements,2,,,poutre-58-p6-88,P6,,"Pirouette 2 tours (720°) sur 1 jambe et sur 1/2 pointes, position de la jambe libre"
Poutre,valorisation,2 éléments gymniques P3 (min.) dans le mouvement,elements,2,,,poutre-62-p3-27-new,P3,,Saut de biche
Poutre,valorisation,2 éléments gymniques P3 (min.) dans le mouvement,elements,2,,,poutre-62-p3-54,P3,,Saut de cosaque appel d’1 pied Saut groupé 1 jambe tendue à l’horizontale en avant
Poutre,valorisation,2 éléments gymniques P3 (min.) dans le mouvement,elements,2,,,poutre-62-p3-56,P3,,Saut de chat en avant avec 1/2 tour (180°)
Poutre,valorisation,2 éléments gymniques P3 (min.) dans le mouvement,elements,2,,,poutre-62-p4-32-new,P4,,Cosaque changement
Poutre,valorisation,2 éléments gymniques P3 (min.) dans le mouvement,elements,2,,,poutre-62-p4-62,P4,,Saut enjambé appel d’1 pied (écart à 180°) aussi avec la jambe libre fléchie tendue
Poutre,valorisation,2 éléments gymniques P3 (min.) dans le mouvement,elements,2,,,poutre-62-p5-67,P5,,Saut enjambé avec changement de jambes (angle d’écart 180° après le changement)
Poutre,valorisation,2 éléments gymniques P3 (min.) dans le mouvement,elements,2,,,poutre-62-p6-69,P6,,Saut enjambé avec 1/2 tour (180°)
Poutre,valorisation,2 éléments gymniques P3 (min.) dans le mouvement,elements,2,,,poutre-62-p6-70,P6,,Saut enjambé avec changement de jambes (angle d’écart 180° après le changement)
Poutre,valorisation,2 éléments gymniques P3 (min.) dans le mouvement,elements,2,,,poutre-62-p7-71,P7,,Saut changement de jambes avec 1/2 tour (180°)
Poutre,valorisation,2 éléments gymniques P3 (min.) dans le mouvement,elements,2,,,poutre-63-p3-49,P3,,Saut antéro-postérieur à 180° appel et réception des 2 pieds
Poutre,valorisation,2 éléments gymniques P3 (min.) dans le mouvement,elements,2,,,poutre-63-p3-52,P3,,Saut en extension avec 1/2 tour (180°) appel et réception 2 pieds
Poutre,valorisation,2 éléments gymniques P3 (min.) dans le mouvement,elements,2,,,poutre-63-p4-55,P4,,Sissonne
Poutre,valorisation,2 éléments gymniques P3 (min.) dans le mouvement,elements,2,,,poutre-63-p4-57,P4,,Saut de cosaque appel des 2 pieds Saut groupé 1 jambe tendue à l’horizontale
Poutre,valorisation,2 éléments gymniques P3 (min.) dans le mouvement,elements,2,,,poutre-63-p4-58,P4,,Saut avec 3/4 de tour (270°) appel et réception 2 pieds
Poutre,valorisation,2 éléments gymniques P3 (min.) dans le mouvement,elements,2,,,poutre-63-p4-61,P4,,Saut groupé avec 1/2 tour (180°) appel des 2 pieds
Poutre,valorisation,2 éléments gymniques P3 (min.) dans le mouvement,elements,2,,,poutre-63-p5-66,P5,,Saut carpé écarté
Poutre,valorisation,2 éléments gymniques P3 (min.) dans le mouvement,elements,2,,,poutre-63-p6-63,P6,,Saut antéropostérieur à 180° avec ½ tour (180°)
Poutre,valorisation,2 éléments gymniques P3 (min.) dans le mouvement,elements,2,,,poutre-63-p6-64,P6,,Saut de cosaque 1/2 tour appel des 2 pieds Saut groupé 1 jambe tendue à l’horizontale en avant
Poutre,valorisation,2 éléments gymniques P3 (min.) dans le mouvement,elements,2,,,poutre-63-p6-66bis,P6,,Saut carpé serré (angle du corps 90°)
Poutre,valorisation,2 éléments gymniques P3 (min.) dans le mouvement,elements,2,,,poutre-63-p6-68,P6,,Saut avec 1 tour en l’air (360°) appel des 2 pieds
Poutre,valorisation,1 saut avec écart antéro,elements,1,,,poutre-62-p4-62,P4,,Saut enjambé appel d’1 pied (écart à 180°) aussi avec la jambe libre fléchie tendue
Poutre,valorisation,1 saut avec écart antéro,elements,1,,,poutre-62-p5-67,P5,,Saut enjambé avec changement de jambes (angle d’écart 180° après le changement)
Poutre,valorisation,1 saut avec écart antéro,elements,1,,,poutre-62-p6-69,P6,,Saut enjambé avec 1/2 tour (180°)
Poutre,valorisation,1 saut avec écart antéro,elements,1,,,poutre-62-p6-70,P6,,Saut enjambé avec changement de jambes (angle d’écart 180° après le changement)
Poutre,valorisation,1 saut avec écart antéro,elements,1,,,poutre-62-p7-71,P7,,Saut changement de jambes avec 1/2 tour (180°)
Poutre,valorisation,1 saut avec écart antéro,elements,1,,,poutre-63-p3-49,P3,,Saut antéro-postérieur à 180° appel et réception des 2 pieds
Poutre,valorisation,1 saut avec écart antéro,elements,1,,,poutre-63-p6-63,P6,,Saut antéropostérieur à 180° avec ½ tour (180°)
Poutre,valorisation,1 élément acro sur la poutre P3 (min.),elements,1,,,poutre-59-p3-199,P3,Vers l’arrière,Salto arrière groupé
Poutre,valorisation,1 élément acro sur la poutre P3 (min.),elements,1,,,poutre-59-p3-201,P3,Vers l’avant,Salto avant corps groupé ou carpé à la station debout appel 1 ou 2 pieds
Poutre,valorisation,1 élément acro sur la poutre P3 (min.),elements,1,,,poutre-59-p4-203,P4,Vers l’avant,Salto avant avec demi-tour à la station debout (appel 2 pieds)
Poutre,valorisation,1 élément acro sur la poutre P3 (min.),elements,1,,,poutre-59-p5-187,P5,Vers l’arrière,Salto arrière corps groupé
Poutre,valorisation,1 élément acro sur la poutre P3 (min.),elements,1,,,poutre-59-p5-209,P5,Vers l’avant,Salto avant tendu appel 2 pieds aussi avec 1/2 tour (180°) à la station debout
Poutre,valorisation,1 élément acro sur la poutre P3 (min.),elements,1,,,poutre-59-p5-210,P5,Vers l’arrière,Salto arrière tendu aussi avec 1/2 tour (180°) à la station debout
Poutre,valorisation,1 élément acro sur la poutre P3 (min.),elements,1,,,poutre-59-p5-211,P5,Vers l’arrière,Twist Appel en arrière avec 1/2 tour (180°) et salto avant à la station debout
Poutre,valorisation,1 élément acro sur la poutre P3 (min.),elements,1,,,poutre-59-p6-188,P6,Vers l’arrière,Salto arrière carpé
Poutre,valorisation,1 élément acro sur la poutre P3 (min.),elements,1,,,poutre-59-p6-214,P6,Vers l’avant,"Salto avant corps groupé, carpé, appel des 2 pieds avec 1 tour (360°)"
Poutre,valorisation,1 élément acro sur la poutre P3 (min.),elements,1,,,poutre-59-p6-215,P6,Vers l’arrière,"Salto arrière corps groupé, carpé, tendu, avec 1 tour (360°)"
Poutre,valorisation,1 élément acro sur la poutre P3 (min.),elements,1,,,poutre-59-p6-26,P6,Vers l’avant,Salto avant corps groupé appel d’1 ou 2 pieds arriver au siège groupé
Poutre,valorisation,1 élément acro sur la poutre P3 (min.),elements,1,,,poutre-59-p7-186,P7,Vers l’avant,Salto avant corps groupé ou carpé appel 1 ou 2 pieds arrivée à la station debout
Poutre,valorisation,1 élément acro sur la poutre P3 (min.),elements,1,,,poutre-59-p7-191,P7,Vers l’arrière,"Salto arrière tendu, appel 2 pieds, réception 2 pieds"
Poutre,valorisation,1 élément acro sur la poutre P3 (min.),elements,1,,,poutre-59-p7-192,P7,Vers l’arrière,Salto arrière tendu pieds décalés
Poutre,valorisation,1 élément acro sur la poutre P3 (min.),elements,1,,,poutre-59-p7-214bis,P7,Vers l’avant,Salto avant corps tendu appel des 2 pieds avec 1 tour (360°)
Poutre,valorisation,1 élément acro sur la poutre P3 (min.),elements,1,,,poutre-59-p7-217,P7,Vers l’arrière,Salto arrière avec 3/2 tour ou+
Poutre,valorisation,1 élément acro sur la poutre P3 (min.),elements,1,,,poutre-59-p7-218,P7,Vers l’arrière,Double salto arrière
Poutre,valorisation,1 élément acro sur la poutre P3 (min.),elements,1,,,poutre-60-p3-150-plus,P3,Vers l’avant,ATR passagé
Poutre,valorisation,1 élément acro sur la poutre P3 (min.),elements,1,,,poutre-60-p3-152,P3,Vers l’avant,Roue : renversement latéral sans envol arrivée 1 ou 2 pieds
Poutre,valorisation,1 élément acro sur la poutre P3 (min.),elements,1,,,poutre-60-p3-153,P3,Vers l’arrière,Souplesse arrière. Renversement arrière sans envol retour libre
Poutre,valorisation,1 élément acro sur la poutre P3 (min.),elements,1,,,poutre-60-p3-196,P3,Vers l’avant,Rondade à la station debout (avec ou sans sursaut)
Poutre,valorisation,1 élément acro sur la poutre P3 (min.),elements,1,,,poutre-60-p3-197,P3,Vers l’avant,Saut de mains. Renversement avant avec envol à la station debout avec ou sans sursaut
Poutre,valorisation,1 élément acro sur la poutre P3 (min.),elements,1,,,poutre-60-p4-152-plus,P4,Vers l’avant,Roue : renversement latéral sans envol arrivée 1 ou 2 pieds
Poutre,valorisation,1 élément acro sur la poutre P3 (min.),elements,1,,,poutre-60-p4-153-plus,P4,Vers l’arrière,Souplesse arrière. Renversement arrière sans envol retour libre
Poutre,valorisation,1 élément acro sur la poutre P3 (min.),elements,1,,,poutre-60-p4-154-plus,P4,Vers l’avant,ATR tenu 2’’ retour libre
Poutre,valorisation,1 élément acro sur la poutre P3 (min.),elements,1,,,poutre-60-p4-159,P4,Vers l’avant,Souplesse avant ou roue arabe Renverse­ ment avant sans envol aussi avec appui sur 1 bras
Poutre,valorisation,1 élément acro sur la poutre P3 (min.),elements,1,,,poutre-60-p4-160,P4,Vers l’arrière,Tic-Tac. Renversement avant arrière sans envol
Poutre,valorisation,1 élément acro sur la poutre P3 (min.),elements,1,,,poutre-60-p4-200,P4,Vers l’avant,Costal
Poutre,valorisation,1 élément acro sur la poutre P3 (min.),elements,1,,,poutre-60-p5-159-plus,P5,Vers l’avant,Souplesse avant ou roue arabe Renverse­ ment avant sans envol aussi avec appui sur 1 bras
Poutre,valorisation,1 élément acro sur la poutre P3 (min.),elements,1,,,poutre-60-p5-160-plus,P5,Vers l’arrière,Tic-Tac. Renversement avant arrière sans envol
Poutre,valorisation,1 élément acro sur la poutre P3 (min.),elements,1,,,poutre-60-p5-164,P5,Vers l’avant,Rondade
Poutre,valorisation,1 élément acro sur la poutre P3 (min.),elements,1,,,poutre-60-p5-165,P5,Vers l’avant,Saut de mains. Renversement avant avec envol appel 1 pied et réception libre
Poutre,valorisation,1 élément acro sur la poutre P3 (min.),elements,1,,,poutre-60-p5-166,P5,Vers l’arrière,Flic-flac. Renversement arrière avec envol départ libre arrivée 2 pieds serrés
Poutre,valorisation,1 élément acro sur la poutre P3 (min.),elements,1,,,poutre-60-p5-168,P5,Vers l’arrière,Flic-flac arrivée pieds décalés
Poutre,valorisation,1 élément acro sur la poutre P3 (min.),elements,1,,,poutre-60-p5-202,P5,Vers l’avant,Salto avant tendu départ 1 pied
Poutre,valorisation,1 élément acro sur la poutre P3 (min.),elements,1,,,poutre-60-p6-164-plus,P6,Vers l’avant,Rondade
Poutre,valorisation,1 élément acro sur la poutre P3 (min.),elements,1,,,poutre-60-p6-168-plus,P6,Vers l’arrière,Flic-flac arrivée pieds décalés
Poutre,valorisation,1 élément acro sur la poutre P3 (min.),elements,1,,,poutre-60-p6-212,P6,Vers l’avant,"Salto avant corps groupé, carpé, tendu appel 1 pied avec 1 tour"
Poutre,valorisation,1 élément acro sur la poutre P3 (min.),elements,1,,,poutre-60-p7-175,P7,Vers l’arrière,Flic-flac avec 1/2 de tour en passant par l’ATR et renversement avant (Onodi)
Poutre,valorisation,1 élément acro sur la poutre P3 (min.),elements,1,,,poutre-60-p7-184,P7,Vers l’avant,"Salto costal, renversement latéral libre"
Poutre,valorisation,1 élément acro sur la poutre P3 (min.),elements,1,,,poutre-60-p7-185,P7,Vers l’avant,"Salto facial, renversement avant libre"
Poutre,valorisation,1 élément acro sur la poutre P3 (min.),elements,1,,,poutre-60-p7-190,P7,Vers l’avant,Salto japonais. Salto latéral groupé ou carpé appel 1 pied en latéral et réception
Poutre,exigence,3 acros en poutre haute,elements,3,,,poutre-59-pre-requis-124,PRÉ-REQUIS,,"Départ libre, roulade avant arrivée au siège écart"
Poutre,exigence,3 acros en poutre haute,elements,3,,,poutre-59-p1-5-new,P1,,Saut droit
Poutre,exigence,3 acros en poutre haute,elements,3,,,poutre-59-p2-193,P2,Vers l’avant,"En bout de poutre, appel 2 pieds, saut vertical et réception à la station debout"
Poutre,exigence,3 acros en poutre haute,elements,3,,,poutre-59-p2-4-new,P2,Vers l’arrière,"En bout de poutre, appel 2 pieds saut vertical vers l’arrière et réception à la station debout"
Poutre,exigence,3 acros en poutre haute,elements,3,,,poutre-59-p3-199,P3,Vers l’arrière,Salto arrière groupé
Poutre,exigence,3 acros en poutre haute,elements,3,,,poutre-59-p3-201,P3,Vers l’avant,Salto avant corps groupé ou carpé à la station debout appel 1 ou 2 pieds
Poutre,exigence,3 acros en poutre haute,elements,3,,,poutre-59-p4-203,P4,Vers l’avant,Salto avant avec demi-tour à la station debout (appel 2 pieds)
Poutre,exigence,3 acros en poutre haute,elements,3,,,poutre-59-p5-187,P5,Vers l’arrière,Salto arrière corps groupé
Poutre,exigence,3 acros en poutre haute,elements,3,,,poutre-59-p5-209,P5,Vers l’avant,Salto avant tendu appel 2 pieds aussi avec 1/2 tour (180°) à la station debout
Poutre,exigence,3 acros en poutre haute,elements,3,,,poutre-59-p5-210,P5,Vers l’arrière,Salto arrière tendu aussi avec 1/2 tour (180°) à la station debout
Poutre,exigence,3 acros en poutre haute,elements,3,,,poutre-59-p5-211,P5,Vers l’arrière,Twist Appel en arrière avec 1/2 tour (180°) et salto avant à la station debout
Poutre,exigence,3 acros en poutre haute,elements,3,,,poutre-59-p6-188,P6,Vers l’arrière,Salto arrière carpé
Poutre,exigence,3 acros en poutre haute,elements,3,,,poutre-59-p6-214,P6,Vers l’avant,"Salto avant corps groupé, carpé, appel des 2 pieds avec 1 tour (360°)"
Poutre,exigence,3 acros en poutre haute,elements,3,,,poutre-59-p6-215,P6,Vers l’arrière,"Salto arrière corps groupé, carpé, tendu, avec 1 tour (360°)"
Poutre,exigence,3 acros en poutre haute,elements,3,,,poutre-59-p6-26,P6,Vers l’avant,Salto avant corps groupé appel d’1 ou 2 pieds arriver au siège groupé
Poutre,exigence,3 acros en poutre haute,elements,3,,,poutre-59-p7-186,P7,Vers l’avant,Salto avant corps groupé ou carpé appel 1 ou 2 pieds arrivée à la station debout
Poutre,exigence,3 acros en poutre haute,elements,3,,,poutre-59-p7-191,P7,Vers l’arrière,"Salto arrière tendu, appel 2 pieds, réception 2 pieds"
Poutre,exigence,3 acros en poutre haute,elements,3,,,poutre-59-p7-192,P7,Vers l’arrière,Salto arrière tendu pieds décalés
Poutre,exigence,3 acros en poutre haute,elements,3,,,poutre-59-p7-214bis,P7,Vers l’avant,Salto avant corps tendu appel des 2 pieds avec 1 tour (360°)
Poutre,exigence,3 acros en poutre haute,elements,3,,,poutre-59-p7-217,P7,Vers l’arrière,Salto arrière avec 3/2 tour ou+
Poutre,exigence,3 acros en poutre haute,elements,3,,,poutre-59-p7-218,P7,Vers l’arrière,Double salto arrière
Poutre,exigence,3 acros en poutre haute,elements,3,,,poutre-59-nomade-127,NOMADE,,"Départ libre, roulade avant arrivée sur 1 ou 2 pieds"
Poutre,exigence,3 acros en poutre haute,elements,3,,,poutre-59-nomade-130,NOMADE,,"Départ libre, roulade avant sans les mains arrivée sur 1 ou 2 pieds"
Poutre,exigence,3 acros en poutre haute,elements,3,,,poutre-59-nomade-205,NOMADE,,"Salto Auerbach groupé, carpé ou tendu sur le côté de la poutre à la station debout"
Poutre,exigence,3 acros en poutre haute,elements,3,,,poutre-59-nomade-213,NOMADE,,Salto Auerbach groupé au bout de la poutre à la station debout
Poutre,exigence,3 acros en poutre haute,elements,3,,,poutre-60-p1-146,P1,,"De la fente avant, venir à l’ATR 1 jambe à la verticale, retour libre"
Poutre,exigence,3 acros en poutre haute,elements,3,,,poutre-60-p3-150-plus,P3,Vers l’avant,ATR passagé
Poutre,exigence,3 acros en poutre haute,elements,3,,,poutre-60-p3-152,P3,Vers l’avant,Roue : renversement latéral sans envol arrivée 1 ou 2 pieds
Poutre,exigence,3 acros en poutre haute,elements,3,,,poutre-60-p3-153,P3,Vers l’arrière,Souplesse arrière. Renversement arrière sans envol retour libre
Poutre,exigence,3 acros en poutre haute,elements,3,,,poutre-60-p3-196,P3,Vers l’avant,Rondade à la station debout (avec ou sans sursaut)
Poutre,exigence,3 acros en poutre haute,elements,3,,,poutre-60-p3-197,P3,Vers l’avant,Saut de mains. Renversement avant avec envol à la station debout avec ou sans sursaut
Poutre,exigence,3 acros en poutre haute,elements,3,,,poutre-60-p4-152-plus,P4,Vers l’avant,Roue : renversement latéral sans envol arrivée 1 ou 2 pieds
Poutre,exigence,3 acros en poutre haute,elements,3,,,poutre-60-p4-153-plus,P4,Vers l’arrière,Souplesse arrière. Renversement arrière sans envol retour libre
Poutre,exigence,3 acros en poutre haute,elements,3,,,poutre-60-p4-154-plus,P4,Vers l’avant,ATR tenu 2’’ retour libre
Poutre,exigence,3 acros en poutre haute,elements,3,,,poutre-60-p4-159,P4,Vers l’avant,Souplesse avant ou roue arabe Renverse­ ment avant sans envol aussi avec appui sur 1 bras
Poutre,exigence,3 acros en poutre haute,elements,3,,,poutre-60-p4-160,P4,Vers l’arrière,Tic-Tac. Renversement avant arrière sans envol
Poutre,exigence,3 acros en poutre haute,elements,3,,,poutre-60-p4-200,P4,Vers l’avant,Costal
Poutre,exigence,3 acros en poutre haute,elements,3,,,poutre-60-p5-159-plus,P5,Vers l’avant,Souplesse avant ou roue arabe Renverse­ ment avant sans envol aussi avec appui sur 1 bras
Poutre,exigence,3 acros en poutre haute,elements,3,,,poutre-60-p5-160-plus,P5,Vers l’arrière,Tic-Tac. Renversement avant arrière sans envol
Poutre,exigence,3 acros en poutre haute,elements,3,,,poutre-60-p5-164,P5,Vers l’avant,Rondade
Poutre,exigence,3 acros en poutre haute,elements,3,,,poutre-60-p5-165,P5,Vers l’avant,Saut de mains. Renversement avant avec envol appel 1 pied et réception libre
Poutre,exigence,3 acros en poutre haute,elements,3,,,poutre-60-p5-166,P5,Vers l’arrière,Flic-flac. Renversement arrière avec envol départ libre arrivée 2 pieds serrés
Poutre,exigence,3 acros en poutre haute,elements,3,,,poutre-60-p5-168,P5,Vers l’arrière,Flic-flac arrivée pieds décalés
Poutre,exigence,3 acros en poutre haute,elements,3,,,poutre-60-p5-202,P5,Vers l’avant,Salto avant tendu départ 1 pied
Poutre,exigence,3 acros en poutre haute,elements,3,,,poutre-60-p6-164-plus,P6,Vers l’avant,Rondade
Poutre,exigence,3 acros en poutre haute,elements,3,,,poutre-60-p6-168-plus,P6,Vers l’arrière,Flic-flac arrivée pieds décalés
Poutre,exigence,3 acros en poutre haute,elements,3,,,poutre-60-p6-212,P6,Vers l’avant,"Salto avant corps groupé, carpé, tendu appel 1 pied avec 1 tour"
Poutre,exigence,3 acros en poutre haute,elements,3,,,poutre-60-p7-175,P7,Vers l’arrière,Flic-flac avec 1/2 de tour en passant par l’ATR et renversement avant (Onodi)
Poutre,exigence,3 acros en poutre haute,elements,3,,,poutre-60-p7-184,P7,Vers l’avant,"Salto costal, renversement latéral libre"
Poutre,exigence,3 acros en poutre haute,elements,3,,,poutre-60-p7-185,P7,Vers l’avant,"Salto facial, renversement avant libre"
Poutre,exigence,3 acros en poutre haute,elements,3,,,poutre-60-p7-190,P7,Vers l’avant,Salto japonais. Salto latéral groupé ou carpé appel 1 pied en latéral et réception
Poutre,exigence,3 acros en poutre haute,elements,3,,,poutre-60-nomade-158,NOMADE,,Renversement latéral avec envol avant ou après la pose des mains
Poutre,exigence,3 acros en poutre haute,elements,3,,,poutre-60-nomade-167,NOMADE,,Flic-flac poisson
Poutre,exigence,1 élément P4 (min.),elements,1,,,poutre-57-p4-110,P4,Maintien,"Equerre renversée jambes serrées tendues ou écartées tendues, tenue 2’’"
Poutre,exigence,1 élément P4 (min.),elements,1,,,poutre-57-p4-169,P4,ATR,Etablissement à l’ATR puis descente contrôlée à l’équerre écartée
Poutre,exigence,1 élément P4 (min.),elements,1,,,poutre-57-p5-174,P5,ATR,De l’équerre monter en force à l’ATR tenu 2“
Poutre,exigence,1 élément P4 (min.),elements,1,,,poutre-58-p4-82,P4,,"Pirouette 1 tour (360°) sur 1 jambe et sur 1/2 pointes, position de la jambe libre"
Poutre,exigence,1 élément P4 (min.),elements,1,,,poutre-58-p5-85,P5,,"Pirouette 1 tour 1/2 (540°) sur 1 jambe et sur 1/2 pointes, position de la jambe libre"
Poutre,exigence,1 élément P4 (min.),elements,1,,,poutre-58-p5-91,P5,,Pirouette 1/1 tour accroupie
Poutre,exigence,1 élément P4 (min.),elements,1,,,poutre-58-p6-88,P6,,"Pirouette 2 tours (720°) sur 1 jambe et sur 1/2 pointes, position de la jambe libre"
Poutre,exigence,1 élément P4 (min.),elements,1,,,poutre-59-p4-203,P4,Vers l’avant,Salto avant avec demi-tour à la station debout (appel 2 pieds)
Poutre,exigence,1 élément P4 (min.),elements,1,,,poutre-59-p5-187,P5,Vers l’arrière,Salto arrière corps groupé
Poutre,exigence,1 élément P4 (min.),elements,1,,,poutre-59-p5-209,P5,Vers l’avant,Salto avant tendu appel 2 pieds aussi avec 1/2 tour (180°) à la station debout
Poutre,exigence,1 élément P4 (min.),elements,1,,,poutre-59-p5-210,P5,Vers l’arrière,Salto arrière tendu aussi avec 1/2 tour (180°) à la station debout
Poutre,exigence,1 élément P4 (min.),elements,1,,,poutre-59-p5-211,P5,Vers l’arrière,Twist Appel en arrière avec 1/2 tour (180°) et salto avant à la station debout
Poutre,exigence,1 élément P4 (min.),elements,1,,,poutre-59-p6-188,P6,Vers l’arrière,Salto arrière carpé
Poutre,exigence,1 élément P4 (min.),elements,1,,,poutre-59-p6-214,P6,Vers l’avant,"Salto avant corps groupé, carpé, appel des 2 pieds avec 1 tour (360°)"
Poutre,exigence,1 élément P4 (min.),elements,1,,,poutre-59-p6-215,P6,Vers l’arrière,"Salto arrière corps groupé, carpé, tendu, avec 1 tour (360°)"
Poutre,exigence,1 élément P4 (min.),elements,1,,,poutre-59-p6-26,P6,Vers l’avant,Salto avant corps groupé appel d’1 ou 2 pieds arriver au siège groupé
Poutre,exigence,1 élément P4 (min.),elements,1,,,poutre-59-p7-186,P7,Vers l’avant,Salto avant corps groupé ou carpé appel 1 ou 2 pieds arrivée à la station debout
Poutre,exigence,1 élément P4 (min.),elements,1,,,poutre-59-p7-191,P7,Vers l’arrière,"Salto arrière tendu, appel 2 pieds, réception 2 pieds"
Poutre,exigence,1 élément P4 (min.),elements,1,,,poutre-59-p7-192,P7,Vers l’arrière,Salto arrière tendu pieds décalés
Poutre,exigence,1 élément P4 (min.),elements,1,,,poutre-59-p7-214bis,P7,Vers l’avant,Salto avant corps tendu appel des 2 pieds avec 1 tour (360°)
Poutre,exigence,1 élément P4 (min.),elements,1,,,poutre-59-p7-217,P7,Vers l’arrière,Salto arrière avec 3/2 tour ou+
Poutre,exigence,1 élément P4 (min.),elements,1,,,poutre-59-p7-218,P7,Vers l’arrière,Double salto arrière
Poutre,exigence,1 élément P4 (min.),elements,1,,,poutre-60-p4-152-plus,P4,Vers l’avant,Roue : renversement latéral sans envol arrivée 1 ou 2 pieds
Poutre,exigence,1 élément P4 (min.),elements,1,,,poutre-60-p4-153-plus,P4,Vers l’arrière,Souplesse arrière. Renversement arrière sans envol retour libre
Poutre,exigence,1 élément P4 (min.),elements,1,,,poutre-60-p4-154-plus,P4,Vers l’avant,ATR tenu 2’’ retour libre
Poutre,exigence,1 élément P4 (min.),elements,1,,,poutre-60-p4-159,P4,Vers l’avant,Souplesse avant ou roue arabe Renverse­ ment avant sans envol aussi avec appui sur 1 bras
Poutre,exigence,1 élément P4 (min.),elements,1,,,poutre-60-p4-160,P4,Vers l’arrière,Tic-Tac. Renversement avant arrière sans envol
Poutre,exigence,1 élément P4 (min.),elements,1,,,poutre-60-p4-200,P4,Vers l’avant,Costal
Poutre,exigence,1 élément P4 (min.),elements,1,,,poutre-60-p5-159-plus,P5,Vers l’avant,Souplesse avant ou roue arabe Renverse­ ment avant sans envol aussi avec appui sur 1 bras
Poutre,exigence,1 élément P4 (min.),elements,1,,,poutre-60-p5-160-plus,P5,Vers l’arrière,Tic-Tac. Renversement avant arrière sans envol
Poutre,exigence,1 élément P4 (min.),elements,1,,,poutre-60-p5-164,P5,Vers l’avant,Rondade
Poutre,exigence,1 élément P4 (min.),elements,1,,,poutre-60-p5-165,P5,Vers l’avant,Saut de mains. Renversement avant avec envol appel 1 pied et réception libre
Poutre,exigence,1 élément P4 (min.),elements,1,,,poutre-60-p5-166,P5,Vers l’arrière,Flic-flac. Renversement arrière avec envol départ libre arrivée 2 pieds serrés
Poutre,exigence,1 élément P4 (min.),elements,1,,,poutre-60-p5-168,P5,Vers l’arrière,Flic-flac arrivée pieds décalés
Poutre,exigence,1 élément P4 (min.),elements,1,,,poutre-60-p5-202,P5,Vers l’avant,Salto avant tendu départ 1 pied
Poutre,exigence,1 élément P4 (min.),elements,1,,,poutre-60-p6-164-plus,P6,Vers l’avant,Rondade
Poutre,exigence,1 élément P4 (min.),elements,1,,,poutre-60-p6-168-plus,P6,Vers l’arrière,Flic-flac arrivée pieds décalés
Poutre,exigence,1 élément P4 (min.),elements,1,,,poutre-60-p6-212,P6,Vers l’avant,"Salto avant corps groupé, carpé, tendu appel 1 pied avec 1 tour"
Poutre,exigence,1 élément P4 (min.),elements,1,,,poutre-60-p7-175,P7,Vers l’arrière,Flic-flac avec 1/2 de tour en passant par l’ATR et renversement avant (Onodi)
Poutre,exigence,1 élément P4 (min.),elements,1,,,poutre-60-p7-184,P7,Vers l’avant,"Salto costal, renversement latéral libre"
Poutre,exigence,1 élément P4 (min.),elements,1,,,poutre-60-p7-185,P7,Vers l’avant,"Salto facial, renversement avant libre"
Poutre,exigence,1 élément P4 (min.),elements,1,,,poutre-60-p7-190,P7,Vers l’avant,Salto japonais. Salto latéral groupé ou carpé appel 1 pied en latéral et réception
Poutre,exigence,1 élément P4 (min.),elements,1,,,poutre-61-p4-21-new,P4,,Salto avant corps groupé ou carpé appel 1 ou 2 pieds arrivée à la station debout
Poutre,exigence,1 élément P4 (min.),elements,1,,,poutre-61-p4-22-new,P4,,Flic-flac. Renversement arrière avec envol départ libre arrivée 2 pieds serrés
Poutre,exigence,1 élément P4 (min.),elements,1,,,poutre-61-p4-23-new,P4,,Flic-flac arrivée pieds décalés
Poutre,exigence,1 élément P4 (min.),elements,1,,,poutre-61-p5-175,P5,,Flic-flac avec 1/2 de tour en passant par l’ATR et renversement avant (Onodi)
Poutre,exigence,1 élément P4 (min.),elements,1,,,poutre-61-p5-184,P5,,"Salto costal, renversement latéral libre"
Poutre,exigence,1 élément P4 (min.),elements,1,,,poutre-61-p5-187,P5,,Salto arrière corps groupé
Poutre,exigence,1 élément P4 (min.),elements,1,,,poutre-61-p6-190,P6,,Salto japonais. Salto latéral groupé ou carpé appel 1 pied en latéral et réception à la station latérale
Poutre,exigence,1 élément P4 (min.),elements,1,,,poutre-61-p7-185,P7,,"Salto facial, renversement avant libre"
Poutre,exigence,1 élément P4 (min.),elements,1,,,poutre-61-p7-192,P7,,Salto arrière tendu pieds décalés
Poutre,exigence,1 élément P4 (min.),elements,1,,,poutre-62-p4-32-new,P4,,Cosaque changement
Poutre,exigence,1 élément P4 (min.),elements,1,,,poutre-62-p4-62,P4,,Saut enjambé appel d’1 pied (écart à 180°) aussi avec la jambe libre fléchie tendue
Poutre,exigence,1 élément P4 (min.),elements,1,,,poutre-62-p5-67,P5,,Saut enjambé avec changement de jambes (angle d’écart 180° après le changement)
Poutre,exigence,1 élément P4 (min.),elements,1,,,poutre-62-p6-69,P6,,Saut enjambé avec 1/2 tour (180°)
Poutre,exigence,1 élément P4 (min.),elements,1,,,poutre-62-p6-70,P6,,Saut enjambé avec changement de jambes (angle d’écart 180° après le changement)
Poutre,exigence,1 élément P4 (min.),elements,1,,,poutre-62-p7-71,P7,,Saut changement de jambes avec 1/2 tour (180°)
Poutre,exigence,1 élément P4 (min.),elements,1,,,poutre-63-p4-55,P4,,Sissonne
Poutre,exigence,1 élément P4 (min.),elements,1,,,poutre-63-p4-57,P4,,Saut de cosaque appel des 2 pieds Saut groupé 1 jambe tendue à l’horizontale
Poutre,exigence,1 élément P4 (min.),elements,1,,,poutre-63-p4-58,P4,,Saut avec 3/4 de tour (270°) appel et réception 2 pieds
Poutre,exigence,1 élément P4 (min.),elements,1,,,poutre-63-p4-61,P4,,Saut groupé avec 1/2 tour (180°) appel des 2 pieds
Poutre,exigence,1 élément P4 (min.),elements,1,,,poutre-63-p5-66,P5,,Saut carpé écarté
Poutre,exigence,1 élément P4 (min.),elements,1,,,poutre-63-p6-63,P6,,Saut antéropostérieur à 180° avec ½ tour (180°)
Poutre,exigence,1 élément P4 (min.),elements,1,,,poutre-63-p6-64,P6,,Saut de cosaque 1/2 tour appel des 2 pieds Saut groupé 1 jambe tendue à l’horizontale en avant
Poutre,exigence,1 élément P4 (min.),elements,1,,,poutre-63-p6-66bis,P6,,Saut carpé serré (angle du corps 90°)
Poutre,exigence,1 élément P4 (min.),elements,1,,,poutre-63-p6-68,P6,,Saut avec 1 tour en l’air (360°) appel des 2 pieds
Poutre,exigence,1 élément P4 (min.),elements,1,,,poutre-64-p4-16,P4,,"Equerre renversée De la station faciale laté­ rale, franchissement groupé ou carpé à l’appui"
Poutre,exigence,1 élément P4 (min.),elements,1,,,poutre-64-p5-19,P5,,"Saut, élan ou élévation à l’ATR retour libre au milieu, au bout ou latéralement par rapport"
Poutre,exigence,1 élément P4 (min.),elements,1,,,poutre-64-p5-22,P5,,"Saut et renversement latéral avec corps tendu avant l’appui des mains sur la poutre et retour libre,"
Poutre,exigence,1 élément P4 (min.),elements,1,,,poutre-64-p5-35-new,P5,,Entrée roue arrivée branchiale
Poutre,exigence,1 élément P4 (min.),elements,1,,,poutre-64-p6-36-new,P6,,Entrée grand jeté
Poutre,exigence,1 élément P4 (min.),elements,1,,,poutre-64-p7-25,P7,,"Salto avant à la station appel 2 pieds, élan en bout par rapport à la poutre"
Poutre,exigence,1 élément P4 (min.),elements,1,,,poutre-64-p7-26,P7,,"Rondade devant le bout poutre flic-flac par l’ATR, retour libre"
Poutre,exigence,1 élément P4 (min.),elements,1,,,poutre-64-p7-34-new,P7,,Entrée flip arrivée brachiale
Poutre,valorisation,1 acro sur la poutre P4 (min.),elements,1,,,poutre-59-p4-203,P4,Vers l’avant,Salto avant avec demi-tour à la station debout (appel 2 pieds)
Poutre,valorisation,1 acro sur la poutre P4 (min.),elements,1,,,poutre-59-p5-187,P5,Vers l’arrière,Salto arrière corps groupé
Poutre,valorisation,1 acro sur la poutre P4 (min.),elements,1,,,poutre-59-p5-209,P5,Vers l’avant,Salto avant tendu appel 2 pieds aussi avec 1/2 tour (180°) à la station debout
Poutre,valorisation,1 acro sur la poutre P4 (min.),elements,1,,,poutre-59-p5-210,P5,Vers l’arrière,Salto arrière tendu aussi avec 1/2 tour (180°) à la station debout
Poutre,valorisation,1 acro sur la poutre P4 (min.),elements,1,,,poutre-59-p5-211,P5,Vers l’arrière,Twist Appel en arrière avec 1/2 tour (180°) et salto avant à la station debout
Poutre,valorisation,1 acro sur la poutre P4 (min.),elements,1,,,poutre-59-p6-188,P6,Vers l’arrière,Salto arrière carpé
Poutre,valorisation,1 acro sur la poutre P4 (min.),elements,1,,,poutre-59-p6-214,P6,Vers l’avant,"Salto avant corps groupé, carpé, appel des 2 pieds avec 1 tour (360°)"
Poutre,valorisation,1 acro sur la poutre P4 (min.),elements,1,,,poutre-59-p6-215,P6,Vers l’arrière,"Salto arrière corps groupé, carpé, tendu, avec 1 tour (360°)"
Poutre,valorisation,1 acro sur la poutre P4 (min.),elements,1,,,poutre-59-p6-26,P6,Vers l’avant,Salto avant corps groupé appel d’1 ou 2 pieds arriver au siège groupé
Poutre,valorisation,1 acro sur la poutre P4 (min.),elements,1,,,poutre-59-p7-186,P7,Vers l’avant,Salto avant corps groupé ou carpé appel 1 ou 2 pieds arrivée à la station debout
Poutre,valorisation,1 acro sur la poutre P4 (min.),elements,1,,,poutre-59-p7-191,P7,Vers l’arrière,"Salto arrière tendu, appel 2 pieds, réception 2 pieds"
Poutre,valorisation,1 acro sur la poutre P4 (min.),elements,1,,,poutre-59-p7-192,P7,Vers l’arrière,Salto arrière tendu pieds décalés
Poutre,valorisation,1 acro sur la poutre P4 (min.),elements,1,,,poutre-59-p7-214bis,P7,Vers l’avant,Salto avant corps tendu appel des 2 pieds avec 1 tour (360°)
Poutre,valorisation,1 acro sur la poutre P4 (min.),elements,1,,,poutre-59-p7-217,P7,Vers l’arrière,Salto arrière avec 3/2 tour ou+
Poutre,valorisation,1 acro sur la poutre P4 (min.),elements,1,,,poutre-59-p7-218,P7,Vers l’arrière,Double salto arrière
Poutre,valorisation,1 acro sur la poutre P4 (min.),elements,1,,,poutre-60-p4-152-plus,P4,Vers l’avant,Roue : renversement latéral sans envol arrivée 1 ou 2 pieds
Poutre,valorisation,1 acro sur la poutre P4 (min.),elements,1,,,poutre-60-p4-153-plus,P4,Vers l’arrière,Souplesse arrière. Renversement arrière sans envol retour libre
Poutre,valorisation,1 acro sur la poutre P4 (min.),elements,1,,,poutre-60-p4-154-plus,P4,Vers l’avant,ATR tenu 2’’ retour libre
Poutre,valorisation,1 acro sur la poutre P4 (min.),elements,1,,,poutre-60-p4-159,P4,Vers l’avant,Souplesse avant ou roue arabe Renverse­ ment avant sans envol aussi avec appui sur 1 bras
Poutre,valorisation,1 acro sur la poutre P4 (min.),elements,1,,,poutre-60-p4-160,P4,Vers l’arrière,Tic-Tac. Renversement avant arrière sans envol
Poutre,valorisation,1 acro sur la poutre P4 (min.),elements,1,,,poutre-60-p4-200,P4,Vers l’avant,Costal
Poutre,valorisation,1 acro sur la poutre P4 (min.),elements,1,,,poutre-60-p5-159-plus,P5,Vers l’avant,Souplesse avant ou roue arabe Renverse­ ment avant sans envol aussi avec appui sur 1 bras
Poutre,valorisation,1 acro sur la poutre P4 (min.),elements,1,,,poutre-60-p5-160-plus,P5,Vers l’arrière,Tic-Tac. Renversement avant arrière sans envol
Poutre,valorisation,1 acro sur la poutre P4 (min.),elements,1,,,poutre-60-p5-164,P5,Vers l’avant,Rondade
Poutre,valorisation,1 acro sur la poutre P4 (min.),elements,1,,,poutre-60-p5-165,P5,Vers l’avant,Saut de mains. Renversement avant avec envol appel 1 pied et réception libre
Poutre,valorisation,1 acro sur la poutre P4 (min.),elements,1,,,poutre-60-p5-166,P5,Vers l’arrière,Flic-flac. Renversement arrière avec envol départ libre arrivée 2 pieds serrés
Poutre,valorisation,1 acro sur la poutre P4 (min.),elements,1,,,poutre-60-p5-168,P5,Vers l’arrière,Flic-flac arrivée pieds décalés
Poutre,valorisation,1 acro sur la poutre P4 (min.),elements,1,,,poutre-60-p5-202,P5,Vers l’avant,Salto avant tendu départ 1 pied
Poutre,valorisation,1 acro sur la poutre P4 (min.),elements,1,,,poutre-60-p6-164-plus,P6,Vers l’avant,Rondade
Poutre,valorisation,1 acro sur la poutre P4 (min.),elements,1,,,poutre-60-p6-168-plus,P6,Vers l’arrière,Flic-flac arrivée pieds décalés
Poutre,valorisation,1 acro sur la poutre P4 (min.),elements,1,,,poutre-60-p6-212,P6,Vers l’avant,"Salto avant corps groupé, carpé, tendu appel 1 pied avec 1 tour"
Poutre,valorisation,1 acro sur la poutre P4 (min.),elements,1,,,poutre-60-p7-175,P7,Vers l’arrière,Flic-flac avec 1/2 de tour en passant par l’ATR et renversement avant (Onodi)
Poutre,valorisation,1 acro sur la poutre P4 (min.),elements,1,,,poutre-60-p7-184,P7,Vers l’avant,"Salto costal, renversement latéral libre"
Poutre,valorisation,1 acro sur la poutre P4 (min.),elements,1,,,poutre-60-p7-185,P7,Vers l’avant,"Salto facial, renversement avant libre"
Poutre,valorisation,1 acro sur la poutre P4 (min.),elements,1,,,poutre-60-p7-190,P7,Vers l’avant,Salto japonais. Salto latéral groupé ou carpé appel 1 pied en latéral et réception
Poutre,exigence,1 élément P5 (min.),elements,1,,,poutre-57-p5-174,P5,ATR,De l’équerre monter en force à l’ATR tenu 2“
Poutre,exigence,1 élément P5 (min.),elements,1,,,poutre-58-p5-85,P5,,"Pirouette 1 tour 1/2 (540°) sur 1 jambe et sur 1/2 pointes, position de la jambe libre"
Poutre,exigence,1 élément P5 (min.),elements,1,,,poutre-58-p5-91,P5,,Pirouette 1/1 tour accroupie
Poutre,exigence,1 élément P5 (min.),elements,1,,,poutre-58-p6-88,P6,,"Pirouette 2 tours (720°) sur 1 jambe et sur 1/2 pointes, position de la jambe libre"
Poutre,exigence,1 élément P5 (min.),elements,1,,,poutre-59-p5-187,P5,Vers l’arrière,Salto arrière corps groupé
Poutre,exigence,1 élément P5 (min.),elements,1,,,poutre-59-p5-209,P5,Vers l’avant,Salto avant tendu appel 2 pieds aussi avec 1/2 tour (180°) à la station debout
Poutre,exigence,1 élément P5 (min.),elements,1,,,poutre-59-p5-210,P5,Vers l’arrière,Salto arrière tendu aussi avec 1/2 tour (180°) à la station debout
Poutre,exigence,1 élément P5 (min.),elements,1,,,poutre-59-p5-211,P5,Vers l’arrière,Twist Appel en arrière avec 1/2 tour (180°) et salto avant à la station debout
Poutre,exigence,1 élément P5 (min.),elements,1,,,poutre-59-p6-188,P6,Vers l’arrière,Salto arrière carpé
Poutre,exigence,1 élément P5 (min.),elements,1,,,poutre-59-p6-214,P6,Vers l’avant,"Salto avant corps groupé, carpé, appel des 2 pieds avec 1 tour (360°)"
Poutre,exigence,1 élément P5 (min.),elements,1,,,poutre-59-p6-215,P6,Vers l’arrière,"Salto arrière corps groupé, carpé, tendu, avec 1 tour (360°)"
Poutre,exigence,1 élément P5 (min.),elements,1,,,poutre-59-p6-26,P6,Vers l’avant,Salto avant corps groupé appel d’1 ou 2 pieds arriver au siège groupé
Poutre,exigence,1 élément P5 (min.),elements,1,,,poutre-59-p7-186,P7,Vers l’avant,Salto avant corps groupé ou carpé appel 1 ou 2 pieds arrivée à la station debout
Poutre,exigence,1 élément P5 (min.),elements,1,,,poutre-59-p7-191,P7,Vers l’arrière,"Salto arrière tendu, appel 2 pieds, réception 2 pieds"
Poutre,exigence,1 élément P5 (min.),elements,1,,,poutre-59-p7-192,P7,Vers l’arrière,Salto arrière tendu pieds décalés
Poutre,exigence,1 élément P5 (min.),elements,1,,,poutre-59-p7-214bis,P7,Vers l’avant,Salto avant corps tendu appel des 2 pieds avec 1 tour (360°)
Poutre,exigence,1 élément P5 (min.),elements,1,,,poutre-59-p7-217,P7,Vers l’arrière,Salto arrière avec 3/2 tour ou+
Poutre,exigence,1 élément P5 (min.),elements,1,,,poutre-59-p7-218,P7,Vers l’arrière,Double salto arrière
Poutre,exigence,1 élément P5 (min.),elements,1,,,poutre-60-p5-159-plus,P5,Vers l’avant,Souplesse avant ou roue arabe Renverse­ ment avant sans envol aussi avec appui sur 1 bras
Poutre,exigence,1 élément P5 (min.),elements,1,,,poutre-60-p5-160-plus,P5,Vers l’arrière,Tic-Tac. Renversement avant arrière sans envol
Poutre,exigence,1 élément P5 (min.),elements,1,,,poutre-60-p5-164,P5,Vers l’avant,Rondade
Poutre,exigence,1 élément P5 (min.),elements,1,,,poutre-60-p5-165,P5,Vers l’avant,Saut de mains. Renversement avant avec envol appel 1 pied et réception libre
Poutre,exigence,1 élément P5 (min.),elements,1,,,poutre-60-p5-166,P5,Vers l’arrière,Flic-flac. Renversement arrière avec envol départ libre arrivée 2 pieds serrés
Poutre,exigence,1 élément P5 (min.),elements,1,,,poutre-60-p5-168,P5,Vers l’arrière,Flic-flac arrivée pieds décalés
Poutre,exigence,1 élément P5 (min.),elements,1,,,poutre-60-p5-202,P5,Vers l’avant,Salto avant tendu départ 1 pied
Poutre,exigence,1 élément P5 (min.),elements,1,,,poutre-60-p6-164-plus,P6,Vers l’avant,Rondade
Poutre,exigence,1 élément P5 (min.),elements,1,,,poutre-60-p6-168-plus,P6,Vers l’arrière,Flic-flac arrivée pieds décalés
Poutre,exigence,1 élément P5 (min.),elements,1,,,poutre-60-p6-212,P6,Vers l’avant,"Salto avant corps groupé, carpé, tendu appel 1 pied avec 1 tour"
Poutre,exigence,1 élément P5 (min.),elements,1,,,poutre-60-p7-175,P7,Vers l’arrière,Flic-flac avec 1/2 de tour en passant par l’ATR et renversement avant (Onodi)
Poutre,exigence,1 élément P5 (min.),elements,1,,,poutre-60-p7-184,P7,Vers l’avant,"Salto costal, renversement latéral libre"
Poutre,exigence,1 élément P5 (min.),elements,1,,,poutre-60-p7-185,P7,Vers l’avant,"Salto facial, renversement avant libre"
Poutre,exigence,1 élément P5 (min.),elements,1,,,poutre-60-p7-190,P7,Vers l’avant,Salto japonais. Salto latéral groupé ou carpé appel 1 pied en latéral et réception
Poutre,exigence,1 élément P5 (min.),elements,1,,,poutre-61-p5-175,P5,,Flic-flac avec 1/2 de tour en passant par l’ATR et renversement avant (Onodi)
Poutre,exigence,1 élément P5 (min.),elements,1,,,poutre-61-p5-184,P5,,"Salto costal, renversement latéral libre"
Poutre,exigence,1 élément P5 (min.),elements,1,,,poutre-61-p5-187,P5,,Salto arrière corps groupé
Poutre,exigence,1 élément P5 (min.),elements,1,,,poutre-61-p6-190,P6,,Salto japonais. Salto latéral groupé ou carpé appel 1 pied en latéral et réception à la station latérale
Poutre,exigence,1 élément P5 (min.),elements,1,,,poutre-61-p7-185,P7,,"Salto facial, renversement avant libre"
Poutre,exigence,1 élément P5 (min.),elements,1,,,poutre-61-p7-192,P7,,Salto arrière tendu pieds décalés
Poutre,exigence,1 élément P5 (min.),elements,1,,,poutre-62-p5-67,P5,,Saut enjambé avec changement de jambes (angle d’écart 180° après le changement)
Poutre,exigence,1 élément P5 (min.),elements,1,,,poutre-62-p6-69,P6,,Saut enjambé avec 1/2 tour (180°)
Poutre,exigence,1 élément P5 (min.),elements,1,,,poutre-62-p6-70,P6,,Saut enjambé avec changement de jambes (angle d’écart 180° après le changement)
Poutre,exigence,1 élément P5 (min.),elements,1,,,poutre-62-p7-71,P7,,Saut changement de jambes avec 1/2 tour (180°)
Poutre,exigence,1 élément P5 (min.),elements,1,,,poutre-63-p5-66,P5,,Saut carpé écarté
Poutre,exigence,1 élément P5 (min.),elements,1,,,poutre-63-p6-63,P6,,Saut antéropostérieur à 180° avec ½ tour (180°)
Poutre,exigence,1 élément P5 (min.),elements,1,,,poutre-63-p6-64,P6,,Saut de cosaque 1/2 tour appel des 2 pieds Saut groupé 1 jambe tendue à l’horizontale en avant
Poutre,exigence,1 élément P5 (min.),elements,1,,,poutre-63-p6-66bis,P6,,Saut carpé serré (angle du corps 90°)
Poutre,exigence,1 élément P5 (min.),elements,1,,,poutre-63-p6-68,P6,,Saut avec 1 tour en l’air (360°) appel des 2 pieds
Poutre,exigence,1 élément P5 (min.),elements,1,,,poutre-64-p5-19,P5,,"Saut, élan ou élévation à l’ATR retour libre au milieu, au bout ou latéralement par rapport"
Poutre,exigence,1 élément P5 (min.),elements,1,,,poutre-64-p5-22,P5,,"Saut et renversement latéral avec corps tendu avant l’appui des mains sur la poutre et retour libre,"
Poutre,exigence,1 élément P5 (min.),elements,1,,,poutre-64-p5-35-new,P5,,Entrée roue arrivée branchiale
Poutre,exigence,1 élément P5 (min.),elements,1,,,poutre-64-p6-36-new,P6,,Entrée grand jeté
Poutre,exigence,1 élément P5 (min.),elements,1,,,poutre-64-p7-25,P7,,"Salto avant à la station appel 2 pieds, élan en bout par rapport à la poutre"
Poutre,exigence,1 élément P5 (min.),elements,1,,,poutre-64-p7-26,P7,,"Rondade devant le bout poutre flic-flac par l’ATR, retour libre"
Poutre,exigence,1 élément P5 (min.),elements,1,,,poutre-64-p7-34-new,P7,,Entrée flip arrivée brachiale
Poutre,valorisation,1 saut avec 1 rotation à 180° (min.),elements,1,,oui,poutre-62-p3-56,P3,,Saut de chat en avant avec 1/2 tour (180°)
Poutre,valorisation,1 saut avec 1 rotation à 180° (min.),elements,1,,oui,poutre-62-p4-62,P4,,Saut enjambé appel d’1 pied (écart à 180°) aussi avec la jambe libre fléchie tendue
Poutre,valorisation,1 saut avec 1 rotation à 180° (min.),elements,1,,oui,poutre-62-p5-67,P5,,Saut enjambé avec changement de jambes (angle d’écart 180° après le changement)
Poutre,valorisation,1 saut avec 1 rotation à 180° (min.),elements,1,,oui,poutre-62-p6-69,P6,,Saut enjambé avec 1/2 tour (180°)
Poutre,valorisation,1 saut avec 1 rotation à 180° (min.),elements,1,,oui,poutre-62-p6-70,P6,,Saut enjambé avec changement de jambes (angle d’écart 180° après le changement)
Poutre,valorisation,1 saut avec 1 rotation à 180° (min.),elements,1,,oui,poutre-62-p7-71,P7,,Saut changement de jambes avec 1/2 tour (180°)
Poutre,valorisation,1 saut avec 1 rotation à 180° (min.),elements,1,,oui,poutre-63-p3-49,P3,,Saut antéro-postérieur à 180° appel et réception des 2 pieds
Poutre,valorisation,1 saut avec 1 rotation à 180° (min.),elements,1,,oui,poutre-63-p3-52,P3,,Saut en extension avec 1/2 tour (180°) appel et réception 2 pieds
Poutre,valorisation,1 saut avec 1 rotation à 180° (min.),elements,1,,oui,poutre-63-p4-58,P4,,Saut avec 3/4 de tour (270°) appel et réception 2 pieds
Poutre,valorisation,1 saut avec 1 rotation à 180° (min.),elements,1,,oui,poutre-63-p4-61,P4,,Saut groupé avec 1/2 tour (180°) appel des 2 pieds
Poutre,valorisation,1 saut avec 1 rotation à 180° (min.),elements,1,,oui,poutre-63-p6-63,P6,,Saut antéropostérieur à 180° avec ½ tour (180°)
Poutre,valorisation,1 saut avec 1 rotation à 180° (min.),elements,1,,oui,poutre-63-p6-64,P6,,Saut de cosaque 1/2 tour appel des 2 pieds Saut groupé 1 jambe tendue à l’horizontale en avant
Poutre,valorisation,1 saut avec 1 rotation à 180° (min.),elements,1,,oui,poutre-63-p6-68,P6,,Saut avec 1 tour en l’air (360°) appel des 2 pieds
Poutre,valorisation,1 élément acro P5 (min.) sur la poutre,elements,1,,,poutre-59-p5-187,P5,Vers l’arrière,Salto arrière corps groupé
Poutre,valorisation,1 élément acro P5 (min.) sur la poutre,elements,1,,,poutre-59-p5-209,P5,Vers l’avant,Salto avant tendu appel 2 pieds aussi avec 1/2 tour (180°) à la station debout
Poutre,valorisation,1 élément acro P5 (min.) sur la poutre,elements,1,,,poutre-59-p5-210,P5,Vers l’arrière,Salto arrière tendu aussi avec 1/2 tour (180°) à la station debout
Poutre,valorisation,1 élément acro P5 (min.) sur la poutre,elements,1,,,poutre-59-p5-211,P5,Vers l’arrière,Twist Appel en arrière avec 1/2 tour (180°) et salto avant à la station debout
Poutre,valorisation,1 élément acro P5 (min.) sur la poutre,elements,1,,,poutre-59-p6-188,P6,Vers l’arrière,Salto arrière carpé
Poutre,valorisation,1 élément acro P5 (min.) sur la poutre,elements,1,,,poutre-59-p6-214,P6,Vers l’avant,"Salto avant corps groupé, carpé, appel des 2 pieds avec 1 tour (360°)"
Poutre,valorisation,1 élément acro P5 (min.) sur la poutre,elements,1,,,poutre-59-p6-215,P6,Vers l’arrière,"Salto arrière corps groupé, carpé, tendu, avec 1 tour (360°)"
Poutre,valorisation,1 élément acro P5 (min.) sur la poutre,elements,1,,,poutre-59-p6-26,P6,Vers l’avant,Salto avant corps groupé appel d’1 ou 2 pieds arriver au siège groupé
Poutre,valorisation,1 élément acro P5 (min.) sur la poutre,elements,1,,,poutre-59-p7-186,P7,Vers l’avant,Salto avant corps groupé ou carpé appel 1 ou 2 pieds arrivée à la station debout
Poutre,valorisation,1 élément acro P5 (min.) sur la poutre,elements,1,,,poutre-59-p7-191,P7,Vers l’arrière,"Salto arrière tendu, appel 2 pieds, réception 2 pieds"
Poutre,valorisation,1 élément acro P5 (min.) sur la poutre,elements,1,,,poutre-59-p7-192,P7,Vers l’arrière,Salto arrière tendu pieds décalés
Poutre,valorisation,1 élément acro P5 (min.) sur la poutre,elements,1,,,poutre-59-p7-214bis,P7,Vers l’avant,Salto avant corps tendu appel des 2 pieds avec 1 tour (360°)
Poutre,valorisation,1 élément acro P5 (min.) sur la poutre,elements,1,,,poutre-59-p7-217,P7,Vers l’arrière,Salto arrière avec 3/2 tour ou+
Poutre,valorisation,1 élément acro P5 (min.) sur la poutre,elements,1,,,poutre-59-p7-218,P7,Vers l’arrière,Double salto arrière
Poutre,valorisation,1 élément acro P5 (min.) sur la poutre,elements,1,,,poutre-60-p5-159-plus,P5,Vers l’avant,Souplesse avant ou roue arabe Renverse­ ment avant sans envol aussi avec appui sur 1 bras
Poutre,valorisation,1 élément acro P5 (min.) sur la poutre,elements,1,,,poutre-60-p5-160-plus,P5,Vers l’arrière,Tic-Tac. Renversement avant arrière sans envol
Poutre,valorisation,1 élément acro P5 (min.) sur la poutre,elements,1,,,poutre-60-p5-164,P5,Vers l’avant,Rondade
Poutre,valorisation,1 élément acro P5 (min.) sur la poutre,elements,1,,,poutre-60-p5-165,P5,Vers l’avant,Saut de mains. Renversement avant avec envol appel 1 pied et réception libre
Poutre,valorisation,1 élément acro P5 (min.) sur la poutre,elements,1,,,poutre-60-p5-166,P5,Vers l’arrière,Flic-flac. Renversement arrière avec envol départ libre arrivée 2 pieds serrés
Poutre,valorisation,1 élément acro P5 (min.) sur la poutre,elements,1,,,poutre-60-p5-168,P5,Vers l’arrière,Flic-flac arrivée pieds décalés
Poutre,valorisation,1 élément acro P5 (min.) sur la poutre,elements,1,,,poutre-60-p5-202,P5,Vers l’avant,Salto avant tendu départ 1 pied
Poutre,valorisation,1 élément acro P5 (min.) sur la poutre,elements,1,,,poutre-60-p6-164-plus,P6,Vers l’avant,Rondade
Poutre,valorisation,1 élément acro P5 (min.) sur la poutre,elements,1,,,poutre-60-p6-168-plus,P6,Vers l’arrière,Flic-flac arrivée pieds décalés
Poutre,valorisation,1 élément acro P5 (min.) sur la poutre,elements,1,,,poutre-60-p6-212,P6,Vers l’avant,"Salto avant corps groupé, carpé, tendu appel 1 pied avec 1 tour"
Poutre,valorisation,1 élément acro P5 (min.) sur la poutre,elements,1,,,poutre-60-p7-175,P7,Vers l’arrière,Flic-flac avec 1/2 de tour en passant par l’ATR et renversement avant (Onodi)
Poutre,valorisation,1 élément acro P5 (min.) sur la poutre,elements,1,,,poutre-60-p7-184,P7,Vers l’avant,"Salto costal, renversement latéral libre"
Poutre,valorisation,1 élément acro P5 (min.) sur la poutre,elements,1,,,poutre-60-p7-185,P7,Vers l’avant,"Salto facial, renversement avant libre"
Poutre,valorisation,1 élément acro P5 (min.) sur la poutre,elements,1,,,poutre-60-p7-190,P7,Vers l’avant,Salto japonais. Salto latéral groupé ou carpé appel 1 pied en latéral et réception
Poutre,valorisation,1 sortie avec liaison acro,elements,1,,oui,poutre-59-p3-199,P3,Vers l’arrière,Salto arrière groupé
Poutre,valorisation,1 sortie avec liaison acro,elements,1,,oui,poutre-59-p3-201,P3,Vers l’avant,Salto avant corps groupé ou carpé à la station debout appel 1 ou 2 pieds
Poutre,valorisation,1 sortie avec liaison acro,elements,1,,oui,poutre-59-p4-203,P4,Vers l’avant,Salto avant avec demi-tour à la station debout (appel 2 pieds)
Poutre,valorisation,1 sortie avec liaison acro,elements,1,,oui,poutre-59-p5-209,P5,Vers l’avant,Salto avant tendu appel 2 pieds aussi avec 1/2 tour (180°) à la station debout
Poutre,valorisation,1 sortie avec liaison acro,elements,1,,oui,poutre-59-p5-210,P5,Vers l’arrière,Salto arrière tendu aussi avec 1/2 tour (180°) à la station debout
Poutre,valorisation,1 sortie avec liaison acro,elements,1,,oui,poutre-59-p5-211,P5,Vers l’arrière,Twist Appel en arrière avec 1/2 tour (180°) et salto avant à la station debout
Poutre,valorisation,1 sortie avec liaison acro,elements,1,,oui,poutre-59-p6-214,P6,Vers l’avant,"Salto avant corps groupé, carpé, appel des 2 pieds avec 1 tour (360°)"
Poutre,valorisation,1 sortie avec liaison acro,elements,1,,oui,poutre-59-p6-215,P6,Vers l’arrière,"Salto arrière corps groupé, carpé, tendu, avec 1 tour (360°)"
Poutre,valorisation,1 sortie avec liaison acro,elements,1,,oui,poutre-59-p7-214bis,P7,Vers l’avant,Salto avant corps tendu appel des 2 pieds avec 1 tour (360°)
Poutre,valorisation,1 sortie avec liaison acro,elements,1,,oui,poutre-59-p7-217,P7,Vers l’arrière,Salto arrière avec 3/2 tour ou+
Poutre,valorisation,1 sortie avec liaison acro,elements,1,,oui,poutre-59-p7-218,P7,Vers l’arrière,Double salto arrière
Poutre,valorisation,1 sortie avec liaison acro,elements,1,,oui,poutre-60-p3-196,P3,Vers l’avant,Rondade à la station debout (avec ou sans sursaut)
Poutre,valorisation,1 sortie avec liaison acro,elements,1,,oui,poutre-60-p3-197,P3,Vers l’avant,Saut de mains. Renversement avant avec envol à la station debout avec ou sans sursaut
Poutre,valorisation,1 sortie avec liaison acro,elements,1,,oui,poutre-60-p4-200,P4,Vers l’avant,Costal
Poutre,valorisation,1 sortie avec liaison acro,elements,1,,oui,poutre-60-p5-202,P5,Vers l’avant,Salto avant tendu départ 1 pied
Poutre,valorisation,1 sortie avec liaison acro,elements,1,,oui,poutre-60-p6-212,P6,Vers l’avant,"Salto avant corps groupé, carpé, tendu appel 1 pied avec 1 tour"
Poutre,exigence,1 élément P6 (min.),elements,1,,,poutre-58-p6-88,P6,,"Pirouette 2 tours (720°) sur 1 jambe et sur 1/2 pointes, position de la jambe libre"
Poutre,exigence,1 élément P6 (min.),elements,1,,,poutre-59-p6-188,P6,Vers l’arrière,Salto arrière carpé
Poutre,exigence,1 élément P6 (min.),elements,1,,,poutre-59-p6-214,P6,Vers l’avant,"Salto avant corps groupé, carpé, appel des 2 pieds avec 1 tour (360°)"
Poutre,exigence,1 élément P6 (min.),elements,1,,,poutre-59-p6-215,P6,Vers l’arrière,"Salto arrière corps groupé, carpé, tendu, avec 1 tour (360°)"
Poutre,exigence,1 élément P6 (min.),elements,1,,,poutre-59-p6-26,P6,Vers l’avant,Salto avant corps groupé appel d’1 ou 2 pieds arriver au siège groupé
Poutre,exigence,1 élément P6 (min.),elements,1,,,poutre-59-p7-186,P7,Vers l’avant,Salto avant corps groupé ou carpé appel 1 ou 2 pieds arrivée à la station debout
Poutre,exigence,1 élément P6 (min.),elements,1,,,poutre-59-p7-191,P7,Vers l’arrière,"Salto arrière tendu, appel 2 pieds, réception 2 pieds"
Poutre,exigence,1 élément P6 (min.),elements,1,,,poutre-59-p7-192,P7,Vers l’arrière,Salto arrière tendu pieds décalés
Poutre,exigence,1 élément P6 (min.),elements,1,,,poutre-59-p7-214bis,P7,Vers l’avant,Salto avant corps tendu appel des 2 pieds avec 1 tour (360°)
Poutre,exigence,1 élément P6 (min.),elements,1,,,poutre-59-p7-217,P7,Vers l’arrière,Salto arrière avec 3/2 tour ou+
Poutre,exigence,1 élément P6 (min.),elements,1,,,poutre-59-p7-218,P7,Vers l’arrière,Double salto arrière
Poutre,exigence,1 élément P6 (min.),elements,1,,,poutre-60-p6-164-plus,P6,Vers l’avant,Rondade
Poutre,exigence,1 élément P6 (min.),elements,1,,,poutre-60-p6-168-plus,P6,Vers l’arrière,Flic-flac arrivée pieds décalés
Poutre,exigence,1 élément P6 (min.),elements,1,,,poutre-60-p6-212,P6,Vers l’avant,"Salto avant corps groupé, carpé, tendu appel 1 pied avec 1 tour"
Poutre,exigence,1 élément P6 (min.),elements,1,,,poutre-60-p7-175,P7,Vers l’arrière,Flic-flac avec 1/2 de tour en passant par l’ATR et renversement avant (Onodi)
Poutre,exigence,1 élément P6 (min.),elements,1,,,poutre-60-p7-184,P7,Vers l’avant,"Salto costal, renversement latéral libre"
Poutre,exigence,1 élément P6 (min.),elements,1,,,poutre-60-p7-185,P7,Vers l’avant,"Salto facial, renversement avant libre"
Poutre,exigence,1 élément P6 (min.),elements,1,,,poutre-60-p7-190,P7,Vers l’avant,Salto japonais. Salto latéral groupé ou carpé appel 1 pied en latéral et réception
Poutre,exigence,1 élément P6 (min.),elements,1,,,poutre-61-p6-190,P6,,Salto japonais. Salto latéral groupé ou carpé appel 1 pied en latéral et réception à la station latérale
Poutre,exigence,1 élément P6 (min.),elements,1,,,poutre-61-p7-185,P7,,"Salto facial, renversement avant libre"
Poutre,exigence,1 élément P6 (min.),elements,1,,,poutre-61-p7-192,P7,,Salto arrière tendu pieds décalés
Poutre,exigence,1 élément P6 (min.),elements,1,,,poutre-62-p6-69,P6,,Saut enjambé avec 1/2 tour (180°)
Poutre,exigence,1 élément P6 (min.),elements,1,,,poutre-62-p6-70,P6,,Saut enjambé avec changement de jambes (angle d’écart 180° après le changement)
Poutre,exigence,1 élément P6 (min.),elements,1,,,poutre-62-p7-71,P7,,Saut changement de jambes avec 1/2 tour (180°)
Poutre,exigence,1 élément P6 (min.),elements,1,,,poutre-63-p6-63,P6,,Saut antéropostérieur à 180° avec ½ tour (180°)
Poutre,exigence,1 élément P6 (min.),elements,1,,,poutre-63-p6-64,P6,,Saut de cosaque 1/2 tour appel des 2 pieds Saut groupé 1 jambe tendue à l’horizontale en avant
Poutre,exigence,1 élément P6 (min.),elements,1,,,poutre-63-p6-66bis,P6,,Saut carpé serré (angle du corps 90°)
Poutre,exigence,1 élément P6 (min.),elements,1,,,poutre-63-p6-68,P6,,Saut avec 1 tour en l’air (360°) appel des 2 pieds
Poutre,exigence,1 élément P6 (min.),elements,1,,,poutre-64-p6-36-new,P6,,Entrée grand jeté
Poutre,exigence,1 élément P6 (min.),elements,1,,,poutre-64-p7-25,P7,,"Salto avant à la station appel 2 pieds, élan en bout par rapport à la poutre"
Poutre,exigence,1 élément P6 (min.),elements,1,,,poutre-64-p7-26,P7,,"Rondade devant le bout poutre flic-flac par l’ATR, retour libre"
Poutre,exigence,1 élément P6 (min.),elements,1,,,poutre-64-p7-34-new,P7,,Entrée flip arrivée brachiale
Poutre,valorisation,1 saut avec 1 rotation à 180°,elements,1,,oui,poutre-62-p3-56,P3,,Saut de chat en avant avec 1/2 tour (180°)
Poutre,valorisation,1 saut avec 1 rotation à 180°,elements,1,,oui,poutre-62-p4-62,P4,,Saut enjambé appel d’1 pied (écart à 180°) aussi avec la jambe libre fléchie tendue
Poutre,valorisation,1 saut avec 1 rotation à 180°,elements,1,,oui,poutre-62-p5-67,P5,,Saut enjambé avec changement de jambes (angle d’écart 180° après le changement)
Poutre,valorisation,1 saut avec 1 rotation à 180°,elements,1,,oui,poutre-62-p6-69,P6,,Saut enjambé avec 1/2 tour (180°)
Poutre,valorisation,1 saut avec 1 rotation à 180°,elements,1,,oui,poutre-62-p6-70,P6,,Saut enjambé avec changement de jambes (angle d’écart 180° après le changement)
Poutre,valorisation,1 saut avec 1 rotation à 180°,elements,1,,oui,poutre-62-p7-71,P7,,Saut changement de jambes avec 1/2 tour (180°)
Poutre,valorisation,1 saut avec 1 rotation à 180°,elements,1,,oui,poutre-63-p3-49,P3,,Saut antéro-postérieur à 180° appel et réception des 2 pieds
Poutre,valorisation,1 saut avec 1 rotation à 180°,elements,1,,oui,poutre-63-p3-52,P3,,Saut en extension avec 1/2 tour (180°) appel et réception 2 pieds
Poutre,valorisation,1 saut avec 1 rotation à 180°,elements,1,,oui,poutre-63-p4-58,P4,,Saut avec 3/4 de tour (270°) appel et réception 2 pieds
Poutre,valorisation,1 saut avec 1 rotation à 180°,elements,1,,oui,poutre-63-p4-61,P4,,Saut groupé avec 1/2 tour (180°) appel des 2 pieds
Poutre,valorisation,1 saut avec 1 rotation à 180°,elements,1,,oui,poutre-63-p6-63,P6,,Saut antéropostérieur à 180° avec ½ tour (180°)
Poutre,valorisation,1 saut avec 1 rotation à 180°,elements,1,,oui,poutre-63-p6-64,P6,,Saut de cosaque 1/2 tour appel des 2 pieds Saut groupé 1 jambe tendue à l’horizontale en avant
Poutre,valorisation,1 saut avec 1 rotation à 180°,elements,1,,oui,poutre-63-p6-68,P6,,Saut avec 1 tour en l’air (360°) appel des 2 pieds
Poutre,valorisation,1 acro avec envol sur la poutre,elements,1,,oui,poutre-59-pre-requis-124,PRÉ-REQUIS,,"Départ libre, roulade avant arrivée au siège écart"
Poutre,valorisation,1 acro avec envol sur la poutre,elements,1,,oui,poutre-59-p1-5-new,P1,,Saut droit
Poutre,valorisation,1 acro avec envol sur la poutre,elements,1,,oui,poutre-59-p2-193,P2,Vers l’avant,"En bout de poutre, appel 2 pieds, saut vertical et réception à la station debout"
Poutre,valorisation,1 acro avec envol sur la poutre,elements,1,,oui,poutre-59-p2-4-new,P2,Vers l’arrière,"En bout de poutre, appel 2 pieds saut vertical vers l’arrière et réception à la station debout"
Poutre,valorisation,1 acro avec envol sur la poutre,elements,1,,oui,poutre-59-p3-199,P3,Vers l’arrière,Salto arrière groupé
Poutre,valorisation,1 acro avec envol sur la poutre,elements,1,,oui,poutre-59-p3-201,P3,Vers l’avant,Salto avant corps groupé ou carpé à la station debout appel 1 ou 2 pieds
Poutre,valorisation,1 acro avec envol sur la poutre,elements,1,,oui,poutre-59-p4-203,P4,Vers l’avant,Salto avant avec demi-tour à la station debout (appel 2 pieds)
Poutre,valorisation,1 acro avec envol sur la poutre,elements,1,,oui,poutre-59-p5-187,P5,Vers l’arrière,Salto arrière corps groupé
Poutre,valorisation,1 acro avec envol sur la poutre,elements,1,,oui,poutre-59-p5-209,P5,Vers l’avant,Salto avant tendu appel 2 pieds aussi avec 1/2 tour (180°) à la station debout
Poutre,valorisation,1 acro avec envol sur la poutre,elements,1,,oui,poutre-59-p5-210,P5,Vers l’arrière,Salto arrière tendu aussi avec 1/2 tour (180°) à la station debout
Poutre,valorisation,1 acro avec envol sur la poutre,elements,1,,oui,poutre-59-p5-211,P5,Vers l’arrière,Twist Appel en arrière avec 1/2 tour (180°) et salto avant à la station debout
Poutre,valorisation,1 acro avec envol sur la poutre,elements,1,,oui,poutre-59-p6-188,P6,Vers l’arrière,Salto arrière carpé
Poutre,valorisation,1 acro avec envol sur la poutre,elements,1,,oui,poutre-59-p6-214,P6,Vers l’avant,"Salto avant corps groupé, carpé, appel des 2 pieds avec 1 tour (360°)"
Poutre,valorisation,1 acro avec envol sur la poutre,elements,1,,oui,poutre-59-p6-215,P6,Vers l’arrière,"Salto arrière corps groupé, carpé, tendu, avec 1 tour (360°)"
Poutre,valorisation,1 acro avec envol sur la poutre,elements,1,,oui,poutre-59-p6-26,P6,Vers l’avant,Salto avant corps groupé appel d’1 ou 2 pieds arriver au siège groupé
Poutre,valorisation,1 acro avec envol sur la poutre,elements,1,,oui,poutre-59-p7-186,P7,Vers l’avant,Salto avant corps groupé ou carpé appel 1 ou 2 pieds arrivée à la station debout
Poutre,valorisation,1 acro avec envol sur la poutre,elements,1,,oui,poutre-59-p7-191,P7,Vers l’arrière,"Salto arrière tendu, appel 2 pieds, réception 2 pieds"
Poutre,valorisation,1 acro avec envol sur la poutre,elements,1,,oui,poutre-59-p7-192,P7,Vers l’arrière,Salto arrière tendu pieds décalés
Poutre,valorisation,1 acro avec envol sur la poutre,elements,1,,oui,poutre-59-p7-214bis,P7,Vers l’avant,Salto avant corps tendu appel des 2 pieds avec 1 tour (360°)
Poutre,valorisation,1 acro avec envol sur la poutre,elements,1,,oui,poutre-59-p7-217,P7,Vers l’arrière,Salto arrière avec 3/2 tour ou+
Poutre,valorisation,1 acro avec envol sur la poutre,elements,1,,oui,poutre-59-p7-218,P7,Vers l’arrière,Double salto arrière
Poutre,valorisation,1 acro avec envol sur la poutre,elements,1,,oui,poutre-59-nomade-127,NOMADE,,"Départ libre, roulade avant arrivée sur 1 ou 2 pieds"
Poutre,valorisation,1 acro avec envol sur la poutre,elements,1,,oui,poutre-59-nomade-130,NOMADE,,"Départ libre, roulade avant sans les mains arrivée sur 1 ou 2 pieds"
Poutre,valorisation,1 acro avec envol sur la poutre,elements,1,,oui,poutre-59-nomade-205,NOMADE,,"Salto Auerbach groupé, carpé ou tendu sur le côté de la poutre à la station debout"
Poutre,valorisation,1 acro avec envol sur la poutre,elements,1,,oui,poutre-59-nomade-213,NOMADE,,Salto Auerbach groupé au bout de la poutre à la station debout
Poutre,valorisation,1 acro avec envol sur la poutre,elements,1,,oui,poutre-60-p1-146,P1,,"De la fente avant, venir à l’ATR 1 jambe à la verticale, retour libre"
Poutre,valorisation,1 acro avec envol sur la poutre,elements,1,,oui,poutre-60-p3-150-plus,P3,Vers l’avant,ATR passagé
Poutre,valorisation,1 acro avec envol sur la poutre,elements,1,,oui,poutre-60-p3-152,P3,Vers l’avant,Roue : renversement latéral sans envol arrivée 1 ou 2 pieds
Poutre,valorisation,1 acro avec envol sur la poutre,elements,1,,oui,poutre-60-p3-153,P3,Vers l’arrière,Souplesse arrière. Renversement arrière sans envol retour libre
Poutre,valorisation,1 acro avec envol sur la poutre,elements,1,,oui,poutre-60-p3-196,P3,Vers l’avant,Rondade à la station debout (avec ou sans sursaut)
Poutre,valorisation,1 acro avec envol sur la poutre,elements,1,,oui,poutre-60-p3-197,P3,Vers l’avant,Saut de mains. Renversement avant avec envol à la station debout avec ou sans sursaut
Poutre,valorisation,1 acro avec envol sur la poutre,elements,1,,oui,poutre-60-p4-152-plus,P4,Vers l’avant,Roue : renversement latéral sans envol arrivée 1 ou 2 pieds
Poutre,valorisation,1 acro avec envol sur la poutre,elements,1,,oui,poutre-60-p4-153-plus,P4,Vers l’arrière,Souplesse arrière. Renversement arrière sans envol retour libre
Poutre,valorisation,1 acro avec envol sur la poutre,elements,1,,oui,poutre-60-p4-154-plus,P4,Vers l’avant,ATR tenu 2’’ retour libre
Poutre,valorisation,1 acro avec envol sur la poutre,elements,1,,oui,poutre-60-p4-159,P4,Vers l’avant,Souplesse avant ou roue arabe Renverse­ ment avant sans envol aussi avec appui sur 1 bras
Poutre,valorisation,1 acro avec envol sur la poutre,elements,1,,oui,poutre-60-p4-160,P4,Vers l’arrière,Tic-Tac. Renversement avant arrière sans envol
Poutre,valorisation,1 acro avec envol sur la poutre,elements,1,,oui,poutre-60-p4-200,P4,Vers l’avant,Costal
Poutre,valorisation,1 acro avec envol sur la poutre,elements,1,,oui,poutre-60-p5-159-plus,P5,Vers l’avant,Souplesse avant ou roue arabe Renverse­ ment avant sans envol aussi avec appui sur 1 bras
Poutre,valorisation,1 acro avec envol sur la poutre,elements,1,,oui,poutre-60-p5-160-plus,P5,Vers l’arrière,Tic-Tac. Renversement avant arrière sans envol
Poutre,valorisation,1 acro avec envol sur la poutre,elements,1,,oui,poutre-60-p5-164,P5,Vers l’avant,Rondade
Poutre,valorisation,1 acro avec envol sur la poutre,elements,1,,oui,poutre-60-p5-165,P5,Vers l’avant,Saut de mains. Renversement avant avec envol appel 1 pied et réception libre
Poutre,valorisation,1 acro avec envol sur la poutre,elements,1,,oui,poutre-60-p5-166,P5,Vers l’arrière,Flic-flac. Renversement arrière avec envol départ libre arrivée 2 pieds serrés
Poutre,valorisation,1 acro avec envol sur la poutre,elements,1,,oui,poutre-60-p5-168,P5,Vers l’arrière,Flic-flac arrivée pieds décalés
Poutre,valorisation,1 acro avec envol sur la poutre,elements,1,,oui,poutre-60-p5-202,P5,Vers l’avant,Salto avant tendu départ 1 pied
Poutre,valorisation,1 acro avec envol sur la poutre,elements,1,,oui,poutre-60-p6-164-plus,P6,Vers l’avant,Rondade
Poutre,valorisation,1 acro avec envol sur la poutre,elements,1,,oui,poutre-60-p6-168-plus,P6,Vers l’arrière,Flic-flac arrivée pieds décalés
Poutre,valorisation,1 acro avec envol sur la poutre,elements,1,,oui,poutre-60-p6-212,P6,Vers l’avant,"Salto avant corps groupé, carpé, tendu appel 1 pied avec 1 tour"
Poutre,valorisation,1 acro avec envol sur la poutre,elements,1,,oui,poutre-60-p7-175,P7,Vers l’arrière,Flic-flac avec 1/2 de tour en passant par l’ATR et renversement avant (Onodi)
Poutre,valorisation,1 acro avec envol sur la poutre,elements,1,,oui,poutre-60-p7-184,P7,Vers l’avant,"Salto costal, renversement latéral libre"
Poutre,valorisation,1 acro avec envol sur la poutre,elements,1,,oui,poutre-60-p7-185,P7,Vers l’avant,"Salto facial, renversement avant libre"
Poutre,valorisation,1 acro avec envol sur la poutre,elements,1,,oui,poutre-60-p7-190,P7,Vers l’avant,Salto japonais. Salto latéral groupé ou carpé appel 1 pied en latéral et réception
Poutre,valorisation,1 acro avec envol sur la poutre,elements,1,,oui,poutre-60-nomade-158,NOMADE,,Renversement latéral avec envol avant ou après la pose des mains
Poutre,valorisation,1 acro avec envol sur la poutre,elements,1,,oui,poutre-60-nomade-167,NOMADE,,Flic-flac poisson
Poutre,valorisation,1 sortie avec liaison acro dont un élément P4 (min.),elements,1,,oui,poutre-59-p3-199,P3,Vers l’arrière,Salto arrière groupé
Poutre,valorisation,1 sortie avec liaison acro dont un élément P4 (min.),elements,1,,oui,poutre-59-p3-201,P3,Vers l’avant,Salto avant corps groupé ou carpé à la station debout appel 1 ou 2 pieds
Poutre,valorisation,1 sortie avec liaison acro dont un élément P4 (min.),elements,1,,oui,poutre-59-p4-203,P4,Vers l’avant,Salto avant avec demi-tour à la station debout (appel 2 pieds)
Poutre,valorisation,1 sortie avec liaison acro dont un élément P4 (min.),elements,1,,oui,poutre-59-p5-209,P5,Vers l’avant,Salto avant tendu appel 2 pieds aussi avec 1/2 tour (180°) à la station debout
Poutre,valorisation,1 sortie avec liaison acro dont un élément P4 (min.),elements,1,,oui,poutre-59-p5-210,P5,Vers l’arrière,Salto arrière tendu aussi avec 1/2 tour (180°) à la station debout
Poutre,valorisation,1 sortie avec liaison acro dont un élément P4 (min.),elements,1,,oui,poutre-59-p5-211,P5,Vers l’arrière,Twist Appel en arrière avec 1/2 tour (180°) et salto avant à la station debout
Poutre,valorisation,1 sortie avec liaison acro dont un élément P4 (min.),elements,1,,oui,poutre-59-p6-214,P6,Vers l’avant,"Salto avant corps groupé, carpé, appel des 2 pieds avec 1 tour (360°)"
Poutre,valorisation,1 sortie avec liaison acro dont un élément P4 (min.),elements,1,,oui,poutre-59-p6-215,P6,Vers l’arrière,"Salto arrière corps groupé, carpé, tendu, avec 1 tour (360°)"
Poutre,valorisation,1 sortie avec liaison acro dont un élément P4 (min.),elements,1,,oui,poutre-59-p7-214bis,P7,Vers l’avant,Salto avant corps tendu appel des 2 pieds avec 1 tour (360°)
Poutre,valorisation,1 sortie avec liaison acro dont un élément P4 (min.),elements,1,,oui,poutre-59-p7-217,P7,Vers l’arrière,Salto arrière avec 3/2 tour ou+
Poutre,valorisation,1 sortie avec liaison acro dont un élément P4 (min.),elements,1,,oui,poutre-59-p7-218,P7,Vers l’arrière,Double salto arrière
Poutre,valorisation,1 sortie avec liaison acro dont un élément P4 (min.),elements,1,,oui,poutre-60-p3-196,P3,Vers l’avant,Rondade à la station debout (avec ou sans sursaut)
Poutre,valorisation,1 sortie avec liaison acro dont un élément P4 (min.),elements,1,,oui,poutre-60-p3-197,P3,Vers l’avant,Saut de mains. Renversement avant avec envol à la station debout avec ou sans sursaut
Poutre,valorisation,1 sortie avec liaison acro dont un élément P4 (min.),elements,1,,oui,poutre-60-p4-200,P4,Vers l’avant,Costal
Poutre,valorisation,1 sortie avec liaison acro dont un élément P4 (min.),elements,1,,oui,poutre-60-p5-202,P5,Vers l’avant,Salto avant tendu départ 1 pied
Poutre,valorisation,1 sortie avec liaison acro dont un élément P4 (min.),elements,1,,oui,poutre-60-p6-212,P6,Vers l’avant,"Salto avant corps groupé, carpé, tendu appel 1 pied avec 1 tour"
Poutre,exigence,1 élément P7,elements,1,,,poutre-59-p7-186,P7,Vers l’avant,Salto avant corps groupé ou carpé appel 1 ou 2 pieds arrivée à la station debout
Poutre,exigence,1 élément P7,elements,1,,,poutre-59-p7-191,P7,Vers l’arrière,"Salto arrière tendu, appel 2 pieds, réception 2 pieds"
Poutre,exigence,1 élément P7,elements,1,,,poutre-59-p7-192,P7,Vers l’arrière,Salto arrière tendu pieds décalés
Poutre,exigence,1 élément P7,elements,1,,,poutre-59-p7-214bis,P7,Vers l’avant,Salto avant corps tendu appel des 2 pieds avec 1 tour (360°)
Poutre,exigence,1 élément P7,elements,1,,,poutre-59-p7-217,P7,Vers l’arrière,Salto arrière avec 3/2 tour ou+
Poutre,exigence,1 élément P7,elements,1,,,poutre-59-p7-218,P7,Vers l’arrière,Double salto arrière
Poutre,exigence,1 élément P7,elements,1,,,poutre-60-p7-175,P7,Vers l’arrière,Flic-flac avec 1/2 de tour en passant par l’ATR et renversement avant (Onodi)
Poutre,exigence,1 élément P7,elements,1,,,poutre-60-p7-184,P7,Vers l’avant,"Salto costal, renversement latéral libre"
Poutre,exigence,1 élément P7,elements,1,,,poutre-60-p7-185,P7,Vers l’avant,"Salto facial, renversement avant libre"
Poutre,exigence,1 élément P7,elements,1,,,poutre-60-p7-190,P7,Vers l’avant,Salto japonais. Salto latéral groupé ou carpé appel 1 pied en latéral et réception
Poutre,exigence,1 élément P7,elements,1,,,poutre-61-p7-185,P7,,"Salto facial, renversement avant libre"
Poutre,exigence,1 élément P7,elements,1,,,poutre-61-p7-192,P7,,Salto arrière tendu pieds décalés
Poutre,exigence,1 élément P7,elements,1,,,poutre-62-p7-71,P7,,Saut changement de jambes avec 1/2 tour (180°)
Poutre,exigence,1 élément P7,elements,1,,,poutre-64-p7-25,P7,,"Salto avant à la station appel 2 pieds, élan en bout par rapport à la poutre"
Poutre,exigence,1 élément P7,elements,1,,,poutre-64-p7-26,P7,,"Rondade devant le bout poutre flic-flac par l’ATR, retour libre"
Poutre,exigence,1 élément P7,elements,1,,,poutre-64-p7-34-new,P7,,Entrée flip arrivée brachiale
Poutre,valorisation,1 saut écart avec 1 rotation à 180°,elements,1,,oui,poutre-62-p4-62,P4,,Saut enjambé appel d’1 pied (écart à 180°) aussi avec la jambe libre fléchie tendue
Poutre,valorisation,1 saut écart avec 1 rotation à 180°,elements,1,,oui,poutre-62-p5-67,P5,,Saut enjambé avec changement de jambes (angle d’écart 180° après le changement)
Poutre,valorisation,1 saut écart avec 1 rotation à 180°,elements,1,,oui,poutre-62-p6-70,P6,,Saut enjambé avec changement de jambes (angle d’écart 180° après le changement)
Poutre,valorisation,1 saut écart avec 1 rotation à 180°,elements,1,,oui,poutre-63-p5-66,P5,,Saut carpé écarté
Poutre,valorisation,1 LA 2 éléments dont 1 salto sur poutre,elements,1,,oui,poutre-59-p3-199,P3,Vers l’arrière,Salto arrière groupé
Poutre,valorisation,1 LA 2 éléments dont 1 salto sur poutre,elements,1,,oui,poutre-59-p3-201,P3,Vers l’avant,Salto avant corps groupé ou carpé à la station debout appel 1 ou 2 pieds
Poutre,valorisation,1 LA 2 éléments dont 1 salto sur poutre,elements,1,,oui,poutre-59-p4-203,P4,Vers l’avant,Salto avant avec demi-tour à la station debout (appel 2 pieds)
Poutre,valorisation,1 LA 2 éléments dont 1 salto sur poutre,elements,1,,oui,poutre-59-p5-187,P5,Vers l’arrière,Salto arrière corps groupé
Poutre,valorisation,1 LA 2 éléments dont 1 salto sur poutre,elements,1,,oui,poutre-59-p5-209,P5,Vers l’avant,Salto avant tendu appel 2 pieds aussi avec 1/2 tour (180°) à la station debout
Poutre,valorisation,1 LA 2 éléments dont 1 salto sur poutre,elements,1,,oui,poutre-59-p5-210,P5,Vers l’arrière,Salto arrière tendu aussi avec 1/2 tour (180°) à la station debout
Poutre,valorisation,1 LA 2 éléments dont 1 salto sur poutre,elements,1,,oui,poutre-59-p5-211,P5,Vers l’arrière,Twist Appel en arrière avec 1/2 tour (180°) et salto avant à la station debout
Poutre,valorisation,1 LA 2 éléments dont 1 salto sur poutre,elements,1,,oui,poutre-59-p6-188,P6,Vers l’arrière,Salto arrière carpé
Poutre,valorisation,1 LA 2 éléments dont 1 salto sur poutre,elements,1,,oui,poutre-59-p6-214,P6,Vers l’avant,"Salto avant corps groupé, carpé, appel des 2 pieds avec 1 tour (360°)"
Poutre,valorisation,1 LA 2 éléments dont 1 salto sur poutre,elements,1,,oui,poutre-59-p6-215,P6,Vers l’arrière,"Salto arrière corps groupé, carpé, tendu, avec 1 tour (360°)"
Poutre,valorisation,1 LA 2 éléments dont 1 salto sur poutre,elements,1,,oui,poutre-59-p6-26,P6,Vers l’avant,Salto avant corps groupé appel d’1 ou 2 pieds arriver au siège groupé
Poutre,valorisation,1 LA 2 éléments dont 1 salto sur poutre,elements,1,,oui,poutre-59-p7-186,P7,Vers l’avant,Salto avant corps groupé ou carpé appel 1 ou 2 pieds arrivée à la station debout
Poutre,valorisation,1 LA 2 éléments dont 1 salto sur poutre,elements,1,,oui,poutre-59-p7-191,P7,Vers l’arrière,"Salto arrière tendu, appel 2 pieds, réception 2 pieds"
Poutre,valorisation,1 LA 2 éléments dont 1 salto sur poutre,elements,1,,oui,poutre-59-p7-192,P7,Vers l’arrière,Salto arrière tendu pieds décalés
Poutre,valorisation,1 LA 2 éléments dont 1 salto sur poutre,elements,1,,oui,poutre-59-p7-214bis,P7,Vers l’avant,Salto avant corps tendu appel des 2 pieds avec 1 tour (360°)
Poutre,valorisation,1 LA 2 éléments dont 1 salto sur poutre,elements,1,,oui,poutre-59-p7-217,P7,Vers l’arrière,Salto arrière avec 3/2 tour ou+
Poutre,valorisation,1 LA 2 éléments dont 1 salto sur poutre,elements,1,,oui,poutre-59-p7-218,P7,Vers l’arrière,Double salto arrière
Poutre,valorisation,1 LA 2 éléments dont 1 salto sur poutre,elements,1,,oui,poutre-59-nomade-205,NOMADE,,"Salto Auerbach groupé, carpé ou tendu sur le côté de la poutre à la station debout"
Poutre,valorisation,1 LA 2 éléments dont 1 salto sur poutre,elements,1,,oui,poutre-59-nomade-213,NOMADE,,Salto Auerbach groupé au bout de la poutre à la station debout
Poutre,valorisation,1 LA 2 éléments dont 1 salto sur poutre,elements,1,,oui,poutre-60-p5-202,P5,Vers l’avant,Salto avant tendu départ 1 pied
Poutre,valorisation,1 LA 2 éléments dont 1 salto sur poutre,elements,1,,oui,poutre-60-p6-212,P6,Vers l’avant,"Salto avant corps groupé, carpé, tendu appel 1 pied avec 1 tour"
Poutre,valorisation,1 LA 2 éléments dont 1 salto sur poutre,elements,1,,oui,poutre-60-p7-184,P7,Vers l’avant,"Salto costal, renversement latéral libre"
Poutre,valorisation,1 LA 2 éléments dont 1 salto sur poutre,elements,1,,oui,poutre-60-p7-185,P7,Vers l’avant,"Salto facial, renversement avant libre"
Poutre,valorisation,1 LA 2 éléments dont 1 salto sur poutre,elements,1,,oui,poutre-60-p7-190,P7,Vers l’avant,Salto japonais. Salto latéral groupé ou carpé appel 1 pied en latéral et réception
Poutre,valorisation,1 salto sur poutre P6 (min.),elements,1,,,poutre-59-p6-188,P6,Vers l’arrière,Salto arrière carpé
Poutre,valorisation,1 salto sur poutre P6 (min.),elements,1,,,poutre-59-p6-214,P6,Vers l’avant,"Salto avant corps groupé, carpé, appel des 2 pieds avec 1 tour (360°)"
Poutre,valorisation,1 salto sur poutre P6 (min.),elements,1,,,poutre-59-p6-215,P6,Vers l’arrière,"Salto arrière corps groupé, carpé, tendu, avec 1 tour (360°)"
Poutre,valorisation,1 salto sur poutre P6 (min.),elements,1,,,poutre-59-p6-26,P6,Vers l’avant,Salto avant corps groupé appel d’1 ou 2 pieds arriver au siège groupé
Poutre,valorisation,1 salto sur poutre P6 (min.),elements,1,,,poutre-59-p7-186,P7,Vers l’avant,Salto avant corps groupé ou carpé appel 1 ou 2 pieds arrivée à la station debout
Poutre,valorisation,1 salto sur poutre P6 (min.),elements,1,,,poutre-59-p7-191,P7,Vers l’arrière,"Salto arrière tendu, appel 2 pieds, réception 2 pieds"
Poutre,valorisation,1 salto sur poutre P6 (min.),elements,1,,,poutre-59-p7-192,P7,Vers l’arrière,Salto arrière tendu pieds décalés
Poutre,valorisation,1 salto sur poutre P6 (min.),elements,1,,,poutre-59-p7-214bis,P7,Vers l’avant,Salto avant corps tendu appel des 2 pieds avec 1 tour (360°)
Poutre,valorisation,1 salto sur poutre P6 (min.),elements,1,,,poutre-59-p7-217,P7,Vers l’arrière,Salto arrière avec 3/2 tour ou+
Poutre,valorisation,1 salto sur poutre P6 (min.),elements,1,,,poutre-59-p7-218,P7,Vers l’arrière,Double salto arrière
Poutre,valorisation,1 salto sur poutre P6 (min.),elements,1,,,poutre-60-p6-212,P6,Vers l’avant,"Salto avant corps groupé, carpé, tendu appel 1 pied avec 1 tour"
Poutre,valorisation,1 salto sur poutre P6 (min.),elements,1,,,poutre-60-p7-184,P7,Vers l’avant,"Salto costal, renversement latéral libre"
Poutre,valorisation,1 salto sur poutre P6 (min.),elements,1,,,poutre-60-p7-185,P7,Vers l’avant,"Salto facial, renversement avant libre"
Poutre,valorisation,1 salto sur poutre P6 (min.),elements,1,,,poutre-60-p7-190,P7,Vers l’avant,Salto japonais. Salto latéral groupé ou carpé appel 1 pied en latéral et réception
Poutre,valorisation,1 sortie avec liaison acro dont 1 élément P5 (min.),elements,1,,oui,poutre-59-p3-199,P3,Vers l’arrière,Salto arrière groupé
Poutre,valorisation,1 sortie avec liaison acro dont 1 élément P5 (min.),elements,1,,oui,poutre-59-p3-201,P3,Vers l’avant,Salto avant corps groupé ou carpé à la station debout appel 1 ou 2 pieds
Poutre,valorisation,1 sortie avec liaison acro dont 1 élément P5 (min.),elements,1,,oui,poutre-59-p4-203,P4,Vers l’avant,Salto avant avec demi-tour à la station debout (appel 2 pieds)
Poutre,valorisation,1 sortie avec liaison acro dont 1 élément P5 (min.),elements,1,,oui,poutre-59-p5-209,P5,Vers l’avant,Salto avant tendu appel 2 pieds aussi avec 1/2 tour (180°) à la station debout
Poutre,valorisation,1 sortie avec liaison acro dont 1 élément P5 (min.),elements,1,,oui,poutre-59-p5-210,P5,Vers l’arrière,Salto arrière tendu aussi avec 1/2 tour (180°) à la station debout
Poutre,valorisation,1 sortie avec liaison acro dont 1 élément P5 (min.),elements,1,,oui,poutre-59-p5-211,P5,Vers l’arrière,Twist Appel en arrière avec 1/2 tour (180°) et salto avant à la station debout
Poutre,valorisation,1 sortie avec liaison acro dont 1 élément P5 (min.),elements,1,,oui,poutre-59-p6-214,P6,Vers l’avant,"Salto avant corps groupé, carpé, appel des 2 pieds avec 1 tour (360°)"
Poutre,valorisation,1 sortie avec liaison acro dont 1 élément P5 (min.),elements,1,,oui,poutre-59-p6-215,P6,Vers l’arrière,"Salto arrière corps groupé, carpé, tendu, avec 1 tour (360°)"
Poutre,valorisation,1 sortie avec liaison acro dont 1 élément P5 (min.),elements,1,,oui,poutre-59-p7-214bis,P7,Vers l’avant,Salto avant corps tendu appel des 2 pieds avec 1 tour (360°)
Poutre,valorisation,1 sortie avec liaison acro dont 1 élément P5 (min.),elements,1,,oui,poutre-59-p7-217,P7,Vers l’arrière,Salto arrière avec 3/2 tour ou+
Poutre,valorisation,1 sortie avec liaison acro dont 1 élément P5 (min.),elements,1,,oui,poutre-59-p7-218,P7,Vers l’arrière,Double salto arrière
Poutre,valorisation,1 sortie avec liaison acro dont 1 élément P5 (min.),elements,1,,oui,poutre-60-p3-196,P3,Vers l’avant,Rondade à la station debout (avec ou sans sursaut)
Poutre,valorisation,1 sortie avec liaison acro dont 1 élément P5 (min.),elements,1,,oui,poutre-60-p3-197,P3,Vers l’avant,Saut de mains. Renversement avant avec envol à la station debout avec ou sans sursaut
Poutre,valorisation,1 sortie avec liaison acro dont 1 élément P5 (min.),elements,1,,oui,poutre-60-p4-200,P4,Vers l’avant,Costal
Poutre,valorisation,1 sortie avec liaison acro dont 1 élément P5 (min.),elements,1,,oui,poutre-60-p5-202,P5,Vers l’avant,Salto avant tendu départ 1 pied
Poutre,valorisation,1 sortie avec liaison acro dont 1 élément P5 (min.),elements,1,,oui,poutre-60-p6-212,P6,Vers l’avant,"Salto avant corps groupé, carpé, tendu appel 1 pied avec 1 tour"
Poutre,valorisation,Poutre mousse : 1 ATR (PR),elements,1,,,poutre-61-pre-requis-15-new,PRÉ-REQUIS,,ATR tenu 2’’ (toutes positions de jambes) retour libre
Poutre,valorisation,Poutre mousse : ROUE,elements,1,,,poutre-61-p1-152,P1,,Roue : renversement latéral sans envol arrivée 1 ou 2 pieds
Poutre,valorisation,Poutre mousse : Acro P2 (min.),elements,1,,,poutre-61-p2-159,P2,,Souplesse avant ou roue arabe. Renversement avant sans envol aussi avec appui sur 1 bras ou avec appui des mains successif retour libre
Poutre,valorisation,Poutre mousse : Acro P2 (min.),elements,1,,,poutre-61-p2-18-new,P2,,Tic-Tac. Renversement avant arrière sans envol
Poutre,valorisation,Poutre mousse : Acro P2 (min.),elements,1,,,poutre-61-p2-24-new,P2,,Souplesse arrière. Renversement arrière sans envol retour libre
Poutre,valorisation,Poutre mousse : Acro P2 (min.),elements,1,,,poutre-61-p3-19-new,P3,,Saut de mains. Renversement avant avec envol appel 1 pied et réception libre
Poutre,valorisation,Poutre mousse : Acro P2 (min.),elements,1,,,poutre-61-p3-20-new,P3,,Rondade
Poutre,valorisation,Poutre mousse : Acro P2 (min.),elements,1,,,poutre-61-p4-21-new,P4,,Salto avant corps groupé ou carpé appel 1 ou 2 pieds arrivée à la station debout
Poutre,valorisation,Poutre mousse : Acro P2 (min.),elements,1,,,poutre-61-p4-22-new,P4,,Flic-flac. Renversement arrière avec envol départ libre arrivée 2 pieds serrés
Poutre,valorisation,Poutre mousse : Acro P2 (min.),elements,1,,,poutre-61-p4-23-new,P4,,Flic-flac arrivée pieds décalés
Poutre,valorisation,Poutre mousse : Acro P2 (min.),elements,1,,,poutre-61-p5-175,P5,,Flic-flac avec 1/2 de tour en passant par l’ATR et renversement avant (Onodi)
Poutre,valorisation,Poutre mousse : Acro P2 (min.),elements,1,,,poutre-61-p5-184,P5,,"Salto costal, renversement latéral libre"
Poutre,valorisation,Poutre mousse : Acro P2 (min.),elements,1,,,poutre-61-p5-187,P5,,Salto arrière corps groupé
Poutre,valorisation,Poutre mousse : Acro P2 (min.),elements,1,,,poutre-61-p6-190,P6,,Salto japonais. Salto latéral groupé ou carpé appel 1 pied en latéral et réception à la station latérale
Poutre,valorisation,Poutre mousse : Acro P2 (min.),elements,1,,,poutre-61-p7-185,P7,,"Salto facial, renversement avant libre"
Poutre,valorisation,Poutre mousse : Acro P2 (min.),elements,1,,,poutre-61-p7-192,P7,,Salto arrière tendu pieds décalés
Poutre,valorisation,Poutre mousse : Acro P3 (min.),elements,1,,,poutre-61-p3-19-new,P3,,Saut de mains. Renversement avant avec envol appel 1 pied et réception libre
Poutre,valorisation,Poutre mousse : Acro P3 (min.),elements,1,,,poutre-61-p3-20-new,P3,,Rondade
Poutre,valorisation,Poutre mousse : Acro P3 (min.),elements,1,,,poutre-61-p4-21-new,P4,,Salto avant corps groupé ou carpé appel 1 ou 2 pieds arrivée à la station debout
Poutre,valorisation,Poutre mousse : Acro P3 (min.),elements,1,,,poutre-61-p4-22-new,P4,,Flic-flac. Renversement arrière avec envol départ libre arrivée 2 pieds serrés
Poutre,valorisation,Poutre mousse : Acro P3 (min.),elements,1,,,poutre-61-p4-23-new,P4,,Flic-flac arrivée pieds décalés
Poutre,valorisation,Poutre mousse : Acro P3 (min.),elements,1,,,poutre-61-p5-175,P5,,Flic-flac avec 1/2 de tour en passant par l’ATR et renversement avant (Onodi)
Poutre,valorisation,Poutre mousse : Acro P3 (min.),elements,1,,,poutre-61-p5-184,P5,,"Salto costal, renversement latéral libre"
Poutre,valorisation,Poutre mousse : Acro P3 (min.),elements,1,,,poutre-61-p5-187,P5,,Salto arrière corps groupé
Poutre,valorisation,Poutre mousse : Acro P3 (min.),elements,1,,,poutre-61-p6-190,P6,,Salto japonais. Salto latéral groupé ou carpé appel 1 pied en latéral et réception à la station latérale
Poutre,valorisation,Poutre mousse : Acro P3 (min.),elements,1,,,poutre-61-p7-185,P7,,"Salto facial, renversement avant libre"
Poutre,valorisation,Poutre mousse : Acro P3 (min.),elements,1,,,poutre-61-p7-192,P7,,Salto arrière tendu pieds décalés
Poutre,valorisation,Poutre mousse : Acro P4 (min.),elements,1,,,poutre-61-p4-21-new,P4,,Salto avant corps groupé ou carpé appel 1 ou 2 pieds arrivée à la station debout
Poutre,valorisation,Poutre mousse : Acro P4 (min.),elements,1,,,poutre-61-p4-22-new,P4,,Flic-flac. Renversement arrière avec envol départ libre arrivée 2 pieds serrés
Poutre,valorisation,Poutre mousse : Acro P4 (min.),elements,1,,,poutre-61-p4-23-new,P4,,Flic-flac arrivée pieds décalés
Poutre,valorisation,Poutre mousse : Acro P4 (min.),elements,1,,,poutre-61-p5-175,P5,,Flic-flac avec 1/2 de tour en passant par l’ATR et renversement avant (Onodi)
Poutre,valorisation,Poutre mousse : Acro P4 (min.),elements,1,,,poutre-61-p5-184,P5,,"Salto costal, renversement latéral libre"
Poutre,valorisation,Poutre mousse : Acro P4 (min.),elements,1,,,poutre-61-p5-187,P5,,Salto arrière corps groupé
Poutre,valorisation,Poutre mousse : Acro P4 (min.),elements,1,,,poutre-61-p6-190,P6,,Salto japonais. Salto latéral groupé ou carpé appel 1 pied en latéral et réception à la station latérale
Poutre,valorisation,Poutre mousse : Acro P4 (min.),elements,1,,,poutre-61-p7-185,P7,,"Salto facial, renversement avant libre"
Poutre,valorisation,Poutre mousse : Acro P4 (min.),elements,1,,,poutre-61-p7-192,P7,,Salto arrière tendu pieds décalés
Poutre,valorisation,Poutre mousse : 1 LA dont 1 élément avec envol,elements,2,,oui,poutre-61-pre-requis-15-new,PRÉ-REQUIS,,ATR tenu 2’’ (toutes positions de jambes) retour libre
Poutre,valorisation,Poutre mousse : 1 LA dont 1 élément avec envol,elements,2,,oui,poutre-61-p1-152,P1,,Roue : renversement latéral sans envol arrivée 1 ou 2 pieds
Poutre,valorisation,Poutre mousse : 1 LA dont 1 élément avec envol,elements,2,,oui,poutre-61-p2-159,P2,,Souplesse avant ou roue arabe. Renversement avant sans envol aussi avec appui sur 1 bras ou avec appui des mains successif retour libre
Poutre,valorisation,Poutre mousse : 1 LA dont 1 élément avec envol,elements,2,,oui,poutre-61-p2-18-new,P2,,Tic-Tac. Renversement avant arrière sans envol
Poutre,valorisation,Poutre mousse : 1 LA dont 1 élément avec envol,elements,2,,oui,poutre-61-p2-24-new,P2,,Souplesse arrière. Renversement arrière sans envol retour libre
Poutre,valorisation,Poutre mousse : 1 LA dont 1 élément avec envol,elements,2,,oui,poutre-61-p3-19-new,P3,,Saut de mains. Renversement avant avec envol appel 1 pied et réception libre
Poutre,valorisation,Poutre mousse : 1 LA dont 1 élément avec envol,elements,2,,oui,poutre-61-p3-20-new,P3,,Rondade
Poutre,valorisation,Poutre mousse : 1 LA dont 1 élément avec envol,elements,2,,oui,poutre-61-p4-21-new,P4,,Salto avant corps groupé ou carpé appel 1 ou 2 pieds arrivée à la station debout
Poutre,valorisation,Poutre mousse : 1 LA dont 1 élément avec envol,elements,2,,oui,poutre-61-p4-22-new,P4,,Flic-flac. Renversement arrière avec envol départ libre arrivée 2 pieds serrés
Poutre,valorisation,Poutre mousse : 1 LA dont 1 élément avec envol,elements,2,,oui,poutre-61-p4-23-new,P4,,Flic-flac arrivée pieds décalés
Poutre,valorisation,Poutre mousse : 1 LA dont 1 élément avec envol,elements,2,,oui,poutre-61-p5-175,P5,,Flic-flac avec 1/2 de tour en passant par l’ATR et renversement avant (Onodi)
Poutre,valorisation,Poutre mousse : 1 LA dont 1 élément avec envol,elements,2,,oui,poutre-61-p5-184,P5,,"Salto costal, renversement latéral libre"
Poutre,valorisation,Poutre mousse : 1 LA dont 1 élément avec envol,elements,2,,oui,poutre-61-p5-187,P5,,Salto arrière corps groupé
Poutre,valorisation,Poutre mousse : 1 LA dont 1 élément avec envol,elements,2,,oui,poutre-61-p6-190,P6,,Salto japonais. Salto latéral groupé ou carpé appel 1 pied en latéral et réception à la station latérale
Poutre,valorisation,Poutre mousse : 1 LA dont 1 élément avec envol,elements,2,,oui,poutre-61-p7-185,P7,,"Salto facial, renversement avant libre"
Poutre,valorisation,Poutre mousse : 1 LA dont 1 élément avec envol,elements,2,,oui,poutre-61-p7-192,P7,,Salto arrière tendu pieds décalés
Poutre,valorisation,Poutre mousse : 1 LA 2 éléments dont 1 salto,elements,1,,oui,poutre-61-p4-21-new,P4,,Salto avant corps groupé ou carpé appel 1 ou 2 pieds arrivée à la station debout
Poutre,valorisation,Poutre mousse : 1 LA 2 éléments dont 1 salto,elements,1,,oui,poutre-61-p5-184,P5,,"Salto costal, renversement latéral libre"
Poutre,valorisation,Poutre mousse : 1 LA 2 éléments dont 1 salto,elements,1,,oui,poutre-61-p5-187,P5,,Salto arrière corps groupé
Poutre,valorisation,Poutre mousse : 1 LA 2 éléments dont 1 salto,elements,1,,oui,poutre-61-p6-190,P6,,Salto japonais. Salto latéral groupé ou carpé appel 1 pied en latéral et réception à la station latérale
Poutre,valorisation,Poutre mousse : 1 LA 2 éléments dont 1 salto,elements,1,,oui,poutre-61-p7-185,P7,,"Salto facial, renversement avant libre"
Poutre,valorisation,Poutre mousse : 1 LA 2 éléments dont 1 salto,elements,1,,oui,poutre-61-p7-192,P7,,Salto arrière tendu pieds décalés
Poutre,valorisation,Poutre mousse : 1 LA de 2 éléments avec envol dont 1 salto,elements,1,,oui,poutre-61-p4-21-new,P4,,Salto avant corps groupé ou carpé appel 1 ou 2 pieds arrivée à la station debout
Poutre,valorisation,Poutre mousse : 1 LA de 2 éléments avec envol dont 1 salto,elements,1,,oui,poutre-61-p5-184,P5,,"Salto costal, renversement latéral libre"
Poutre,valorisation,Poutre mousse : 1 LA de 2 éléments avec envol dont 1 salto,elements,1,,oui,poutre-61-p5-187,P5,,Salto arrière corps groupé
Poutre,valorisation,Poutre mousse : 1 LA de 2 éléments avec envol dont 1 salto,elements,1,,oui,poutre-61-p6-190,P6,,Salto japonais. Salto latéral groupé ou carpé appel 1 pied en latéral et réception à la station latérale
Poutre,valorisation,Poutre mousse : 1 LA de 2 éléments avec envol dont 1 salto,elements,1,,oui,poutre-61-p7-185,P7,,"Salto facial, renversement avant libre"
Poutre,valorisation,Poutre mousse : 1 LA de 2 éléments avec envol dont 1 salto,elements,1,,oui,poutre-61-p7-192,P7,,Salto arrière tendu pieds décalés
Anneaux,exigence,1 élément de la famille des maintiens,elements,1,,,anneaux-25-p2-109,P2,ATR,Placement du dos tenu 2“ jambes tendues bras fléchis
Anneaux,exigence,1 élément de la famille des maintiens,elements,1,,,anneaux-25-p3-116,P3,ATR,ATR bras fléchis tenu 2” (épaules au niveau supérieur des anneaux)
Anneaux,exigence,1 élément de la famille des maintiens,elements,1,,,anneaux-25-p3-81-new,P3,Croix,"De l’appui, descendre lentement à la suspension en passant par la croix"
Anneaux,exigence,1 élément de la famille des maintiens,elements,1,,,anneaux-25-p4-117,P4,ATR,"Monter en force jambes serrées ou écartées à l’ATR tenu, avec touche des pieds à l’intérieur des câbles"
Anneaux,exigence,1 élément de la famille des maintiens,elements,1,,,anneaux-25-p4-80,P4,Appuis,Tour d’appui arrière carpé à l’appui
Anneaux,exigence,1 élément de la famille des maintiens,elements,1,,,anneaux-25-p5-118,P5,ATR,"Monter en force corps cassé, jambes écartées, bras fléchis à l’ATR tenu 2’’"
Anneaux,exigence,1 élément de la famille des maintiens,elements,1,,,anneaux-25-p5-54,P5,Croix,N’importe quelle croix tenue 2“
Anneaux,exigence,1 élément de la famille des maintiens,elements,1,,,anneaux-25-p5-82,P5,Appuis,Tour d’appui avant lentement corps tendu à l’appui
Anneaux,exigence,1 élément de la famille des maintiens,elements,1,,,anneaux-25-p5-83,P5,Appuis,Tour d’appui arrière tendu à l’appui
Anneaux,exigence,1 élément de la famille des maintiens,elements,1,,,anneaux-25-p6-123,P6,ATR,Elan à l’appui renversé tenu 2”
Anneaux,exigence,1 élément de la famille des maintiens,elements,1,,,anneaux-25-p6-124,P6,ATR,"Monter en force jambes serrées, bras tendu, corps cassé, ou bras fléchis corps tendu"
Anneaux,exigence,1 élément de la famille des maintiens,elements,1,,,anneaux-25-p7-131,P7,ATR,"Monter en force jambes serrées, bras tendu, corps tendu"
Anneaux,exigence,1 élément de la famille des maintiens,elements,1,,,anneaux-25-p7-63,P7,Croix,Croix renversée tenue 2“
Anneaux,exigence,1 élément P2,elements,1,,,anneaux-24-p2-49-new,P2,,Sortie par fente de disloque arrière
Anneaux,exigence,1 élément P2,elements,1,,,anneaux-24-p2-78-new,P2,,Traction et maintien 2“ bras fléchis
Anneaux,exigence,1 élément P2,elements,1,,,anneaux-24-p2-85,P2,,"De la suspension renversée, prise d’élan par fermeture ouverture dynamique, épaules"
Anneaux,exigence,1 élément P2,elements,1,,,anneaux-25-p2-109,P2,ATR,Placement du dos tenu 2“ jambes tendues bras fléchis
Anneaux,exigence,1 élément P2,elements,1,,,anneaux-25-p2-40,P2,Force,Equerre jambes fléchies tenue 2“
Anneaux,exigence,1 élément P2,elements,1,,,anneaux-26-p2-139,P2,,Salto arrière corps tendu lâcher avant la verticale
Anneaux,exigence,1 élément P2,elements,1,,,anneaux-26-p2-94,P2,,Dislocation arrière corps tendu épaules en dessous des anneaux
Anneaux,exigence,1 élément P2,elements,1,,,anneaux-27-p2-93,P2,,"De l’appui, rouler en avant bras tendus à la suspension"
Anneaux,valorisation,1 maintien P2,elements,1,,,anneaux-25-p2-109,P2,ATR,Placement du dos tenu 2“ jambes tendues bras fléchis
Anneaux,valorisation,1 «suspension» P2,elements,1,,,anneaux-24-p2-49-new,P2,,Sortie par fente de disloque arrière
Anneaux,valorisation,1 «suspension» P2,elements,1,,,anneaux-24-p2-78-new,P2,,Traction et maintien 2“ bras fléchis
Anneaux,valorisation,1 «suspension» P2,elements,1,,,anneaux-24-p2-85,P2,,"De la suspension renversée, prise d’élan par fermeture ouverture dynamique, épaules"
Anneaux,valorisation,Enchainer 3 balancés complets,elements,3,,oui,anneaux-26-p1-91,P1,,"Balancer de l’arrière vers l’avant, bassin à 45° au-dessus des anneaux"
Anneaux,valorisation,Enchainer 3 balancés complets,elements,3,,oui,anneaux-27-p1-90,P1,,"Balancer de l’avant vers l’arrière, bassin à hauteur des anneaux"
Anneaux,exigence,1 dislocation,elements,1,,,anneaux-26-p2-94,P2,,Dislocation arrière corps tendu épaules en dessous des anneaux
Anneaux,exigence,1 dislocation,elements,1,,,anneaux-26-p3-102,P3,,"Dislocation arrière corps tendu, épaules au-dessus des anneaux"
Anneaux,exigence,1 dislocation,elements,1,,,anneaux-27-p3-95,P3,,Dislocation avant corps tendu épaules en dessous des anneaux
Anneaux,exigence,1 élément P3,elements,1,,,anneaux-24-p3-4,P3,,Simultané sans aide
Anneaux,exigence,1 élément P3,elements,1,,,anneaux-24-p3-48,P3,,Suspension dorsale horizontale tenue 2“
Anneaux,exigence,1 élément P3,elements,1,,,anneaux-24-p3-9,P3,,Bascule à l’appui
Anneaux,exigence,1 élément P3,elements,1,,,anneaux-25-p3-116,P3,ATR,ATR bras fléchis tenu 2” (épaules au niveau supérieur des anneaux)
Anneaux,exigence,1 élément P3,elements,1,,,anneaux-25-p3-43,P3,Force,Equerre jambes tendues à l’horizontal tenue 2“
Anneaux,exigence,1 élément P3,elements,1,,,anneaux-25-p3-81-new,P3,Croix,"De l’appui, descendre lentement à la suspension en passant par la croix"
Anneaux,exigence,1 élément P3,elements,1,,,anneaux-26-p3-102,P3,,"Dislocation arrière corps tendu, épaules au-dessus des anneaux"
Anneaux,exigence,1 élément P3,elements,1,,,anneaux-26-p3-142,P3,,Salto arrière corps tendu avec 1/2 tour
Anneaux,exigence,1 élément P3,elements,1,,,anneaux-26-p3-7,P3,,Rétablissement avant à l’appui
Anneaux,exigence,1 élément P3,elements,1,,,anneaux-26-p3-8,P3,,Etablissement avant en tournant en arrière à l’appui
Anneaux,exigence,1 élément P3,elements,1,,,anneaux-27-p3-144,P3,,Koste Etablissement arrière et salto arrière groupé ou carpé
Anneaux,exigence,1 élément P3,elements,1,,,anneaux-27-p3-5,P3,,Rétablissement arrière à l’appui
Anneaux,exigence,1 élément P3,elements,1,,,anneaux-27-p3-95,P3,,Dislocation avant corps tendu épaules en dessous des anneaux
Anneaux,exigence,1 élément P3,elements,1,,,anneaux-27-p3-99,P3,,Descente lune de l’ATR (bras tendus)
Anneaux,valorisation,1 force P3 (min.),elements,1,,,anneaux-25-p3-43,P3,Force,Equerre jambes tendues à l’horizontal tenue 2“
Anneaux,valorisation,1 force P3 (min.),elements,1,,,anneaux-25-p4-47,P4,Force,Equerre jambes écartées tenue 2“
Anneaux,valorisation,1 force P3 (min.),elements,1,,,anneaux-25-p5-53,P5,Force,Appui facial horizontal jambes écartées tenu 2 “
Anneaux,valorisation,1 force P3 (min.),elements,1,,,anneaux-25-p6-62,P6,Force,Appui facial horizontal jambes serrées tenu 2“
Anneaux,valorisation,1 force P3 (min.),elements,1,,,anneaux-25-p7-61,P7,Force,Hirondelle tenue 2“
Anneaux,valorisation,1 PR max dans tout l’enchaînement,max,1,,,anneaux-24-pre-requis-1,PRÉ-REQUIS,,Simultané avec aide
Anneaux,valorisation,1 PR max dans tout l’enchaînement,max,1,,,anneaux-24-pre-requis-41,PRÉ-REQUIS,,Monter jambes tendues à la suspension renversée sans élan
Anneaux,valorisation,1 PR max dans tout l’enchaînement,max,1,,,anneaux-24-pre-requis-87,PRÉ-REQUIS,,Fouetté arrière puis monter corps tendu à la suspension renversée
Anneaux,valorisation,1 élément des ATR P2 (min.),elements,1,,,anneaux-25-p2-109,P2,ATR,Placement du dos tenu 2“ jambes tendues bras fléchis
Anneaux,valorisation,1 élément des ATR P2 (min.),elements,1,,,anneaux-25-p3-116,P3,ATR,ATR bras fléchis tenu 2” (épaules au niveau supérieur des anneaux)
Anneaux,valorisation,1 élément des ATR P2 (min.),elements,1,,,anneaux-25-p4-117,P4,ATR,"Monter en force jambes serrées ou écartées à l’ATR tenu, avec touche des pieds à l’intérieur des câbles"
Anneaux,valorisation,1 élément des ATR P2 (min.),elements,1,,,anneaux-25-p5-118,P5,ATR,"Monter en force corps cassé, jambes écartées, bras fléchis à l’ATR tenu 2’’"
Anneaux,valorisation,1 élément des ATR P2 (min.),elements,1,,,anneaux-25-p6-123,P6,ATR,Elan à l’appui renversé tenu 2”
Anneaux,valorisation,1 élément des ATR P2 (min.),elements,1,,,anneaux-25-p6-124,P6,ATR,"Monter en force jambes serrées, bras tendu, corps cassé, ou bras fléchis corps tendu"
Anneaux,valorisation,1 élément des ATR P2 (min.),elements,1,,,anneaux-25-p7-131,P7,ATR,"Monter en force jambes serrées, bras tendu, corps tendu"
Anneaux,valorisation,1 sortie P2 (min.),elements,1,,,anneaux-24-p2-49-new,P2,,Sortie par fente de disloque arrière
Anneaux,valorisation,1 sortie P2 (min.),elements,1,,,anneaux-26-p5-148,P5,,Sortie par strolli tendu et salto arrière tendu de l’appui
Anneaux,exigence,1 élément P4,elements,1,,,anneaux-24-p4-10,P4,,Bascule dorsale bras fléchis à l’appui
Anneaux,exigence,1 élément P4,elements,1,,,anneaux-24-p4-20,P4,,Bascule à l’équerre tenue 2”
Anneaux,exigence,1 élément P4,elements,1,,,anneaux-24-p4-46,P4,,"De la suspension, renversement avant lentement"
Anneaux,exigence,1 élément P4,elements,1,,,anneaux-24-p4-49,P4,,Suspension faciale horizontale tenue 2“
Anneaux,exigence,1 élément P4,elements,1,,,anneaux-25-p4-117,P4,ATR,"Monter en force jambes serrées ou écartées à l’ATR tenu, avec touche des pieds à l’intérieur des câbles"
Anneaux,exigence,1 élément P4,elements,1,,,anneaux-25-p4-47,P4,Force,Equerre jambes écartées tenue 2“
Anneaux,exigence,1 élément P4,elements,1,,,anneaux-25-p4-80,P4,Appuis,Tour d’appui arrière carpé à l’appui
Anneaux,exigence,1 élément P4,elements,1,,,anneaux-26-p4-13,P4,,Établissement avant à l’appui avec équerre tenue 2”
Anneaux,exigence,1 élément P4,elements,1,,,anneaux-26-p4-145,P4,,Salto arrière corps tendu avec 1/1 tour
Anneaux,exigence,1 élément P4,elements,1,,,anneaux-26-p4-98,P4,,Descente soleil de l’ATR
Anneaux,exigence,1 élément P4,elements,1,,,anneaux-27-p4-143,P4,,Salto avant tendu
Anneaux,exigence,1 élément P4,elements,1,,,anneaux-27-p4-19,P4,,"Honma Elancer en suspension en arrière,"
Anneaux,exigence,1 élément P4,elements,1,,,anneaux-27-p4-22,P4,,Etablissement arrière à l’équerre écartée tenu 2“
Anneaux,exigence,1 sortie,elements,1,,,anneaux-24-p2-49-new,P2,,Sortie par fente de disloque arrière
Anneaux,exigence,1 sortie,elements,1,,,anneaux-26-p5-148,P5,,Sortie par strolli tendu et salto arrière tendu de l’appui
Anneaux,valorisation,1 maintien P3 (min.),elements,1,,,anneaux-25-p3-116,P3,ATR,ATR bras fléchis tenu 2” (épaules au niveau supérieur des anneaux)
Anneaux,valorisation,1 maintien P3 (min.),elements,1,,,anneaux-25-p3-81-new,P3,Croix,"De l’appui, descendre lentement à la suspension en passant par la croix"
Anneaux,valorisation,1 maintien P3 (min.),elements,1,,,anneaux-25-p4-117,P4,ATR,"Monter en force jambes serrées ou écartées à l’ATR tenu, avec touche des pieds à l’intérieur des câbles"
Anneaux,valorisation,1 maintien P3 (min.),elements,1,,,anneaux-25-p4-80,P4,Appuis,Tour d’appui arrière carpé à l’appui
Anneaux,valorisation,1 maintien P3 (min.),elements,1,,,anneaux-25-p5-118,P5,ATR,"Monter en force corps cassé, jambes écartées, bras fléchis à l’ATR tenu 2’’"
Anneaux,valorisation,1 maintien P3 (min.),elements,1,,,anneaux-25-p5-54,P5,Croix,N’importe quelle croix tenue 2“
Anneaux,valorisation,1 maintien P3 (min.),elements,1,,,anneaux-25-p5-82,P5,Appuis,Tour d’appui avant lentement corps tendu à l’appui
Anneaux,valorisation,1 maintien P3 (min.),elements,1,,,anneaux-25-p5-83,P5,Appuis,Tour d’appui arrière tendu à l’appui
Anneaux,valorisation,1 maintien P3 (min.),elements,1,,,anneaux-25-p6-123,P6,ATR,Elan à l’appui renversé tenu 2”
Anneaux,valorisation,1 maintien P3 (min.),elements,1,,,anneaux-25-p6-124,P6,ATR,"Monter en force jambes serrées, bras tendu, corps cassé, ou bras fléchis corps tendu"
Anneaux,valorisation,1 maintien P3 (min.),elements,1,,,anneaux-25-p7-131,P7,ATR,"Monter en force jambes serrées, bras tendu, corps tendu"
Anneaux,valorisation,1 maintien P3 (min.),elements,1,,,anneaux-25-p7-63,P7,Croix,Croix renversée tenue 2“
Anneaux,valorisation,1 établissement de la suspension à l’appui (min.) P3,elements,1,,,anneaux-24-p5-58,P5,,Etablissement de force bras fléchi à la suspension dorsale horizontale tenu 2”
Anneaux,valorisation,1 établissement de la suspension à l’appui (min.) P3,elements,1,,,anneaux-24-p6-65,P6,,Etablissement de force bras tendus à la suspension dorsale horizontale tenu 2”
Anneaux,valorisation,1 établissement de la suspension à l’appui (min.) P3,elements,1,,,anneaux-26-p3-7,P3,,Rétablissement avant à l’appui
Anneaux,valorisation,1 établissement de la suspension à l’appui (min.) P3,elements,1,,,anneaux-26-p3-8,P3,,Etablissement avant en tournant en arrière à l’appui
Anneaux,valorisation,1 établissement de la suspension à l’appui (min.) P3,elements,1,,,anneaux-26-p4-13,P4,,Établissement avant à l’appui avec équerre tenue 2”
Anneaux,valorisation,1 établissement de la suspension à l’appui (min.) P3,elements,1,,,anneaux-26-p5-14,P5,,Chechi. Etablissement avant à l’appui et contre salto avant à l’élan en arrière par la suspension
Anneaux,valorisation,1 établissement de la suspension à l’appui (min.) P3,elements,1,,,anneaux-26-p6-26,P6,,Etablissement avant à la croix tenue 2”
Anneaux,valorisation,1 établissement de la suspension à l’appui (min.) P3,elements,1,,,anneaux-26-p6-29,P6,,Etablissement avant en tournant en arrière
Anneaux,valorisation,1 établissement de la suspension à l’appui (min.) P3,elements,1,,,anneaux-27-p3-144,P3,,Koste Etablissement arrière et salto arrière groupé ou carpé
Anneaux,valorisation,1 établissement de la suspension à l’appui (min.) P3,elements,1,,,anneaux-27-p3-5,P3,,Rétablissement arrière à l’appui
Anneaux,valorisation,1 établissement de la suspension à l’appui (min.) P3,elements,1,,,anneaux-27-p4-22,P4,,Etablissement arrière à l’équerre écartée tenu 2“
Anneaux,valorisation,1 établissement de la suspension à l’appui (min.) P3,elements,1,,,anneaux-27-p5-151,P5,,Etablissement arrière et salto arrière tendu
Anneaux,valorisation,1 établissement de la suspension à l’appui (min.) P3,elements,1,,,anneaux-27-p5-31,P5,,Rétablissement arrière à la croix tenue 2”
Anneaux,valorisation,1 établissement de la suspension à l’appui (min.) P3,elements,1,,,anneaux-27-p6-23,P6,,Rétablissement arrière à l’appui facial horizontal jambes écartées tenu 2“
Anneaux,valorisation,1 établissement de la suspension à l’appui (min.) P3,elements,1,,,anneaux-27-p7-34,P7,,Rétablissement arrière à l’appui facial horizontal
Anneaux,valorisation,1 établissement de la suspension à l’appui (min.) P3,elements,1,,,anneaux-27-p7-35,P7,,Rétablissement arrière à l’hirondelle tenue 2“
Anneaux,valorisation,2 dislocations de sens différents,elements,2,,oui,anneaux-26-p2-94,P2,,Dislocation arrière corps tendu épaules en dessous des anneaux
Anneaux,valorisation,2 dislocations de sens différents,elements,2,,oui,anneaux-26-p3-102,P3,,"Dislocation arrière corps tendu, épaules au-dessus des anneaux"
Anneaux,valorisation,2 dislocations de sens différents,elements,2,,oui,anneaux-27-p3-95,P3,,Dislocation avant corps tendu épaules en dessous des anneaux
Anneaux,valorisation,1 élément des ATR P3 (min.),elements,1,,,anneaux-25-p3-116,P3,ATR,ATR bras fléchis tenu 2” (épaules au niveau supérieur des anneaux)
Anneaux,valorisation,1 élément des ATR P3 (min.),elements,1,,,anneaux-25-p4-117,P4,ATR,"Monter en force jambes serrées ou écartées à l’ATR tenu, avec touche des pieds à l’intérieur des câbles"
Anneaux,valorisation,1 élément des ATR P3 (min.),elements,1,,,anneaux-25-p5-118,P5,ATR,"Monter en force corps cassé, jambes écartées, bras fléchis à l’ATR tenu 2’’"
Anneaux,valorisation,1 élément des ATR P3 (min.),elements,1,,,anneaux-25-p6-123,P6,ATR,Elan à l’appui renversé tenu 2”
Anneaux,valorisation,1 élément des ATR P3 (min.),elements,1,,,anneaux-25-p6-124,P6,ATR,"Monter en force jambes serrées, bras tendu, corps cassé, ou bras fléchis corps tendu"
Anneaux,valorisation,1 élément des ATR P3 (min.),elements,1,,,anneaux-25-p7-131,P7,ATR,"Monter en force jambes serrées, bras tendu, corps tendu"
Anneaux,valorisation,1 sortie P3 (min.),elements,1,,,anneaux-26-p5-148,P5,,Sortie par strolli tendu et salto arrière tendu de l’appui
Anneaux,exigence,Enchainer 2 dislocations (même sens),elements,2,,oui,anneaux-26-p2-94,P2,,Dislocation arrière corps tendu épaules en dessous des anneaux
Anneaux,exigence,Enchainer 2 dislocations (même sens),elements,2,,oui,anneaux-26-p3-102,P3,,"Dislocation arrière corps tendu, épaules au-dessus des anneaux"
Anneaux,exigence,Enchainer 2 dislocations (même sens),elements,2,,oui,anneaux-27-p3-95,P3,,Dislocation avant corps tendu épaules en dessous des anneaux
Anneaux,exigence,1 élément P5,elements,1,,,anneaux-24-p5-21,P5,,Bascule dorsale bras tendus à l’appui
Anneaux,exigence,1 élément P5,elements,1,,,anneaux-24-p5-55,P5,,De la croix tenue 2” tourner en avant à la suspension dorsale horizontale tenue 2“
Anneaux,exigence,1 élément P5,elements,1,,,anneaux-24-p5-58,P5,,Etablissement de force bras fléchi à la suspension dorsale horizontale tenu 2”
Anneaux,exigence,1 élément P5,elements,1,,,anneaux-25-p5-118,P5,ATR,"Monter en force corps cassé, jambes écartées, bras fléchis à l’ATR tenu 2’’"
Anneaux,exigence,1 élément P5,elements,1,,,anneaux-25-p5-53,P5,Force,Appui facial horizontal jambes écartées tenu 2 “
Anneaux,exigence,1 élément P5,elements,1,,,anneaux-25-p5-54,P5,Croix,N’importe quelle croix tenue 2“
Anneaux,exigence,1 élément P5,elements,1,,,anneaux-25-p5-82,P5,Appuis,Tour d’appui avant lentement corps tendu à l’appui
Anneaux,exigence,1 élément P5,elements,1,,,anneaux-25-p5-83,P5,Appuis,Tour d’appui arrière tendu à l’appui
Anneaux,exigence,1 élément P5,elements,1,,,anneaux-26-p5-104,P5,,Elan avant corps tendu à l’ATR
Anneaux,exigence,1 élément P5,elements,1,,,anneaux-26-p5-14,P5,,Chechi. Etablissement avant à l’appui et contre salto avant à l’élan en arrière par la suspension
Anneaux,exigence,1 élément P5,elements,1,,,anneaux-26-p5-147,P5,,Double salto arrière groupé ou carpé
Anneaux,exigence,1 élément P5,elements,1,,,anneaux-26-p5-148,P5,,Sortie par strolli tendu et salto arrière tendu de l’appui
Anneaux,exigence,1 élément P5,elements,1,,,anneaux-26-p5-157,P5,,Salto arrière corps tendu avec 3/2 tour ou +
Anneaux,exigence,1 élément P5,elements,1,,,anneaux-27-p5-105,P5,,Elan arrière corps tendu à l’ATR (lune)
Anneaux,exigence,1 élément P5,elements,1,,,anneaux-27-p5-146,P5,,Salto avant carpé ou tendu avec 1/2 tour
Anneaux,exigence,1 élément P5,elements,1,,,anneaux-27-p5-151,P5,,Etablissement arrière et salto arrière tendu
Anneaux,exigence,1 élément P5,elements,1,,,anneaux-27-p5-31,P5,,Rétablissement arrière à la croix tenue 2”
Anneaux,valorisation,1 établissement de la suspension à l’appui P4 (min.),elements,1,,,anneaux-24-p5-58,P5,,Etablissement de force bras fléchi à la suspension dorsale horizontale tenu 2”
Anneaux,valorisation,1 établissement de la suspension à l’appui P4 (min.),elements,1,,,anneaux-24-p6-65,P6,,Etablissement de force bras tendus à la suspension dorsale horizontale tenu 2”
Anneaux,valorisation,1 établissement de la suspension à l’appui P4 (min.),elements,1,,,anneaux-26-p4-13,P4,,Établissement avant à l’appui avec équerre tenue 2”
Anneaux,valorisation,1 établissement de la suspension à l’appui P4 (min.),elements,1,,,anneaux-26-p5-14,P5,,Chechi. Etablissement avant à l’appui et contre salto avant à l’élan en arrière par la suspension
Anneaux,valorisation,1 établissement de la suspension à l’appui P4 (min.),elements,1,,,anneaux-26-p6-26,P6,,Etablissement avant à la croix tenue 2”
Anneaux,valorisation,1 établissement de la suspension à l’appui P4 (min.),elements,1,,,anneaux-26-p6-29,P6,,Etablissement avant en tournant en arrière
Anneaux,valorisation,1 établissement de la suspension à l’appui P4 (min.),elements,1,,,anneaux-27-p4-22,P4,,Etablissement arrière à l’équerre écartée tenu 2“
Anneaux,valorisation,1 établissement de la suspension à l’appui P4 (min.),elements,1,,,anneaux-27-p5-151,P5,,Etablissement arrière et salto arrière tendu
Anneaux,valorisation,1 établissement de la suspension à l’appui P4 (min.),elements,1,,,anneaux-27-p5-31,P5,,Rétablissement arrière à la croix tenue 2”
Anneaux,valorisation,1 établissement de la suspension à l’appui P4 (min.),elements,1,,,anneaux-27-p6-23,P6,,Rétablissement arrière à l’appui facial horizontal jambes écartées tenu 2“
Anneaux,valorisation,1 établissement de la suspension à l’appui P4 (min.),elements,1,,,anneaux-27-p7-34,P7,,Rétablissement arrière à l’appui facial horizontal
Anneaux,valorisation,1 établissement de la suspension à l’appui P4 (min.),elements,1,,,anneaux-27-p7-35,P7,,Rétablissement arrière à l’hirondelle tenue 2“
Anneaux,valorisation,1 descente (lune / soleil) de l’ATR P3 (min.),elements,1,,,anneaux-26-p4-98,P4,,Descente soleil de l’ATR
Anneaux,valorisation,1 descente (lune / soleil) de l’ATR P3 (min.),elements,1,,,anneaux-27-p3-99,P3,,Descente lune de l’ATR (bras tendus)
Anneaux,valorisation,1 descente (lune / soleil) de l’ATR P3 (min.),elements,1,,,anneaux-27-p5-105,P5,,Elan arrière corps tendu à l’ATR (lune)
Anneaux,valorisation,1 élément des ATR P4 (min.),elements,1,,,anneaux-25-p4-117,P4,ATR,"Monter en force jambes serrées ou écartées à l’ATR tenu, avec touche des pieds à l’intérieur des câbles"
Anneaux,valorisation,1 élément des ATR P4 (min.),elements,1,,,anneaux-25-p5-118,P5,ATR,"Monter en force corps cassé, jambes écartées, bras fléchis à l’ATR tenu 2’’"
Anneaux,valorisation,1 élément des ATR P4 (min.),elements,1,,,anneaux-25-p6-123,P6,ATR,Elan à l’appui renversé tenu 2”
Anneaux,valorisation,1 élément des ATR P4 (min.),elements,1,,,anneaux-25-p6-124,P6,ATR,"Monter en force jambes serrées, bras tendu, corps cassé, ou bras fléchis corps tendu"
Anneaux,valorisation,1 élément des ATR P4 (min.),elements,1,,,anneaux-25-p7-131,P7,ATR,"Monter en force jambes serrées, bras tendu, corps tendu"
Anneaux,valorisation,1 sortie P4 (min.),elements,1,,,anneaux-26-p5-148,P5,,Sortie par strolli tendu et salto arrière tendu de l’appui
Anneaux,exigence,Exécuter une descente (lune ou soleil),elements,1,,,anneaux-26-p4-98,P4,,Descente soleil de l’ATR
Anneaux,exigence,Exécuter une descente (lune ou soleil),elements,1,,,anneaux-27-p3-99,P3,,Descente lune de l’ATR (bras tendus)
Anneaux,exigence,Exécuter une descente (lune ou soleil),elements,1,,,anneaux-27-p5-105,P5,,Elan arrière corps tendu à l’ATR (lune)
Anneaux,valorisation,1 maintien P5 (min.),elements,1,,,anneaux-25-p5-118,P5,ATR,"Monter en force corps cassé, jambes écartées, bras fléchis à l’ATR tenu 2’’"
Anneaux,valorisation,1 maintien P5 (min.),elements,1,,,anneaux-25-p5-54,P5,Croix,N’importe quelle croix tenue 2“
Anneaux,valorisation,1 maintien P5 (min.),elements,1,,,anneaux-25-p5-82,P5,Appuis,Tour d’appui avant lentement corps tendu à l’appui
Anneaux,valorisation,1 maintien P5 (min.),elements,1,,,anneaux-25-p5-83,P5,Appuis,Tour d’appui arrière tendu à l’appui
Anneaux,valorisation,1 maintien P5 (min.),elements,1,,,anneaux-25-p6-123,P6,ATR,Elan à l’appui renversé tenu 2”
Anneaux,valorisation,1 maintien P5 (min.),elements,1,,,anneaux-25-p6-124,P6,ATR,"Monter en force jambes serrées, bras tendu, corps cassé, ou bras fléchis corps tendu"
Anneaux,valorisation,1 maintien P5 (min.),elements,1,,,anneaux-25-p7-131,P7,ATR,"Monter en force jambes serrées, bras tendu, corps tendu"
Anneaux,valorisation,1 maintien P5 (min.),elements,1,,,anneaux-25-p7-63,P7,Croix,Croix renversée tenue 2“
Anneaux,valorisation,Enchainer directement 1 élément derrière 1 descente (lune / soleil),elements,1,,oui,anneaux-26-p4-98,P4,,Descente soleil de l’ATR
Anneaux,valorisation,Enchainer directement 1 élément derrière 1 descente (lune / soleil),elements,1,,oui,anneaux-27-p3-99,P3,,Descente lune de l’ATR (bras tendus)
Anneaux,valorisation,Enchainer directement 1 élément derrière 1 descente (lune / soleil),elements,1,,oui,anneaux-27-p5-105,P5,,Elan arrière corps tendu à l’ATR (lune)
Anneaux,valorisation,1 élément des ATR P5 (min.),elements,1,,,anneaux-25-p5-118,P5,ATR,"Monter en force corps cassé, jambes écartées, bras fléchis à l’ATR tenu 2’’"
Anneaux,valorisation,1 élément des ATR P5 (min.),elements,1,,,anneaux-25-p6-123,P6,ATR,Elan à l’appui renversé tenu 2”
Anneaux,valorisation,1 élément des ATR P5 (min.),elements,1,,,anneaux-25-p6-124,P6,ATR,"Monter en force jambes serrées, bras tendu, corps cassé, ou bras fléchis corps tendu"
Anneaux,valorisation,1 élément des ATR P5 (min.),elements,1,,,anneaux-25-p7-131,P7,ATR,"Monter en force jambes serrées, bras tendu, corps tendu"
Anneaux,valorisation,1 élément P5 (min.),elements,1,,,anneaux-24-p5-21,P5,,Bascule dorsale bras tendus à l’appui
Anneaux,valorisation,1 élément P5 (min.),elements,1,,,anneaux-24-p5-55,P5,,De la croix tenue 2” tourner en avant à la suspension dorsale horizontale tenue 2“
Anneaux,valorisation,1 élément P5 (min.),elements,1,,,anneaux-24-p5-58,P5,,Etablissement de force bras fléchi à la suspension dorsale horizontale tenu 2”
Anneaux,valorisation,1 élément P5 (min.),elements,1,,,anneaux-24-p6-32,P6,,Bascule à la croix tenue 2”
Anneaux,valorisation,1 élément P5 (min.),elements,1,,,anneaux-24-p6-56,P6,,De l’appui renversé s’abaisser horizontalement à la suspension dorsale horizontale
Anneaux,valorisation,1 élément P5 (min.),elements,1,,,anneaux-24-p6-65,P6,,Etablissement de force bras tendus à la suspension dorsale horizontale tenu 2”
Anneaux,valorisation,1 élément P5 (min.),elements,1,,,anneaux-24-p7-132,P7,,Bascule dorsale à l’appui renversé tenu 2’’
Anneaux,valorisation,1 élément P5 (min.),elements,1,,,anneaux-24-p7-25,P7,,Simultané bras tendus
Anneaux,valorisation,1 élément P5 (min.),elements,1,,,anneaux-24-p7-67,P7,,Tourner en arrière corps tendu à la croix (Azarian)
Anneaux,valorisation,1 élément P5 (min.),elements,1,,,anneaux-25-p5-118,P5,ATR,"Monter en force corps cassé, jambes écartées, bras fléchis à l’ATR tenu 2’’"
Anneaux,valorisation,1 élément P5 (min.),elements,1,,,anneaux-25-p5-53,P5,Force,Appui facial horizontal jambes écartées tenu 2 “
Anneaux,valorisation,1 élément P5 (min.),elements,1,,,anneaux-25-p5-54,P5,Croix,N’importe quelle croix tenue 2“
Anneaux,valorisation,1 élément P5 (min.),elements,1,,,anneaux-25-p5-82,P5,Appuis,Tour d’appui avant lentement corps tendu à l’appui
Anneaux,valorisation,1 élément P5 (min.),elements,1,,,anneaux-25-p5-83,P5,Appuis,Tour d’appui arrière tendu à l’appui
Anneaux,valorisation,1 élément P5 (min.),elements,1,,,anneaux-25-p6-123,P6,ATR,Elan à l’appui renversé tenu 2”
Anneaux,valorisation,1 élément P5 (min.),elements,1,,,anneaux-25-p6-124,P6,ATR,"Monter en force jambes serrées, bras tendu, corps cassé, ou bras fléchis corps tendu"
Anneaux,valorisation,1 élément P5 (min.),elements,1,,,anneaux-25-p6-62,P6,Force,Appui facial horizontal jambes serrées tenu 2“
Anneaux,valorisation,1 élément P5 (min.),elements,1,,,anneaux-25-p7-131,P7,ATR,"Monter en force jambes serrées, bras tendu, corps tendu"
Anneaux,valorisation,1 élément P5 (min.),elements,1,,,anneaux-25-p7-61,P7,Force,Hirondelle tenue 2“
Anneaux,valorisation,1 élément P5 (min.),elements,1,,,anneaux-25-p7-63,P7,Croix,Croix renversée tenue 2“
Anneaux,valorisation,1 élément P5 (min.),elements,1,,,anneaux-26-p5-104,P5,,Elan avant corps tendu à l’ATR
Anneaux,valorisation,1 élément P5 (min.),elements,1,,,anneaux-26-p5-14,P5,,Chechi. Etablissement avant à l’appui et contre salto avant à l’élan en arrière par la suspension
Anneaux,valorisation,1 élément P5 (min.),elements,1,,,anneaux-26-p5-147,P5,,Double salto arrière groupé ou carpé
Anneaux,valorisation,1 élément P5 (min.),elements,1,,,anneaux-26-p5-148,P5,,Sortie par strolli tendu et salto arrière tendu de l’appui
Anneaux,valorisation,1 élément P5 (min.),elements,1,,,anneaux-26-p5-157,P5,,Salto arrière corps tendu avec 3/2 tour ou +
Anneaux,valorisation,1 élément P5 (min.),elements,1,,,anneaux-26-p6-107,P6,,Elan avant corps tendu à l’ATR tenu 2’’
Anneaux,valorisation,1 élément P5 (min.),elements,1,,,anneaux-26-p6-155,P6,,Double salto arrière avec 1/2 tour
Anneaux,valorisation,1 élément P5 (min.),elements,1,,,anneaux-26-p6-26,P6,,Etablissement avant à la croix tenue 2”
Anneaux,valorisation,1 élément P5 (min.),elements,1,,,anneaux-26-p6-29,P6,,Etablissement avant en tournant en arrière
Anneaux,valorisation,1 élément P5 (min.),elements,1,,,anneaux-26-p7-154,P7,,Double salto arrière tendu
Anneaux,valorisation,1 élément P5 (min.),elements,1,,,anneaux-26-p7-47-new,P7,,Double arrière avec 3/2 tour ou +
Anneaux,valorisation,1 élément P5 (min.),elements,1,,,anneaux-26-p7-51-new,P7,,Grand tour arrière
Anneaux,valorisation,1 élément P5 (min.),elements,1,,,anneaux-27-p5-105,P5,,Elan arrière corps tendu à l’ATR (lune)
Anneaux,valorisation,1 élément P5 (min.),elements,1,,,anneaux-27-p5-146,P5,,Salto avant carpé ou tendu avec 1/2 tour
Anneaux,valorisation,1 élément P5 (min.),elements,1,,,anneaux-27-p5-151,P5,,Etablissement arrière et salto arrière tendu
Anneaux,valorisation,1 élément P5 (min.),elements,1,,,anneaux-27-p5-31,P5,,Rétablissement arrière à la croix tenue 2”
Anneaux,valorisation,1 élément P5 (min.),elements,1,,,anneaux-27-p6-103,P6,,Yamawaki. Double tour d’appui avant groupé à la suspension
Anneaux,valorisation,1 élément P5 (min.),elements,1,,,anneaux-27-p6-108,P6,,Elan arrière corps tendu à l’ATR tenu 2’’
Anneaux,valorisation,1 élément P5 (min.),elements,1,,,anneaux-27-p6-130,P6,,Homma et l’élan à l’appui renversé
Anneaux,valorisation,1 élément P5 (min.),elements,1,,,anneaux-27-p6-160,P6,,Salto avant carpé ou tendu avec 1/1 ou +
Anneaux,valorisation,1 élément P5 (min.),elements,1,,,anneaux-27-p6-23,P6,,Rétablissement arrière à l’appui facial horizontal jambes écartées tenu 2“
Anneaux,valorisation,1 élément P5 (min.),elements,1,,,anneaux-27-p7-106,P7,,Jonasson. Double tour avant carpé à la suspension
Anneaux,valorisation,1 élément P5 (min.),elements,1,,,anneaux-27-p7-159,P7,,Double salto avant ou avec 1/2 tour ou +
Anneaux,valorisation,1 élément P5 (min.),elements,1,,,anneaux-27-p7-34,P7,,Rétablissement arrière à l’appui facial horizontal
Anneaux,valorisation,1 élément P5 (min.),elements,1,,,anneaux-27-p7-35,P7,,Rétablissement arrière à l’hirondelle tenue 2“
Anneaux,valorisation,1 élément P5 (min.),elements,1,,,anneaux-27-p7-52-new,P7,,Grand tour avant
Anneaux,valorisation,1 sortie P5 (min.),elements,1,,,anneaux-26-p5-148,P5,,Sortie par strolli tendu et salto arrière tendu de l’appui
Anneaux,exigence,1 élément à l’ATR tenu,elements,1,,oui,anneaux-25-p2-109,P2,ATR,Placement du dos tenu 2“ jambes tendues bras fléchis
Anneaux,exigence,1 élément à l’ATR tenu,elements,1,,oui,anneaux-25-p3-116,P3,ATR,ATR bras fléchis tenu 2” (épaules au niveau supérieur des anneaux)
Anneaux,exigence,1 élément à l’ATR tenu,elements,1,,oui,anneaux-25-p4-117,P4,ATR,"Monter en force jambes serrées ou écartées à l’ATR tenu, avec touche des pieds à l’intérieur des câbles"
Anneaux,exigence,1 élément à l’ATR tenu,elements,1,,oui,anneaux-25-p5-118,P5,ATR,"Monter en force corps cassé, jambes écartées, bras fléchis à l’ATR tenu 2’’"
Anneaux,exigence,1 élément à l’ATR tenu,elements,1,,oui,anneaux-25-p6-123,P6,ATR,Elan à l’appui renversé tenu 2”
Anneaux,exigence,1 élément à l’ATR tenu,elements,1,,oui,anneaux-25-p6-124,P6,ATR,"Monter en force jambes serrées, bras tendu, corps cassé, ou bras fléchis corps tendu"
Anneaux,exigence,1 élément à l’ATR tenu,elements,1,,oui,anneaux-25-p7-131,P7,ATR,"Monter en force jambes serrées, bras tendu, corps tendu"
Anneaux,valorisation,1 maintien P6 (min.),elements,1,,,anneaux-25-p6-123,P6,ATR,Elan à l’appui renversé tenu 2”
Anneaux,valorisation,1 maintien P6 (min.),elements,1,,,anneaux-25-p6-124,P6,ATR,"Monter en force jambes serrées, bras tendu, corps cassé, ou bras fléchis corps tendu"
Anneaux,valorisation,1 maintien P6 (min.),elements,1,,,anneaux-25-p7-131,P7,ATR,"Monter en force jambes serrées, bras tendu, corps tendu"
Anneaux,valorisation,1 maintien P6 (min.),elements,1,,,anneaux-25-p7-63,P7,Croix,Croix renversée tenue 2“
Anneaux,valorisation,1 élément P6 (min.),elements,1,,,anneaux-24-p6-32,P6,,Bascule à la croix tenue 2”
Anneaux,valorisation,1 élément P6 (min.),elements,1,,,anneaux-24-p6-56,P6,,De l’appui renversé s’abaisser horizontalement à la suspension dorsale horizontale
Anneaux,valorisation,1 élément P6 (min.),elements,1,,,anneaux-24-p6-65,P6,,Etablissement de force bras tendus à la suspension dorsale horizontale tenu 2”
Anneaux,valorisation,1 élément P6 (min.),elements,1,,,anneaux-24-p7-132,P7,,Bascule dorsale à l’appui renversé tenu 2’’
Anneaux,valorisation,1 élément P6 (min.),elements,1,,,anneaux-24-p7-25,P7,,Simultané bras tendus
Anneaux,valorisation,1 élément P6 (min.),elements,1,,,anneaux-24-p7-67,P7,,Tourner en arrière corps tendu à la croix (Azarian)
Anneaux,valorisation,1 élément P6 (min.),elements,1,,,anneaux-25-p6-123,P6,ATR,Elan à l’appui renversé tenu 2”
Anneaux,valorisation,1 élément P6 (min.),elements,1,,,anneaux-25-p6-124,P6,ATR,"Monter en force jambes serrées, bras tendu, corps cassé, ou bras fléchis corps tendu"
Anneaux,valorisation,1 élément P6 (min.),elements,1,,,anneaux-25-p6-62,P6,Force,Appui facial horizontal jambes serrées tenu 2“
Anneaux,valorisation,1 élément P6 (min.),elements,1,,,anneaux-25-p7-131,P7,ATR,"Monter en force jambes serrées, bras tendu, corps tendu"
Anneaux,valorisation,1 élément P6 (min.),elements,1,,,anneaux-25-p7-61,P7,Force,Hirondelle tenue 2“
Anneaux,valorisation,1 élément P6 (min.),elements,1,,,anneaux-25-p7-63,P7,Croix,Croix renversée tenue 2“
Anneaux,valorisation,1 élément P6 (min.),elements,1,,,anneaux-26-p6-107,P6,,Elan avant corps tendu à l’ATR tenu 2’’
Anneaux,valorisation,1 élément P6 (min.),elements,1,,,anneaux-26-p6-155,P6,,Double salto arrière avec 1/2 tour
Anneaux,valorisation,1 élément P6 (min.),elements,1,,,anneaux-26-p6-26,P6,,Etablissement avant à la croix tenue 2”
Anneaux,valorisation,1 élément P6 (min.),elements,1,,,anneaux-26-p6-29,P6,,Etablissement avant en tournant en arrière
Anneaux,valorisation,1 élément P6 (min.),elements,1,,,anneaux-26-p7-154,P7,,Double salto arrière tendu
Anneaux,valorisation,1 élément P6 (min.),elements,1,,,anneaux-26-p7-47-new,P7,,Double arrière avec 3/2 tour ou +
Anneaux,valorisation,1 élément P6 (min.),elements,1,,,anneaux-26-p7-51-new,P7,,Grand tour arrière
Anneaux,valorisation,1 élément P6 (min.),elements,1,,,anneaux-27-p6-103,P6,,Yamawaki. Double tour d’appui avant groupé à la suspension
Anneaux,valorisation,1 élément P6 (min.),elements,1,,,anneaux-27-p6-108,P6,,Elan arrière corps tendu à l’ATR tenu 2’’
Anneaux,valorisation,1 élément P6 (min.),elements,1,,,anneaux-27-p6-130,P6,,Homma et l’élan à l’appui renversé
Anneaux,valorisation,1 élément P6 (min.),elements,1,,,anneaux-27-p6-160,P6,,Salto avant carpé ou tendu avec 1/1 ou +
Anneaux,valorisation,1 élément P6 (min.),elements,1,,,anneaux-27-p6-23,P6,,Rétablissement arrière à l’appui facial horizontal jambes écartées tenu 2“
Anneaux,valorisation,1 élément P6 (min.),elements,1,,,anneaux-27-p7-106,P7,,Jonasson. Double tour avant carpé à la suspension
Anneaux,valorisation,1 élément P6 (min.),elements,1,,,anneaux-27-p7-159,P7,,Double salto avant ou avec 1/2 tour ou +
Anneaux,valorisation,1 élément P6 (min.),elements,1,,,anneaux-27-p7-34,P7,,Rétablissement arrière à l’appui facial horizontal
Anneaux,valorisation,1 élément P6 (min.),elements,1,,,anneaux-27-p7-35,P7,,Rétablissement arrière à l’hirondelle tenue 2“
Anneaux,valorisation,1 élément P6 (min.),elements,1,,,anneaux-27-p7-52-new,P7,,Grand tour avant
Anneaux,valorisation,Enchainer directement 1 élément P4 derrière 1 descente (lune / soleil),elements,1,,oui,anneaux-26-p4-98,P4,,Descente soleil de l’ATR
Anneaux,valorisation,Enchainer directement 1 élément P4 derrière 1 descente (lune / soleil),elements,1,,oui,anneaux-27-p3-99,P3,,Descente lune de l’ATR (bras tendus)
Anneaux,valorisation,Enchainer directement 1 élément P4 derrière 1 descente (lune / soleil),elements,1,,oui,anneaux-27-p5-105,P5,,Elan arrière corps tendu à l’ATR (lune)
Anneaux,valorisation,1 élément P7,elements,1,,,anneaux-24-p7-132,P7,,Bascule dorsale à l’appui renversé tenu 2’’
Anneaux,valorisation,1 élément P7,elements,1,,,anneaux-24-p7-25,P7,,Simultané bras tendus
Anneaux,valorisation,1 élément P7,elements,1,,,anneaux-24-p7-67,P7,,Tourner en arrière corps tendu à la croix (Azarian)
Anneaux,valorisation,1 élément P7,elements,1,,,anneaux-25-p7-131,P7,ATR,"Monter en force jambes serrées, bras tendu, corps tendu"
Anneaux,valorisation,1 élément P7,elements,1,,,anneaux-25-p7-61,P7,Force,Hirondelle tenue 2“
Anneaux,valorisation,1 élément P7,elements,1,,,anneaux-25-p7-63,P7,Croix,Croix renversée tenue 2“
Anneaux,valorisation,1 élément P7,elements,1,,,anneaux-26-p7-154,P7,,Double salto arrière tendu
Anneaux,valorisation,1 élément P7,elements,1,,,anneaux-26-p7-47-new,P7,,Double arrière avec 3/2 tour ou +
Anneaux,valorisation,1 élément P7,elements,1,,,anneaux-26-p7-51-new,P7,,Grand tour arrière
Anneaux,valorisation,1 élément P7,elements,1,,,anneaux-27-p7-106,P7,,Jonasson. Double tour avant carpé à la suspension
Anneaux,valorisation,1 élément P7,elements,1,,,anneaux-27-p7-159,P7,,Double salto avant ou avec 1/2 tour ou +
Anneaux,valorisation,1 élément P7,elements,1,,,anneaux-27-p7-34,P7,,Rétablissement arrière à l’appui facial horizontal
Anneaux,valorisation,1 élément P7,elements,1,,,anneaux-27-p7-35,P7,,Rétablissement arrière à l’hirondelle tenue 2“
Anneaux,valorisation,1 élément P7,elements,1,,,anneaux-27-p7-52-new,P7,,Grand tour avant
Anneaux,valorisation,réaliser 1 grand tour,elements,1,,,anneaux-26-p7-51-new,P7,,Grand tour arrière
Anneaux,valorisation,réaliser 1 grand tour,elements,1,,,anneaux-27-p7-52-new,P7,,Grand tour avant
Barres parallèles,exigence,Appuis / Maintiens,elements,1,,,barres-paralleles-28-pre-requis-2,PRÉ-REQUIS,,"Du siège écarté, prise d’élan vers l’avant (bassin au moins à 45°)"
Barres parallèles,exigence,Appuis / Maintiens,elements,1,,,barres-paralleles-28-pre-requis-3,PRÉ-REQUIS,,Sauter à l’appui
Barres parallèles,exigence,Appuis / Maintiens,elements,1,,,barres-paralleles-28-pre-requis-6-new,PRÉ-REQUIS,,Sur porte-mains ATR tenu 2“
Barres parallèles,exigence,Appuis / Maintiens,elements,1,,,barres-paralleles-28-pre-requis-9-new,PRÉ-REQUIS,,Sur porte-mains ATR 1/2 tour
Barres parallèles,exigence,Appuis / Maintiens,elements,1,,,barres-paralleles-28-p1-122,P1,,Appui corps tendu tenu 2“
Barres parallèles,exigence,Appuis / Maintiens,elements,1,,,barres-paralleles-28-p2-125,P2,,Equerre jambes fléchies tenue 2“
Barres parallèles,exigence,Appuis / Maintiens,elements,1,,,barres-paralleles-28-p3-127,P3,,Equerre jambes serrées tenue 2“
Barres parallèles,exigence,Appuis / Maintiens,elements,1,,,barres-paralleles-28-p3-129,P3,,Placement de dos de l’équerre au siège écarté derrière les appuis
Barres parallèles,exigence,Appuis / Maintiens,elements,1,,,barres-paralleles-28-p3-154,P3,,ATR demi-tour (réception sur le côté des barres entre les poteaux)
Barres parallèles,exigence,Appuis / Maintiens,elements,1,,,barres-paralleles-28-p3-32-new,P3,,ATR tenu 2“
Barres parallèles,exigence,Appuis / Maintiens,elements,1,,,barres-paralleles-28-p4-128,P4,,De l’ATR demi-tour avant à l’ATR
Barres parallèles,exigence,Appuis / Maintiens,elements,1,,,barres-paralleles-28-p4-138,P4,,Monter en force à l’ATR tenu 2“ bras tendus jambes tendues ou bras fléchis corps tendu
Barres parallèles,exigence,Appuis / Maintiens,elements,1,,,barres-paralleles-28-p4-42-new,P4,,ATR sur barre
Barres parallèles,exigence,Appuis / Maintiens,elements,1,,,barres-paralleles-28-p5-130,P5,,De l’ATR demi-tour arrière à l’ATR
Barres parallèles,exigence,Appuis / Maintiens,elements,1,,,barres-paralleles-28-p5-133,P5,,Planche faciale jambes écartées tenue 2“
Barres parallèles,exigence,Appuis / Maintiens,elements,1,,,barres-paralleles-28-p5-136,P5,,Équerre jambes à la verticale tenue 2“
Barres parallèles,exigence,Appuis / Maintiens,elements,1,,,barres-paralleles-28-p5-138,P5,,Monter en force à l’ATR tenu 2“ bras tendus jambes tendues ou bras fléchis corps tendu
Barres parallèles,exigence,Appuis / Maintiens,elements,1,,,barres-paralleles-28-p5-26,P5,,Healy à l’appui brachial
Barres parallèles,exigence,Appuis / Maintiens,elements,1,,,barres-paralleles-28-p6-42,P6,,Toutes formes de Healy à l’appui
Barres parallèles,exigence,Appuis / Maintiens,elements,1,,,barres-paralleles-28-p7-140,P7,,Equerre jambes levées à l’horizontal tenue 2“
Barres parallèles,exigence,Appuis / Maintiens,elements,1,,,barres-paralleles-28-p7-141,P7,,De la planche faciale jambes serrées tenue 2“ remonter à l’ATR
Barres parallèles,exigence,Appuis / Maintiens,elements,1,,,barres-paralleles-28-p7-38,P7,,1 tour arrière ou avant en ATR sur une barre
Barres parallèles,exigence,Appuis / Maintiens,elements,1,,,barres-paralleles-28-nomade-132,NOMADE,,Équerre jambes écartées tenue 2“
Barres parallèles,exigence,1 élément P2,elements,1,,,barres-paralleles-24-p2-52,P2,,"De l’arrière en appui brachial, établissement avant au siège écarté"
Barres parallèles,exigence,1 élément P2,elements,1,,,barres-paralleles-24-p2-59,P2,,"De l’avant en appui brachial, rétablissement arrière à l’appui"
Barres parallèles,exigence,1 élément P2,elements,1,,,barres-paralleles-25-p2-153,P2,,Salto arrière groupé en bout de barre
Barres parallèles,exigence,1 élément P2,elements,1,,,barres-paralleles-27-p2-149,P2,,Sortie arrière corps tendu en passant par l’ATR
Barres parallèles,exigence,1 élément P2,elements,1,,,barres-paralleles-28-p2-125,P2,,Equerre jambes fléchies tenue 2“
Barres parallèles,valorisation,Enchainer 2 balancés complets en suspension,elements,2,,oui,barres-paralleles-25-p1-87,P1,,"En suspension, balancer avant"
Barres parallèles,valorisation,Enchainer 2 balancés complets en suspension,elements,2,,oui,barres-paralleles-25-p1-87bis,P1,,"En suspension, balancer arrière"
Barres parallèles,valorisation,Enchainer 2 balancés complets en suspension,elements,2,,oui,barres-paralleles-25-p2-153,P2,,Salto arrière groupé en bout de barre
Barres parallèles,valorisation,Enchainer 2 balancés complets en suspension,elements,2,,oui,barres-paralleles-25-p3-92,P3,,"De l’appui, descendre à la suspension et retour à l’appui par temps de bascule"
Barres parallèles,valorisation,Enchainer 2 balancés complets en suspension,elements,2,,oui,barres-paralleles-25-p3-93,P3,,Bascule d’élan
Barres parallèles,valorisation,Enchainer 2 balancés complets en suspension,elements,2,,oui,barres-paralleles-25-p4-158,P4,,Salto arrière tendu en bout de barres
Barres parallèles,valorisation,Enchainer 2 balancés complets en suspension,elements,2,,oui,barres-paralleles-25-p4-95,P4,,Bascule allemande (progression) à l’appui brachial
Barres parallèles,valorisation,Enchainer 2 balancés complets en suspension,elements,2,,oui,barres-paralleles-25-p4-96,P4,,Etablissement en tournant en arrière à la suspension
Barres parallèles,valorisation,Enchainer 2 balancés complets en suspension,elements,2,,oui,barres-paralleles-25-p4-97,P4,,Moy à l’appui brachial
Barres parallèles,valorisation,Enchainer 2 balancés complets en suspension,elements,2,,oui,barres-paralleles-25-p5-102,P5,,Bascule allemande (progression) à l’appui
Barres parallèles,valorisation,Enchainer 2 balancés complets en suspension,elements,2,,oui,barres-paralleles-25-p5-103,P5,,Moy groupé à l’appui
Barres parallèles,valorisation,Enchainer 2 balancés complets en suspension,elements,2,,oui,barres-paralleles-25-p5-104bis,P5,,Établissement arrière en tournant en arrière à l’appui
Barres parallèles,valorisation,Enchainer 2 balancés complets en suspension,elements,2,,oui,barres-paralleles-25-p5-109,P5,,Moy carpé à l’appui
Barres parallèles,valorisation,Enchainer 2 balancés complets en suspension,elements,2,,oui,barres-paralleles-25-p5-162,P5,,salto arrière tendu avec 1/1 vrille en bout de barre
Barres parallèles,valorisation,Enchainer 2 balancés complets en suspension,elements,2,,oui,barres-paralleles-25-p6-110,P6,,"Sur le côté, bascule d’élan par l’équerre serrée ou écartée à l’appui renversé"
Barres parallèles,valorisation,Enchainer 2 balancés complets en suspension,elements,2,,oui,barres-paralleles-25-p6-116,P6,,Bascule d’élan et passer les jambes écartées en arrière à l’ATR
Barres parallèles,valorisation,Enchainer 2 balancés complets en suspension,elements,2,,oui,barres-paralleles-25-p6-119,P6,,Etablissement en tournant en arrière à l’ATR
Barres parallèles,valorisation,Enchainer 2 balancés complets en suspension,elements,2,,oui,barres-paralleles-25-p6-120,P6,,Tour d’appui arrière en passant les jambes écartées en avant à l’appui
Barres parallèles,valorisation,Enchainer 2 balancés complets en suspension,elements,2,,oui,barres-paralleles-25-p6-167,P6,,Double salto arrière groupé en extrémité de barres
Barres parallèles,valorisation,Enchainer 2 balancés complets en suspension,elements,2,,oui,barres-paralleles-25-p7-113,P7,,Kenmotsu grand tour arrière à l’ATR
Barres parallèles,valorisation,Enchainer 2 balancés complets en suspension,elements,2,,oui,barres-paralleles-25-p7-113bis,P7,,Kenmotsu grand tour arrière à l’ATR avec 1/2 tour
Barres parallèles,valorisation,Enchainer 2 balancés complets en suspension,elements,2,,oui,barres-paralleles-25-p7-118,P7,,Bascule allemande en tournant en arrière avec 1/2 tour à l’appui
Barres parallèles,valorisation,Enchainer 3 balancés complet en appui,elements,3,,oui,barres-paralleles-26-pre-requis-17,PRÉ-REQUIS,,Passer les jambes en avant à l’appui ou à l’équerre (entre les poteaux)
Barres parallèles,valorisation,Enchainer 3 balancés complet en appui,elements,3,,oui,barres-paralleles-26-pre-requis-22,PRÉ-REQUIS,,"Kato. De l’appui ou de l’appui fléchi, établissement avant et sauté"
Barres parallèles,valorisation,Enchainer 3 balancés complet en appui,elements,3,,oui,barres-paralleles-26-p1-7,P1,,"Balancé avant, corps aligné, bassin à 45° au-dessus des épaules"
Barres parallèles,valorisation,Enchainer 3 balancés complet en appui,elements,3,,oui,barres-paralleles-26-p3-10,P3,,Balancé avant avec fermeture du corps (bassin à hauteur d’épaules) et ouverture
Barres parallèles,valorisation,Enchainer 3 balancés complet en appui,elements,3,,oui,barres-paralleles-26-p3-20,P3,,Passer les jambes écartées en arrière à l’appui (entre les poteaux)
Barres parallèles,valorisation,Enchainer 3 balancés complet en appui,elements,3,,oui,barres-paralleles-26-p5-31,P5,,Demi-tour avant à l’ATR
Barres parallèles,valorisation,Enchainer 3 balancés complet en appui,elements,3,,oui,barres-paralleles-26-p6-33,P6,,"De l’appui ou de l’appui fléchi, passer les jambes écartées en arrière à l’ATR"
Barres parallèles,valorisation,Enchainer 3 balancés complet en appui,elements,3,,oui,barres-paralleles-26-p6-37,P6,,Diamidov. Elan en avant 1/1 ou 5/4 sur un bras à l’ATR
Barres parallèles,valorisation,Enchainer 3 balancés complet en appui,elements,3,,oui,barres-paralleles-27-p1-8,P1,,"Balancé arrière, corps aligné, bassin à 45° au-dessus des épaules"
Barres parallèles,valorisation,Enchainer 3 balancés complet en appui,elements,3,,oui,barres-paralleles-27-p3-13,P3,,Salto avant tendu à l’appui brachial
Barres parallèles,valorisation,Enchainer 3 balancés complet en appui,elements,3,,oui,barres-paralleles-27-p3-19,P3,,Élan à l’ATR tenu 2’’
Barres parallèles,valorisation,Enchainer 3 balancés complet en appui,elements,3,,oui,barres-paralleles-27-p3-21,P3,,Elan arrière à l’ATR tenu 2“ par l’appui fléchi (épaules
Barres parallèles,valorisation,Enchainer 3 balancés complet en appui,elements,3,,oui,barres-paralleles-27-p4-27bis,P4,,Elan en arrière à l’ATR tenue 2’’
Barres parallèles,valorisation,Enchainer 3 balancés complet en appui,elements,3,,oui,barres-paralleles-27-p5-27,P5,,Elan en arrière avec demi-tour sauté à l’ATR tenue 2’’
Barres parallèles,valorisation,Enchainer 3 balancés complet en appui,elements,3,,oui,barres-paralleles-27-p5-40,P5,,Salto avant à l’appui bras tendus
Barres parallèles,valorisation,Enchainer 3 balancés complet en appui,elements,3,,oui,barres-paralleles-27-p7-32,P7,,Double salto avant groupé ou carpé à l’appui brachial
Barres parallèles,valorisation,Appuis / Maintiens P2,elements,1,,,barres-paralleles-28-p2-125,P2,,Equerre jambes fléchies tenue 2“
Barres parallèles,valorisation,1 travail sur porte mains,elements,1,,,barres-paralleles-28-pre-requis-6-new,PRÉ-REQUIS,,Sur porte-mains ATR tenu 2“
Barres parallèles,valorisation,1 travail sur porte mains,elements,1,,,barres-paralleles-28-pre-requis-9-new,PRÉ-REQUIS,,Sur porte-mains ATR 1/2 tour
Barres parallèles,exigence,Enchainer la suspension à l’enchainement,elements,1,,oui,barres-paralleles-25-p1-87,P1,,"En suspension, balancer avant"
Barres parallèles,exigence,Enchainer la suspension à l’enchainement,elements,1,,oui,barres-paralleles-25-p1-87bis,P1,,"En suspension, balancer arrière"
Barres parallèles,exigence,Enchainer la suspension à l’enchainement,elements,1,,oui,barres-paralleles-25-p2-153,P2,,Salto arrière groupé en bout de barre
Barres parallèles,exigence,Enchainer la suspension à l’enchainement,elements,1,,oui,barres-paralleles-25-p3-92,P3,,"De l’appui, descendre à la suspension et retour à l’appui par temps de bascule"
Barres parallèles,exigence,Enchainer la suspension à l’enchainement,elements,1,,oui,barres-paralleles-25-p3-93,P3,,Bascule d’élan
Barres parallèles,exigence,Enchainer la suspension à l’enchainement,elements,1,,oui,barres-paralleles-25-p4-158,P4,,Salto arrière tendu en bout de barres
Barres parallèles,exigence,Enchainer la suspension à l’enchainement,elements,1,,oui,barres-paralleles-25-p4-95,P4,,Bascule allemande (progression) à l’appui brachial
Barres parallèles,exigence,Enchainer la suspension à l’enchainement,elements,1,,oui,barres-paralleles-25-p4-96,P4,,Etablissement en tournant en arrière à la suspension
Barres parallèles,exigence,Enchainer la suspension à l’enchainement,elements,1,,oui,barres-paralleles-25-p4-97,P4,,Moy à l’appui brachial
Barres parallèles,exigence,Enchainer la suspension à l’enchainement,elements,1,,oui,barres-paralleles-25-p5-102,P5,,Bascule allemande (progression) à l’appui
Barres parallèles,exigence,Enchainer la suspension à l’enchainement,elements,1,,oui,barres-paralleles-25-p5-103,P5,,Moy groupé à l’appui
Barres parallèles,exigence,Enchainer la suspension à l’enchainement,elements,1,,oui,barres-paralleles-25-p5-104bis,P5,,Établissement arrière en tournant en arrière à l’appui
Barres parallèles,exigence,Enchainer la suspension à l’enchainement,elements,1,,oui,barres-paralleles-25-p5-109,P5,,Moy carpé à l’appui
Barres parallèles,exigence,Enchainer la suspension à l’enchainement,elements,1,,oui,barres-paralleles-25-p5-162,P5,,salto arrière tendu avec 1/1 vrille en bout de barre
Barres parallèles,exigence,Enchainer la suspension à l’enchainement,elements,1,,oui,barres-paralleles-25-p6-110,P6,,"Sur le côté, bascule d’élan par l’équerre serrée ou écartée à l’appui renversé"
Barres parallèles,exigence,Enchainer la suspension à l’enchainement,elements,1,,oui,barres-paralleles-25-p6-116,P6,,Bascule d’élan et passer les jambes écartées en arrière à l’ATR
Barres parallèles,exigence,Enchainer la suspension à l’enchainement,elements,1,,oui,barres-paralleles-25-p6-119,P6,,Etablissement en tournant en arrière à l’ATR
Barres parallèles,exigence,Enchainer la suspension à l’enchainement,elements,1,,oui,barres-paralleles-25-p6-120,P6,,Tour d’appui arrière en passant les jambes écartées en avant à l’appui
Barres parallèles,exigence,Enchainer la suspension à l’enchainement,elements,1,,oui,barres-paralleles-25-p6-167,P6,,Double salto arrière groupé en extrémité de barres
Barres parallèles,exigence,Enchainer la suspension à l’enchainement,elements,1,,oui,barres-paralleles-25-p7-113,P7,,Kenmotsu grand tour arrière à l’ATR
Barres parallèles,exigence,Enchainer la suspension à l’enchainement,elements,1,,oui,barres-paralleles-25-p7-113bis,P7,,Kenmotsu grand tour arrière à l’ATR avec 1/2 tour
Barres parallèles,exigence,Enchainer la suspension à l’enchainement,elements,1,,oui,barres-paralleles-25-p7-118,P7,,Bascule allemande en tournant en arrière avec 1/2 tour à l’appui
Barres parallèles,exigence,1 élément P3,elements,1,,,barres-paralleles-24-p3-58,P3,,Rouler en arrière
Barres parallèles,exigence,1 élément P3,elements,1,,,barres-paralleles-24-p3-61,P3,,Établissement avant à l’appui
Barres parallèles,exigence,1 élément P3,elements,1,,,barres-paralleles-25-p3-92,P3,,"De l’appui, descendre à la suspension et retour à l’appui par temps de bascule"
Barres parallèles,exigence,1 élément P3,elements,1,,,barres-paralleles-25-p3-93,P3,,Bascule d’élan
Barres parallèles,exigence,1 élément P3,elements,1,,,barres-paralleles-26-p3-10,P3,,Balancé avant avec fermeture du corps (bassin à hauteur d’épaules) et ouverture
Barres parallèles,exigence,1 élément P3,elements,1,,,barres-paralleles-26-p3-152,P3,Sorties,Salto arrière groupé
Barres parallèles,exigence,1 élément P3,elements,1,,,barres-paralleles-26-p3-20,P3,,Passer les jambes écartées en arrière à l’appui (entre les poteaux)
Barres parallèles,exigence,1 élément P3,elements,1,,,barres-paralleles-27-p3-13,P3,,Salto avant tendu à l’appui brachial
Barres parallèles,exigence,1 élément P3,elements,1,,,barres-paralleles-27-p3-151,P3,Sorties,Salto avant groupé ou carpé
Barres parallèles,exigence,1 élément P3,elements,1,,,barres-paralleles-27-p3-19,P3,,Élan à l’ATR tenu 2’’
Barres parallèles,exigence,1 élément P3,elements,1,,,barres-paralleles-27-p3-21,P3,,Elan arrière à l’ATR tenu 2“ par l’appui fléchi (épaules
Barres parallèles,exigence,1 élément P3,elements,1,,,barres-paralleles-28-p3-127,P3,,Equerre jambes serrées tenue 2“
Barres parallèles,exigence,1 élément P3,elements,1,,,barres-paralleles-28-p3-129,P3,,Placement de dos de l’équerre au siège écarté derrière les appuis
Barres parallèles,exigence,1 élément P3,elements,1,,,barres-paralleles-28-p3-154,P3,,ATR demi-tour (réception sur le côté des barres entre les poteaux)
Barres parallèles,exigence,1 élément P3,elements,1,,,barres-paralleles-28-p3-32-new,P3,,ATR tenu 2“
Barres parallèles,valorisation,1 élan en suspension P2 (min.),elements,1,,,barres-paralleles-25-p2-153,P2,,Salto arrière groupé en bout de barre
Barres parallèles,valorisation,1 élan en suspension P2 (min.),elements,1,,,barres-paralleles-25-p3-92,P3,,"De l’appui, descendre à la suspension et retour à l’appui par temps de bascule"
Barres parallèles,valorisation,1 élan en suspension P2 (min.),elements,1,,,barres-paralleles-25-p3-93,P3,,Bascule d’élan
Barres parallèles,valorisation,1 élan en suspension P2 (min.),elements,1,,,barres-paralleles-25-p4-158,P4,,Salto arrière tendu en bout de barres
Barres parallèles,valorisation,1 élan en suspension P2 (min.),elements,1,,,barres-paralleles-25-p4-95,P4,,Bascule allemande (progression) à l’appui brachial
Barres parallèles,valorisation,1 élan en suspension P2 (min.),elements,1,,,barres-paralleles-25-p4-96,P4,,Etablissement en tournant en arrière à la suspension
Barres parallèles,valorisation,1 élan en suspension P2 (min.),elements,1,,,barres-paralleles-25-p4-97,P4,,Moy à l’appui brachial
Barres parallèles,valorisation,1 élan en suspension P2 (min.),elements,1,,,barres-paralleles-25-p5-102,P5,,Bascule allemande (progression) à l’appui
Barres parallèles,valorisation,1 élan en suspension P2 (min.),elements,1,,,barres-paralleles-25-p5-103,P5,,Moy groupé à l’appui
Barres parallèles,valorisation,1 élan en suspension P2 (min.),elements,1,,,barres-paralleles-25-p5-104bis,P5,,Établissement arrière en tournant en arrière à l’appui
Barres parallèles,valorisation,1 élan en suspension P2 (min.),elements,1,,,barres-paralleles-25-p5-109,P5,,Moy carpé à l’appui
Barres parallèles,valorisation,1 élan en suspension P2 (min.),elements,1,,,barres-paralleles-25-p5-162,P5,,salto arrière tendu avec 1/1 vrille en bout de barre
Barres parallèles,valorisation,1 élan en suspension P2 (min.),elements,1,,,barres-paralleles-25-p6-110,P6,,"Sur le côté, bascule d’élan par l’équerre serrée ou écartée à l’appui renversé"
Barres parallèles,valorisation,1 élan en suspension P2 (min.),elements,1,,,barres-paralleles-25-p6-116,P6,,Bascule d’élan et passer les jambes écartées en arrière à l’ATR
Barres parallèles,valorisation,1 élan en suspension P2 (min.),elements,1,,,barres-paralleles-25-p6-119,P6,,Etablissement en tournant en arrière à l’ATR
Barres parallèles,valorisation,1 élan en suspension P2 (min.),elements,1,,,barres-paralleles-25-p6-120,P6,,Tour d’appui arrière en passant les jambes écartées en avant à l’appui
Barres parallèles,valorisation,1 élan en suspension P2 (min.),elements,1,,,barres-paralleles-25-p6-167,P6,,Double salto arrière groupé en extrémité de barres
Barres parallèles,valorisation,1 élan en suspension P2 (min.),elements,1,,,barres-paralleles-25-p7-113,P7,,Kenmotsu grand tour arrière à l’ATR
Barres parallèles,valorisation,1 élan en suspension P2 (min.),elements,1,,,barres-paralleles-25-p7-113bis,P7,,Kenmotsu grand tour arrière à l’ATR avec 1/2 tour
Barres parallèles,valorisation,1 élan en suspension P2 (min.),elements,1,,,barres-paralleles-25-p7-118,P7,,Bascule allemande en tournant en arrière avec 1/2 tour à l’appui
Barres parallèles,valorisation,Appuis / Maintiens P3 (min.),elements,1,,,barres-paralleles-28-p3-127,P3,,Equerre jambes serrées tenue 2“
Barres parallèles,valorisation,Appuis / Maintiens P3 (min.),elements,1,,,barres-paralleles-28-p3-129,P3,,Placement de dos de l’équerre au siège écarté derrière les appuis
Barres parallèles,valorisation,Appuis / Maintiens P3 (min.),elements,1,,,barres-paralleles-28-p3-154,P3,,ATR demi-tour (réception sur le côté des barres entre les poteaux)
Barres parallèles,valorisation,Appuis / Maintiens P3 (min.),elements,1,,,barres-paralleles-28-p3-32-new,P3,,ATR tenu 2“
Barres parallèles,valorisation,Appuis / Maintiens P3 (min.),elements,1,,,barres-paralleles-28-p4-128,P4,,De l’ATR demi-tour avant à l’ATR
Barres parallèles,valorisation,Appuis / Maintiens P3 (min.),elements,1,,,barres-paralleles-28-p4-138,P4,,Monter en force à l’ATR tenu 2“ bras tendus jambes tendues ou bras fléchis corps tendu
Barres parallèles,valorisation,Appuis / Maintiens P3 (min.),elements,1,,,barres-paralleles-28-p4-42-new,P4,,ATR sur barre
Barres parallèles,valorisation,Appuis / Maintiens P3 (min.),elements,1,,,barres-paralleles-28-p5-130,P5,,De l’ATR demi-tour arrière à l’ATR
Barres parallèles,valorisation,Appuis / Maintiens P3 (min.),elements,1,,,barres-paralleles-28-p5-133,P5,,Planche faciale jambes écartées tenue 2“
Barres parallèles,valorisation,Appuis / Maintiens P3 (min.),elements,1,,,barres-paralleles-28-p5-136,P5,,Équerre jambes à la verticale tenue 2“
Barres parallèles,valorisation,Appuis / Maintiens P3 (min.),elements,1,,,barres-paralleles-28-p5-138,P5,,Monter en force à l’ATR tenu 2“ bras tendus jambes tendues ou bras fléchis corps tendu
Barres parallèles,valorisation,Appuis / Maintiens P3 (min.),elements,1,,,barres-paralleles-28-p5-26,P5,,Healy à l’appui brachial
Barres parallèles,valorisation,Appuis / Maintiens P3 (min.),elements,1,,,barres-paralleles-28-p6-42,P6,,Toutes formes de Healy à l’appui
Barres parallèles,valorisation,Appuis / Maintiens P3 (min.),elements,1,,,barres-paralleles-28-p7-140,P7,,Equerre jambes levées à l’horizontal tenue 2“
Barres parallèles,valorisation,Appuis / Maintiens P3 (min.),elements,1,,,barres-paralleles-28-p7-141,P7,,De la planche faciale jambes serrées tenue 2“ remonter à l’ATR
Barres parallèles,valorisation,Appuis / Maintiens P3 (min.),elements,1,,,barres-paralleles-28-p7-38,P7,,1 tour arrière ou avant en ATR sur une barre
Barres parallèles,valorisation,1 passage à l’ATR,elements,1,,,barres-paralleles-24-p5-69,P5,,Établissement arrière à l’ATR
Barres parallèles,valorisation,1 passage à l’ATR,elements,1,,,barres-paralleles-25-p6-116,P6,,Bascule d’élan et passer les jambes écartées en arrière à l’ATR
Barres parallèles,valorisation,1 passage à l’ATR,elements,1,,,barres-paralleles-25-p6-119,P6,,Etablissement en tournant en arrière à l’ATR
Barres parallèles,valorisation,1 passage à l’ATR,elements,1,,,barres-paralleles-25-p7-113,P7,,Kenmotsu grand tour arrière à l’ATR
Barres parallèles,valorisation,1 passage à l’ATR,elements,1,,,barres-paralleles-25-p7-113bis,P7,,Kenmotsu grand tour arrière à l’ATR avec 1/2 tour
Barres parallèles,valorisation,1 passage à l’ATR,elements,1,,,barres-paralleles-26-p5-31,P5,,Demi-tour avant à l’ATR
Barres parallèles,valorisation,1 passage à l’ATR,elements,1,,,barres-paralleles-26-p6-33,P6,,"De l’appui ou de l’appui fléchi, passer les jambes écartées en arrière à l’ATR"
Barres parallèles,valorisation,1 passage à l’ATR,elements,1,,,barres-paralleles-26-p6-34,P6,Sorties,Salto arrière à l’appui à l’ATR
Barres parallèles,valorisation,1 passage à l’ATR,elements,1,,,barres-paralleles-26-p6-37,P6,,Diamidov. Elan en avant 1/1 ou 5/4 sur un bras à l’ATR
Barres parallèles,valorisation,1 passage à l’ATR,elements,1,,,barres-paralleles-27-p2-149,P2,,Sortie arrière corps tendu en passant par l’ATR
Barres parallèles,valorisation,1 passage à l’ATR,elements,1,,,barres-paralleles-27-p3-19,P3,,Élan à l’ATR tenu 2’’
Barres parallèles,valorisation,1 passage à l’ATR,elements,1,,,barres-paralleles-27-p3-21,P3,,Elan arrière à l’ATR tenu 2“ par l’appui fléchi (épaules
Barres parallèles,valorisation,1 passage à l’ATR,elements,1,,,barres-paralleles-27-p4-27bis,P4,,Elan en arrière à l’ATR tenue 2’’
Barres parallèles,valorisation,1 passage à l’ATR,elements,1,,,barres-paralleles-27-p5-27,P5,,Elan en arrière avec demi-tour sauté à l’ATR tenue 2’’
Barres parallèles,valorisation,1 passage à l’ATR,elements,1,,,barres-paralleles-28-pre-requis-6-new,PRÉ-REQUIS,,Sur porte-mains ATR tenu 2“
Barres parallèles,valorisation,1 passage à l’ATR,elements,1,,,barres-paralleles-28-pre-requis-9-new,PRÉ-REQUIS,,Sur porte-mains ATR 1/2 tour
Barres parallèles,valorisation,1 passage à l’ATR,elements,1,,,barres-paralleles-28-p3-154,P3,,ATR demi-tour (réception sur le côté des barres entre les poteaux)
Barres parallèles,valorisation,1 passage à l’ATR,elements,1,,,barres-paralleles-28-p3-32-new,P3,,ATR tenu 2“
Barres parallèles,valorisation,1 passage à l’ATR,elements,1,,,barres-paralleles-28-p4-128,P4,,De l’ATR demi-tour avant à l’ATR
Barres parallèles,valorisation,1 passage à l’ATR,elements,1,,,barres-paralleles-28-p4-138,P4,,Monter en force à l’ATR tenu 2“ bras tendus jambes tendues ou bras fléchis corps tendu
Barres parallèles,valorisation,1 passage à l’ATR,elements,1,,,barres-paralleles-28-p4-42-new,P4,,ATR sur barre
Barres parallèles,valorisation,1 passage à l’ATR,elements,1,,,barres-paralleles-28-p5-130,P5,,De l’ATR demi-tour arrière à l’ATR
Barres parallèles,valorisation,1 passage à l’ATR,elements,1,,,barres-paralleles-28-p5-138,P5,,Monter en force à l’ATR tenu 2“ bras tendus jambes tendues ou bras fléchis corps tendu
Barres parallèles,valorisation,1 passage à l’ATR,elements,1,,,barres-paralleles-28-p7-141,P7,,De la planche faciale jambes serrées tenue 2“ remonter à l’ATR
Barres parallèles,valorisation,1 passage à l’ATR,elements,1,,,barres-paralleles-28-p7-38,P7,,1 tour arrière ou avant en ATR sur une barre
Barres parallèles,valorisation,1 élément brachial,elements,1,,,barres-paralleles-24-p1-55,P1,,Balancer brachial arrière bassin au moins à hauteur des barres
Barres parallèles,valorisation,1 élément brachial,elements,1,,,barres-paralleles-24-p1-55bis,P1,,Balancer brachial avant bassin au moins à hauteur des barres
Barres parallèles,valorisation,1 élément brachial,elements,1,,,barres-paralleles-24-p2-52,P2,,"De l’arrière en appui brachial, établissement avant au siège écarté"
Barres parallèles,valorisation,1 élément brachial,elements,1,,,barres-paralleles-24-p2-59,P2,,"De l’avant en appui brachial, rétablissement arrière à l’appui"
Barres parallèles,valorisation,1 élément brachial,elements,1,,,barres-paralleles-24-p3-58,P3,,Rouler en arrière
Barres parallèles,valorisation,1 élément brachial,elements,1,,,barres-paralleles-24-p3-61,P3,,Établissement avant à l’appui
Barres parallèles,valorisation,1 élément brachial,elements,1,,,barres-paralleles-24-p4-52,P4,,"De l’arrière en appui brachial, établissement avant à l’équerre renversée"
Barres parallèles,valorisation,1 élément brachial,elements,1,,,barres-paralleles-24-p5-69,P5,,Établissement arrière à l’ATR
Barres parallèles,valorisation,1 élément brachial,elements,1,,,barres-paralleles-24-p5-71,P5,,Établissement arrière et passer les jambes écartées vers l’avant à l’appui
Barres parallèles,valorisation,1 élément brachial,elements,1,,,barres-paralleles-24-p6-66,P6,,Établissement avant et Kato
Barres parallèles,valorisation,1 élément brachial,elements,1,,,barres-paralleles-24-p6-71bis,P6,,Établissement arrière et passer les jambes écartées vers l’avant à l’appui
Barres parallèles,valorisation,1 élément brachial,elements,1,,,barres-paralleles-24-p7-76,P7,,Établissement arrière et salto avant à l’appui
Barres parallèles,valorisation,1 élément brachial,elements,1,,,barres-paralleles-24-nomade-49,NOMADE,,Du balancer arrière s’abaisser à l’appui brachial
Barres parallèles,valorisation,1 élément brachial,elements,1,,,barres-paralleles-24-nomade-53,NOMADE,,"Dans la position brachial s’établir à la fermeture, bassin au-dessus des barres et ouverture dynamique"
Barres parallèles,exigence,Passage à l’ATR tenu 2’’,elements,1,,oui,barres-paralleles-24-p5-69,P5,,Établissement arrière à l’ATR
Barres parallèles,exigence,Passage à l’ATR tenu 2’’,elements,1,,oui,barres-paralleles-25-p6-116,P6,,Bascule d’élan et passer les jambes écartées en arrière à l’ATR
Barres parallèles,exigence,Passage à l’ATR tenu 2’’,elements,1,,oui,barres-paralleles-25-p6-119,P6,,Etablissement en tournant en arrière à l’ATR
Barres parallèles,exigence,Passage à l’ATR tenu 2’’,elements,1,,oui,barres-paralleles-25-p7-113,P7,,Kenmotsu grand tour arrière à l’ATR
Barres parallèles,exigence,Passage à l’ATR tenu 2’’,elements,1,,oui,barres-paralleles-25-p7-113bis,P7,,Kenmotsu grand tour arrière à l’ATR avec 1/2 tour
Barres parallèles,exigence,Passage à l’ATR tenu 2’’,elements,1,,oui,barres-paralleles-26-p5-31,P5,,Demi-tour avant à l’ATR
Barres parallèles,exigence,Passage à l’ATR tenu 2’’,elements,1,,oui,barres-paralleles-26-p6-33,P6,,"De l’appui ou de l’appui fléchi, passer les jambes écartées en arrière à l’ATR"
Barres parallèles,exigence,Passage à l’ATR tenu 2’’,elements,1,,oui,barres-paralleles-26-p6-34,P6,Sorties,Salto arrière à l’appui à l’ATR
Barres parallèles,exigence,Passage à l’ATR tenu 2’’,elements,1,,oui,barres-paralleles-26-p6-37,P6,,Diamidov. Elan en avant 1/1 ou 5/4 sur un bras à l’ATR
Barres parallèles,exigence,Passage à l’ATR tenu 2’’,elements,1,,oui,barres-paralleles-27-p2-149,P2,,Sortie arrière corps tendu en passant par l’ATR
Barres parallèles,exigence,Passage à l’ATR tenu 2’’,elements,1,,oui,barres-paralleles-27-p3-19,P3,,Élan à l’ATR tenu 2’’
Barres parallèles,exigence,Passage à l’ATR tenu 2’’,elements,1,,oui,barres-paralleles-27-p3-21,P3,,Elan arrière à l’ATR tenu 2“ par l’appui fléchi (épaules
Barres parallèles,exigence,Passage à l’ATR tenu 2’’,elements,1,,oui,barres-paralleles-27-p4-27bis,P4,,Elan en arrière à l’ATR tenue 2’’
Barres parallèles,exigence,Passage à l’ATR tenu 2’’,elements,1,,oui,barres-paralleles-27-p5-27,P5,,Elan en arrière avec demi-tour sauté à l’ATR tenue 2’’
Barres parallèles,exigence,Passage à l’ATR tenu 2’’,elements,1,,oui,barres-paralleles-28-pre-requis-6-new,PRÉ-REQUIS,,Sur porte-mains ATR tenu 2“
Barres parallèles,exigence,Passage à l’ATR tenu 2’’,elements,1,,oui,barres-paralleles-28-pre-requis-9-new,PRÉ-REQUIS,,Sur porte-mains ATR 1/2 tour
Barres parallèles,exigence,Passage à l’ATR tenu 2’’,elements,1,,oui,barres-paralleles-28-p3-154,P3,,ATR demi-tour (réception sur le côté des barres entre les poteaux)
Barres parallèles,exigence,Passage à l’ATR tenu 2’’,elements,1,,oui,barres-paralleles-28-p3-32-new,P3,,ATR tenu 2“
Barres parallèles,exigence,Passage à l’ATR tenu 2’’,elements,1,,oui,barres-paralleles-28-p4-128,P4,,De l’ATR demi-tour avant à l’ATR
Barres parallèles,exigence,Passage à l’ATR tenu 2’’,elements,1,,oui,barres-paralleles-28-p4-138,P4,,Monter en force à l’ATR tenu 2“ bras tendus jambes tendues ou bras fléchis corps tendu
Barres parallèles,exigence,Passage à l’ATR tenu 2’’,elements,1,,oui,barres-paralleles-28-p4-42-new,P4,,ATR sur barre
Barres parallèles,exigence,Passage à l’ATR tenu 2’’,elements,1,,oui,barres-paralleles-28-p5-130,P5,,De l’ATR demi-tour arrière à l’ATR
Barres parallèles,exigence,Passage à l’ATR tenu 2’’,elements,1,,oui,barres-paralleles-28-p5-138,P5,,Monter en force à l’ATR tenu 2“ bras tendus jambes tendues ou bras fléchis corps tendu
Barres parallèles,exigence,Passage à l’ATR tenu 2’’,elements,1,,oui,barres-paralleles-28-p7-141,P7,,De la planche faciale jambes serrées tenue 2“ remonter à l’ATR
Barres parallèles,exigence,Passage à l’ATR tenu 2’’,elements,1,,oui,barres-paralleles-28-p7-38,P7,,1 tour arrière ou avant en ATR sur une barre
Barres parallèles,exigence,Un élément P4,elements,1,,,barres-paralleles-24-p4-52,P4,,"De l’arrière en appui brachial, établissement avant à l’équerre renversée"
Barres parallèles,exigence,Un élément P4,elements,1,,,barres-paralleles-25-p4-158,P4,,Salto arrière tendu en bout de barres
Barres parallèles,exigence,Un élément P4,elements,1,,,barres-paralleles-25-p4-95,P4,,Bascule allemande (progression) à l’appui brachial
Barres parallèles,exigence,Un élément P4,elements,1,,,barres-paralleles-25-p4-96,P4,,Etablissement en tournant en arrière à la suspension
Barres parallèles,exigence,Un élément P4,elements,1,,,barres-paralleles-25-p4-97,P4,,Moy à l’appui brachial
Barres parallèles,exigence,Un élément P4,elements,1,,,barres-paralleles-26-p4-159bis,P4,Sorties,Salto arrière carpé ou tendu
Barres parallèles,exigence,Un élément P4,elements,1,,,barres-paralleles-26-p4-24,P4,Sorties,Salto arrière à l’appui brachial
Barres parallèles,exigence,Un élément P4,elements,1,,,barres-paralleles-27-p4-159,P4,Sorties,Sortie Salto avant tendu
Barres parallèles,exigence,Un élément P4,elements,1,,,barres-paralleles-27-p4-27bis,P4,,Elan en arrière à l’ATR tenue 2’’
Barres parallèles,exigence,Un élément P4,elements,1,,,barres-paralleles-28-p4-128,P4,,De l’ATR demi-tour avant à l’ATR
Barres parallèles,exigence,Un élément P4,elements,1,,,barres-paralleles-28-p4-138,P4,,Monter en force à l’ATR tenu 2“ bras tendus jambes tendues ou bras fléchis corps tendu
Barres parallèles,exigence,Un élément P4,elements,1,,,barres-paralleles-28-p4-42-new,P4,,ATR sur barre
Barres parallèles,exigence,1 sortie,elements,1,,,barres-paralleles-26-p3-152,P3,Sorties,Salto arrière groupé
Barres parallèles,exigence,1 sortie,elements,1,,,barres-paralleles-26-p4-159bis,P4,Sorties,Salto arrière carpé ou tendu
Barres parallèles,exigence,1 sortie,elements,1,,,barres-paralleles-26-p4-24,P4,Sorties,Salto arrière à l’appui brachial
Barres parallèles,exigence,1 sortie,elements,1,,,barres-paralleles-26-p5-161,P5,Sorties,Salto arrière carpé ou tendu avec 1/2 tour
Barres parallèles,exigence,1 sortie,elements,1,,,barres-paralleles-26-p5-24bis,P5,Sorties,Salto arrière à l’appui
Barres parallèles,exigence,1 sortie,elements,1,,,barres-paralleles-26-p6-163,P6,Sorties,Salto avant carpé ou tendue avec 1/1 ou +
Barres parallèles,exigence,1 sortie,elements,1,,,barres-paralleles-26-p6-34,P6,Sorties,Salto arrière à l’appui à l’ATR
Barres parallèles,exigence,1 sortie,elements,1,,,barres-paralleles-26-p7-166,P7,Sorties,Double salto arrière groupé ou carpé
Barres parallèles,exigence,1 sortie,elements,1,,,barres-paralleles-27-p3-151,P3,Sorties,Salto avant groupé ou carpé
Barres parallèles,exigence,1 sortie,elements,1,,,barres-paralleles-27-p4-159,P4,Sorties,Sortie Salto avant tendu
Barres parallèles,exigence,1 sortie,elements,1,,,barres-paralleles-27-p5-165,P5,Sorties,Sortie Salto avant carpé ou tendu avec 1/1 ou +
Barres parallèles,exigence,1 sortie,elements,1,,,barres-paralleles-27-p7-164,P7,Sorties,Sortie Double salto avant groupé ou avec 1/2 tour
Barres parallèles,valorisation,1 élan en suspension P3 (min.),elements,1,,,barres-paralleles-25-p3-92,P3,,"De l’appui, descendre à la suspension et retour à l’appui par temps de bascule"
Barres parallèles,valorisation,1 élan en suspension P3 (min.),elements,1,,,barres-paralleles-25-p3-93,P3,,Bascule d’élan
Barres parallèles,valorisation,1 élan en suspension P3 (min.),elements,1,,,barres-paralleles-25-p4-158,P4,,Salto arrière tendu en bout de barres
Barres parallèles,valorisation,1 élan en suspension P3 (min.),elements,1,,,barres-paralleles-25-p4-95,P4,,Bascule allemande (progression) à l’appui brachial
Barres parallèles,valorisation,1 élan en suspension P3 (min.),elements,1,,,barres-paralleles-25-p4-96,P4,,Etablissement en tournant en arrière à la suspension
Barres parallèles,valorisation,1 élan en suspension P3 (min.),elements,1,,,barres-paralleles-25-p4-97,P4,,Moy à l’appui brachial
Barres parallèles,valorisation,1 élan en suspension P3 (min.),elements,1,,,barres-paralleles-25-p5-102,P5,,Bascule allemande (progression) à l’appui
Barres parallèles,valorisation,1 élan en suspension P3 (min.),elements,1,,,barres-paralleles-25-p5-103,P5,,Moy groupé à l’appui
Barres parallèles,valorisation,1 élan en suspension P3 (min.),elements,1,,,barres-paralleles-25-p5-104bis,P5,,Établissement arrière en tournant en arrière à l’appui
Barres parallèles,valorisation,1 élan en suspension P3 (min.),elements,1,,,barres-paralleles-25-p5-109,P5,,Moy carpé à l’appui
Barres parallèles,valorisation,1 élan en suspension P3 (min.),elements,1,,,barres-paralleles-25-p5-162,P5,,salto arrière tendu avec 1/1 vrille en bout de barre
Barres parallèles,valorisation,1 élan en suspension P3 (min.),elements,1,,,barres-paralleles-25-p6-110,P6,,"Sur le côté, bascule d’élan par l’équerre serrée ou écartée à l’appui renversé"
Barres parallèles,valorisation,1 élan en suspension P3 (min.),elements,1,,,barres-paralleles-25-p6-116,P6,,Bascule d’élan et passer les jambes écartées en arrière à l’ATR
Barres parallèles,valorisation,1 élan en suspension P3 (min.),elements,1,,,barres-paralleles-25-p6-119,P6,,Etablissement en tournant en arrière à l’ATR
Barres parallèles,valorisation,1 élan en suspension P3 (min.),elements,1,,,barres-paralleles-25-p6-120,P6,,Tour d’appui arrière en passant les jambes écartées en avant à l’appui
Barres parallèles,valorisation,1 élan en suspension P3 (min.),elements,1,,,barres-paralleles-25-p6-167,P6,,Double salto arrière groupé en extrémité de barres
Barres parallèles,valorisation,1 élan en suspension P3 (min.),elements,1,,,barres-paralleles-25-p7-113,P7,,Kenmotsu grand tour arrière à l’ATR
Barres parallèles,valorisation,1 élan en suspension P3 (min.),elements,1,,,barres-paralleles-25-p7-113bis,P7,,Kenmotsu grand tour arrière à l’ATR avec 1/2 tour
Barres parallèles,valorisation,1 élan en suspension P3 (min.),elements,1,,,barres-paralleles-25-p7-118,P7,,Bascule allemande en tournant en arrière avec 1/2 tour à l’appui
Barres parallèles,valorisation,1 montée en force à l’ATR,elements,1,,oui,barres-paralleles-28-p4-138,P4,,Monter en force à l’ATR tenu 2“ bras tendus jambes tendues ou bras fléchis corps tendu
Barres parallèles,valorisation,1 montée en force à l’ATR,elements,1,,oui,barres-paralleles-28-p5-138,P5,,Monter en force à l’ATR tenu 2“ bras tendus jambes tendues ou bras fléchis corps tendu
Barres parallèles,valorisation,de l'ATR 1/2 tour avant à l'ATR,elements,1,,oui,barres-paralleles-24-p5-69,P5,,Établissement arrière à l’ATR
Barres parallèles,valorisation,de l'ATR 1/2 tour avant à l'ATR,elements,1,,oui,barres-paralleles-25-p6-116,P6,,Bascule d’élan et passer les jambes écartées en arrière à l’ATR
Barres parallèles,valorisation,de l'ATR 1/2 tour avant à l'ATR,elements,1,,oui,barres-paralleles-25-p6-119,P6,,Etablissement en tournant en arrière à l’ATR
Barres parallèles,valorisation,de l'ATR 1/2 tour avant à l'ATR,elements,1,,oui,barres-paralleles-25-p7-113,P7,,Kenmotsu grand tour arrière à l’ATR
Barres parallèles,valorisation,de l'ATR 1/2 tour avant à l'ATR,elements,1,,oui,barres-paralleles-25-p7-113bis,P7,,Kenmotsu grand tour arrière à l’ATR avec 1/2 tour
Barres parallèles,valorisation,de l'ATR 1/2 tour avant à l'ATR,elements,1,,oui,barres-paralleles-26-p5-31,P5,,Demi-tour avant à l’ATR
Barres parallèles,valorisation,de l'ATR 1/2 tour avant à l'ATR,elements,1,,oui,barres-paralleles-26-p6-33,P6,,"De l’appui ou de l’appui fléchi, passer les jambes écartées en arrière à l’ATR"
Barres parallèles,valorisation,de l'ATR 1/2 tour avant à l'ATR,elements,1,,oui,barres-paralleles-26-p6-34,P6,Sorties,Salto arrière à l’appui à l’ATR
Barres parallèles,valorisation,de l'ATR 1/2 tour avant à l'ATR,elements,1,,oui,barres-paralleles-26-p6-37,P6,,Diamidov. Elan en avant 1/1 ou 5/4 sur un bras à l’ATR
Barres parallèles,valorisation,de l'ATR 1/2 tour avant à l'ATR,elements,1,,oui,barres-paralleles-27-p2-149,P2,,Sortie arrière corps tendu en passant par l’ATR
Barres parallèles,valorisation,de l'ATR 1/2 tour avant à l'ATR,elements,1,,oui,barres-paralleles-27-p3-19,P3,,Élan à l’ATR tenu 2’’
Barres parallèles,valorisation,de l'ATR 1/2 tour avant à l'ATR,elements,1,,oui,barres-paralleles-27-p3-21,P3,,Elan arrière à l’ATR tenu 2“ par l’appui fléchi (épaules
Barres parallèles,valorisation,de l'ATR 1/2 tour avant à l'ATR,elements,1,,oui,barres-paralleles-27-p4-27bis,P4,,Elan en arrière à l’ATR tenue 2’’
Barres parallèles,valorisation,de l'ATR 1/2 tour avant à l'ATR,elements,1,,oui,barres-paralleles-27-p5-27,P5,,Elan en arrière avec demi-tour sauté à l’ATR tenue 2’’
Barres parallèles,valorisation,de l'ATR 1/2 tour avant à l'ATR,elements,1,,oui,barres-paralleles-28-pre-requis-6-new,PRÉ-REQUIS,,Sur porte-mains ATR tenu 2“
Barres parallèles,valorisation,de l'ATR 1/2 tour avant à l'ATR,elements,1,,oui,barres-paralleles-28-pre-requis-9-new,PRÉ-REQUIS,,Sur porte-mains ATR 1/2 tour
Barres parallèles,valorisation,de l'ATR 1/2 tour avant à l'ATR,elements,1,,oui,barres-paralleles-28-p3-154,P3,,ATR demi-tour (réception sur le côté des barres entre les poteaux)
Barres parallèles,valorisation,de l'ATR 1/2 tour avant à l'ATR,elements,1,,oui,barres-paralleles-28-p3-32-new,P3,,ATR tenu 2“
Barres parallèles,valorisation,de l'ATR 1/2 tour avant à l'ATR,elements,1,,oui,barres-paralleles-28-p4-128,P4,,De l’ATR demi-tour avant à l’ATR
Barres parallèles,valorisation,de l'ATR 1/2 tour avant à l'ATR,elements,1,,oui,barres-paralleles-28-p4-138,P4,,Monter en force à l’ATR tenu 2“ bras tendus jambes tendues ou bras fléchis corps tendu
Barres parallèles,valorisation,de l'ATR 1/2 tour avant à l'ATR,elements,1,,oui,barres-paralleles-28-p4-42-new,P4,,ATR sur barre
Barres parallèles,valorisation,de l'ATR 1/2 tour avant à l'ATR,elements,1,,oui,barres-paralleles-28-p5-130,P5,,De l’ATR demi-tour arrière à l’ATR
Barres parallèles,valorisation,de l'ATR 1/2 tour avant à l'ATR,elements,1,,oui,barres-paralleles-28-p5-138,P5,,Monter en force à l’ATR tenu 2“ bras tendus jambes tendues ou bras fléchis corps tendu
Barres parallèles,valorisation,de l'ATR 1/2 tour avant à l'ATR,elements,1,,oui,barres-paralleles-28-p7-141,P7,,De la planche faciale jambes serrées tenue 2“ remonter à l’ATR
Barres parallèles,valorisation,de l'ATR 1/2 tour avant à l'ATR,elements,1,,oui,barres-paralleles-28-p7-38,P7,,1 tour arrière ou avant en ATR sur une barre
Barres parallèles,valorisation,1 brachial P3 (min.),elements,1,,,barres-paralleles-24-p3-58,P3,,Rouler en arrière
Barres parallèles,valorisation,1 brachial P3 (min.),elements,1,,,barres-paralleles-24-p3-61,P3,,Établissement avant à l’appui
Barres parallèles,valorisation,1 brachial P3 (min.),elements,1,,,barres-paralleles-24-p4-52,P4,,"De l’arrière en appui brachial, établissement avant à l’équerre renversée"
Barres parallèles,valorisation,1 brachial P3 (min.),elements,1,,,barres-paralleles-24-p5-69,P5,,Établissement arrière à l’ATR
Barres parallèles,valorisation,1 brachial P3 (min.),elements,1,,,barres-paralleles-24-p5-71,P5,,Établissement arrière et passer les jambes écartées vers l’avant à l’appui
Barres parallèles,valorisation,1 brachial P3 (min.),elements,1,,,barres-paralleles-24-p6-66,P6,,Établissement avant et Kato
Barres parallèles,valorisation,1 brachial P3 (min.),elements,1,,,barres-paralleles-24-p6-71bis,P6,,Établissement arrière et passer les jambes écartées vers l’avant à l’appui
Barres parallèles,valorisation,1 brachial P3 (min.),elements,1,,,barres-paralleles-24-p7-76,P7,,Établissement arrière et salto avant à l’appui
Barres parallèles,valorisation,1 sortie avec salto P3 (min.),elements,1,,,barres-paralleles-26-p3-152,P3,Sorties,Salto arrière groupé
Barres parallèles,valorisation,1 sortie avec salto P3 (min.),elements,1,,,barres-paralleles-26-p4-159bis,P4,Sorties,Salto arrière carpé ou tendu
Barres parallèles,valorisation,1 sortie avec salto P3 (min.),elements,1,,,barres-paralleles-26-p4-24,P4,Sorties,Salto arrière à l’appui brachial
Barres parallèles,valorisation,1 sortie avec salto P3 (min.),elements,1,,,barres-paralleles-26-p5-161,P5,Sorties,Salto arrière carpé ou tendu avec 1/2 tour
Barres parallèles,valorisation,1 sortie avec salto P3 (min.),elements,1,,,barres-paralleles-26-p5-24bis,P5,Sorties,Salto arrière à l’appui
Barres parallèles,valorisation,1 sortie avec salto P3 (min.),elements,1,,,barres-paralleles-26-p6-163,P6,Sorties,Salto avant carpé ou tendue avec 1/1 ou +
Barres parallèles,valorisation,1 sortie avec salto P3 (min.),elements,1,,,barres-paralleles-26-p6-34,P6,Sorties,Salto arrière à l’appui à l’ATR
Barres parallèles,valorisation,1 sortie avec salto P3 (min.),elements,1,,,barres-paralleles-26-p7-166,P7,Sorties,Double salto arrière groupé ou carpé
Barres parallèles,valorisation,1 sortie avec salto P3 (min.),elements,1,,,barres-paralleles-27-p3-151,P3,Sorties,Salto avant groupé ou carpé
Barres parallèles,valorisation,1 sortie avec salto P3 (min.),elements,1,,,barres-paralleles-27-p4-159,P4,Sorties,Sortie Salto avant tendu
Barres parallèles,valorisation,1 sortie avec salto P3 (min.),elements,1,,,barres-paralleles-27-p5-165,P5,Sorties,Sortie Salto avant carpé ou tendu avec 1/1 ou +
Barres parallèles,valorisation,1 sortie avec salto P3 (min.),elements,1,,,barres-paralleles-27-p7-164,P7,Sorties,Sortie Double salto avant groupé ou avec 1/2 tour
Barres parallèles,exigence,Passage à l'ATR avec rotation longitudinale,elements,1,,oui,barres-paralleles-24-p5-69,P5,,Établissement arrière à l’ATR
Barres parallèles,exigence,Passage à l'ATR avec rotation longitudinale,elements,1,,oui,barres-paralleles-25-p6-116,P6,,Bascule d’élan et passer les jambes écartées en arrière à l’ATR
Barres parallèles,exigence,Passage à l'ATR avec rotation longitudinale,elements,1,,oui,barres-paralleles-25-p6-119,P6,,Etablissement en tournant en arrière à l’ATR
Barres parallèles,exigence,Passage à l'ATR avec rotation longitudinale,elements,1,,oui,barres-paralleles-25-p7-113,P7,,Kenmotsu grand tour arrière à l’ATR
Barres parallèles,exigence,Passage à l'ATR avec rotation longitudinale,elements,1,,oui,barres-paralleles-25-p7-113bis,P7,,Kenmotsu grand tour arrière à l’ATR avec 1/2 tour
Barres parallèles,exigence,Passage à l'ATR avec rotation longitudinale,elements,1,,oui,barres-paralleles-26-p5-31,P5,,Demi-tour avant à l’ATR
Barres parallèles,exigence,Passage à l'ATR avec rotation longitudinale,elements,1,,oui,barres-paralleles-26-p6-33,P6,,"De l’appui ou de l’appui fléchi, passer les jambes écartées en arrière à l’ATR"
Barres parallèles,exigence,Passage à l'ATR avec rotation longitudinale,elements,1,,oui,barres-paralleles-26-p6-34,P6,Sorties,Salto arrière à l’appui à l’ATR
Barres parallèles,exigence,Passage à l'ATR avec rotation longitudinale,elements,1,,oui,barres-paralleles-26-p6-37,P6,,Diamidov. Elan en avant 1/1 ou 5/4 sur un bras à l’ATR
Barres parallèles,exigence,Passage à l'ATR avec rotation longitudinale,elements,1,,oui,barres-paralleles-27-p2-149,P2,,Sortie arrière corps tendu en passant par l’ATR
Barres parallèles,exigence,Passage à l'ATR avec rotation longitudinale,elements,1,,oui,barres-paralleles-27-p3-19,P3,,Élan à l’ATR tenu 2’’
Barres parallèles,exigence,Passage à l'ATR avec rotation longitudinale,elements,1,,oui,barres-paralleles-27-p3-21,P3,,Elan arrière à l’ATR tenu 2“ par l’appui fléchi (épaules
Barres parallèles,exigence,Passage à l'ATR avec rotation longitudinale,elements,1,,oui,barres-paralleles-27-p4-27bis,P4,,Elan en arrière à l’ATR tenue 2’’
Barres parallèles,exigence,Passage à l'ATR avec rotation longitudinale,elements,1,,oui,barres-paralleles-27-p5-27,P5,,Elan en arrière avec demi-tour sauté à l’ATR tenue 2’’
Barres parallèles,exigence,Passage à l'ATR avec rotation longitudinale,elements,1,,oui,barres-paralleles-28-pre-requis-6-new,PRÉ-REQUIS,,Sur porte-mains ATR tenu 2“
Barres parallèles,exigence,Passage à l'ATR avec rotation longitudinale,elements,1,,oui,barres-paralleles-28-pre-requis-9-new,PRÉ-REQUIS,,Sur porte-mains ATR 1/2 tour
Barres parallèles,exigence,Passage à l'ATR avec rotation longitudinale,elements,1,,oui,barres-paralleles-28-p3-154,P3,,ATR demi-tour (réception sur le côté des barres entre les poteaux)
Barres parallèles,exigence,Passage à l'ATR avec rotation longitudinale,elements,1,,oui,barres-paralleles-28-p3-32-new,P3,,ATR tenu 2“
Barres parallèles,exigence,Passage à l'ATR avec rotation longitudinale,elements,1,,oui,barres-paralleles-28-p4-128,P4,,De l’ATR demi-tour avant à l’ATR
Barres parallèles,exigence,Passage à l'ATR avec rotation longitudinale,elements,1,,oui,barres-paralleles-28-p4-138,P4,,Monter en force à l’ATR tenu 2“ bras tendus jambes tendues ou bras fléchis corps tendu
Barres parallèles,exigence,Passage à l'ATR avec rotation longitudinale,elements,1,,oui,barres-paralleles-28-p4-42-new,P4,,ATR sur barre
Barres parallèles,exigence,Passage à l'ATR avec rotation longitudinale,elements,1,,oui,barres-paralleles-28-p5-130,P5,,De l’ATR demi-tour arrière à l’ATR
Barres parallèles,exigence,Passage à l'ATR avec rotation longitudinale,elements,1,,oui,barres-paralleles-28-p5-138,P5,,Monter en force à l’ATR tenu 2“ bras tendus jambes tendues ou bras fléchis corps tendu
Barres parallèles,exigence,Passage à l'ATR avec rotation longitudinale,elements,1,,oui,barres-paralleles-28-p7-141,P7,,De la planche faciale jambes serrées tenue 2“ remonter à l’ATR
Barres parallèles,exigence,Passage à l'ATR avec rotation longitudinale,elements,1,,oui,barres-paralleles-28-p7-38,P7,,1 tour arrière ou avant en ATR sur une barre
Barres parallèles,exigence,1 élément P5,elements,1,,,barres-paralleles-24-p5-69,P5,,Établissement arrière à l’ATR
Barres parallèles,exigence,1 élément P5,elements,1,,,barres-paralleles-24-p5-71,P5,,Établissement arrière et passer les jambes écartées vers l’avant à l’appui
Barres parallèles,exigence,1 élément P5,elements,1,,,barres-paralleles-25-p5-102,P5,,Bascule allemande (progression) à l’appui
Barres parallèles,exigence,1 élément P5,elements,1,,,barres-paralleles-25-p5-103,P5,,Moy groupé à l’appui
Barres parallèles,exigence,1 élément P5,elements,1,,,barres-paralleles-25-p5-104bis,P5,,Établissement arrière en tournant en arrière à l’appui
Barres parallèles,exigence,1 élément P5,elements,1,,,barres-paralleles-25-p5-109,P5,,Moy carpé à l’appui
Barres parallèles,exigence,1 élément P5,elements,1,,,barres-paralleles-25-p5-162,P5,,salto arrière tendu avec 1/1 vrille en bout de barre
Barres parallèles,exigence,1 élément P5,elements,1,,,barres-paralleles-26-p5-161,P5,Sorties,Salto arrière carpé ou tendu avec 1/2 tour
Barres parallèles,exigence,1 élément P5,elements,1,,,barres-paralleles-26-p5-24bis,P5,Sorties,Salto arrière à l’appui
Barres parallèles,exigence,1 élément P5,elements,1,,,barres-paralleles-26-p5-31,P5,,Demi-tour avant à l’ATR
Barres parallèles,exigence,1 élément P5,elements,1,,,barres-paralleles-27-p5-165,P5,Sorties,Sortie Salto avant carpé ou tendu avec 1/1 ou +
Barres parallèles,exigence,1 élément P5,elements,1,,,barres-paralleles-27-p5-27,P5,,Elan en arrière avec demi-tour sauté à l’ATR tenue 2’’
Barres parallèles,exigence,1 élément P5,elements,1,,,barres-paralleles-27-p5-40,P5,,Salto avant à l’appui bras tendus
Barres parallèles,exigence,1 élément P5,elements,1,,,barres-paralleles-28-p5-130,P5,,De l’ATR demi-tour arrière à l’ATR
Barres parallèles,exigence,1 élément P5,elements,1,,,barres-paralleles-28-p5-133,P5,,Planche faciale jambes écartées tenue 2“
Barres parallèles,exigence,1 élément P5,elements,1,,,barres-paralleles-28-p5-136,P5,,Équerre jambes à la verticale tenue 2“
Barres parallèles,exigence,1 élément P5,elements,1,,,barres-paralleles-28-p5-138,P5,,Monter en force à l’ATR tenu 2“ bras tendus jambes tendues ou bras fléchis corps tendu
Barres parallèles,exigence,1 élément P5,elements,1,,,barres-paralleles-28-p5-26,P5,,Healy à l’appui brachial
Barres parallèles,exigence,1 sortie avec salto,elements,1,,,barres-paralleles-26-p3-152,P3,Sorties,Salto arrière groupé
Barres parallèles,exigence,1 sortie avec salto,elements,1,,,barres-paralleles-26-p4-159bis,P4,Sorties,Salto arrière carpé ou tendu
Barres parallèles,exigence,1 sortie avec salto,elements,1,,,barres-paralleles-26-p4-24,P4,Sorties,Salto arrière à l’appui brachial
Barres parallèles,exigence,1 sortie avec salto,elements,1,,,barres-paralleles-26-p5-161,P5,Sorties,Salto arrière carpé ou tendu avec 1/2 tour
Barres parallèles,exigence,1 sortie avec salto,elements,1,,,barres-paralleles-26-p5-24bis,P5,Sorties,Salto arrière à l’appui
Barres parallèles,exigence,1 sortie avec salto,elements,1,,,barres-paralleles-26-p6-163,P6,Sorties,Salto avant carpé ou tendue avec 1/1 ou +
Barres parallèles,exigence,1 sortie avec salto,elements,1,,,barres-paralleles-26-p6-34,P6,Sorties,Salto arrière à l’appui à l’ATR
Barres parallèles,exigence,1 sortie avec salto,elements,1,,,barres-paralleles-26-p7-166,P7,Sorties,Double salto arrière groupé ou carpé
Barres parallèles,exigence,1 sortie avec salto,elements,1,,,barres-paralleles-27-p3-151,P3,Sorties,Salto avant groupé ou carpé
Barres parallèles,exigence,1 sortie avec salto,elements,1,,,barres-paralleles-27-p4-159,P4,Sorties,Sortie Salto avant tendu
Barres parallèles,exigence,1 sortie avec salto,elements,1,,,barres-paralleles-27-p5-165,P5,Sorties,Sortie Salto avant carpé ou tendu avec 1/1 ou +
Barres parallèles,exigence,1 sortie avec salto,elements,1,,,barres-paralleles-27-p7-164,P7,Sorties,Sortie Double salto avant groupé ou avec 1/2 tour
Barres parallèles,valorisation,1 élan en suspension P4 (min.),elements,1,,,barres-paralleles-25-p4-158,P4,,Salto arrière tendu en bout de barres
Barres parallèles,valorisation,1 élan en suspension P4 (min.),elements,1,,,barres-paralleles-25-p4-95,P4,,Bascule allemande (progression) à l’appui brachial
Barres parallèles,valorisation,1 élan en suspension P4 (min.),elements,1,,,barres-paralleles-25-p4-96,P4,,Etablissement en tournant en arrière à la suspension
Barres parallèles,valorisation,1 élan en suspension P4 (min.),elements,1,,,barres-paralleles-25-p4-97,P4,,Moy à l’appui brachial
Barres parallèles,valorisation,1 élan en suspension P4 (min.),elements,1,,,barres-paralleles-25-p5-102,P5,,Bascule allemande (progression) à l’appui
Barres parallèles,valorisation,1 élan en suspension P4 (min.),elements,1,,,barres-paralleles-25-p5-103,P5,,Moy groupé à l’appui
Barres parallèles,valorisation,1 élan en suspension P4 (min.),elements,1,,,barres-paralleles-25-p5-104bis,P5,,Établissement arrière en tournant en arrière à l’appui
Barres parallèles,valorisation,1 élan en suspension P4 (min.),elements,1,,,barres-paralleles-25-p5-109,P5,,Moy carpé à l’appui
Barres parallèles,valorisation,1 élan en suspension P4 (min.),elements,1,,,barres-paralleles-25-p5-162,P5,,salto arrière tendu avec 1/1 vrille en bout de barre
Barres parallèles,valorisation,1 élan en suspension P4 (min.),elements,1,,,barres-paralleles-25-p6-110,P6,,"Sur le côté, bascule d’élan par l’équerre serrée ou écartée à l’appui renversé"
Barres parallèles,valorisation,1 élan en suspension P4 (min.),elements,1,,,barres-paralleles-25-p6-116,P6,,Bascule d’élan et passer les jambes écartées en arrière à l’ATR
Barres parallèles,valorisation,1 élan en suspension P4 (min.),elements,1,,,barres-paralleles-25-p6-119,P6,,Etablissement en tournant en arrière à l’ATR
Barres parallèles,valorisation,1 élan en suspension P4 (min.),elements,1,,,barres-paralleles-25-p6-120,P6,,Tour d’appui arrière en passant les jambes écartées en avant à l’appui
Barres parallèles,valorisation,1 élan en suspension P4 (min.),elements,1,,,barres-paralleles-25-p6-167,P6,,Double salto arrière groupé en extrémité de barres
Barres parallèles,valorisation,1 élan en suspension P4 (min.),elements,1,,,barres-paralleles-25-p7-113,P7,,Kenmotsu grand tour arrière à l’ATR
Barres parallèles,valorisation,1 élan en suspension P4 (min.),elements,1,,,barres-paralleles-25-p7-113bis,P7,,Kenmotsu grand tour arrière à l’ATR avec 1/2 tour
Barres parallèles,valorisation,1 élan en suspension P4 (min.),elements,1,,,barres-paralleles-25-p7-118,P7,,Bascule allemande en tournant en arrière avec 1/2 tour à l’appui
Barres parallèles,valorisation,Elan sauté,elements,1,,oui,barres-paralleles-26-pre-requis-22,PRÉ-REQUIS,,"Kato. De l’appui ou de l’appui fléchi, établissement avant et sauté"
Barres parallèles,valorisation,Elan sauté,elements,1,,oui,barres-paralleles-27-p5-27,P5,,Elan en arrière avec demi-tour sauté à l’ATR tenue 2’’
Barres parallèles,valorisation,Elan sauté,elements,1,,oui,barres-paralleles-28-pre-requis-3,PRÉ-REQUIS,,Sauter à l’appui
Barres parallèles,valorisation,1 montée en force à l’ATR tenu,elements,1,,oui,barres-paralleles-28-p4-138,P4,,Monter en force à l’ATR tenu 2“ bras tendus jambes tendues ou bras fléchis corps tendu
Barres parallèles,valorisation,1 montée en force à l’ATR tenu,elements,1,,oui,barres-paralleles-28-p5-138,P5,,Monter en force à l’ATR tenu 2“ bras tendus jambes tendues ou bras fléchis corps tendu
Barres parallèles,valorisation,1 élément P5,elements,1,,,barres-paralleles-24-p5-69,P5,,Établissement arrière à l’ATR
Barres parallèles,valorisation,1 élément P5,elements,1,,,barres-paralleles-24-p5-71,P5,,Établissement arrière et passer les jambes écartées vers l’avant à l’appui
Barres parallèles,valorisation,1 élément P5,elements,1,,,barres-paralleles-25-p5-102,P5,,Bascule allemande (progression) à l’appui
Barres parallèles,valorisation,1 élément P5,elements,1,,,barres-paralleles-25-p5-103,P5,,Moy groupé à l’appui
Barres parallèles,valorisation,1 élément P5,elements,1,,,barres-paralleles-25-p5-104bis,P5,,Établissement arrière en tournant en arrière à l’appui
Barres parallèles,valorisation,1 élément P5,elements,1,,,barres-paralleles-25-p5-109,P5,,Moy carpé à l’appui
Barres parallèles,valorisation,1 élément P5,elements,1,,,barres-paralleles-25-p5-162,P5,,salto arrière tendu avec 1/1 vrille en bout de barre
Barres parallèles,valorisation,1 élément P5,elements,1,,,barres-paralleles-26-p5-161,P5,Sorties,Salto arrière carpé ou tendu avec 1/2 tour
Barres parallèles,valorisation,1 élément P5,elements,1,,,barres-paralleles-26-p5-24bis,P5,Sorties,Salto arrière à l’appui
Barres parallèles,valorisation,1 élément P5,elements,1,,,barres-paralleles-26-p5-31,P5,,Demi-tour avant à l’ATR
Barres parallèles,valorisation,1 élément P5,elements,1,,,barres-paralleles-27-p5-165,P5,Sorties,Sortie Salto avant carpé ou tendu avec 1/1 ou +
Barres parallèles,valorisation,1 élément P5,elements,1,,,barres-paralleles-27-p5-27,P5,,Elan en arrière avec demi-tour sauté à l’ATR tenue 2’’
Barres parallèles,valorisation,1 élément P5,elements,1,,,barres-paralleles-27-p5-40,P5,,Salto avant à l’appui bras tendus
Barres parallèles,valorisation,1 élément P5,elements,1,,,barres-paralleles-28-p5-130,P5,,De l’ATR demi-tour arrière à l’ATR
Barres parallèles,valorisation,1 élément P5,elements,1,,,barres-paralleles-28-p5-133,P5,,Planche faciale jambes écartées tenue 2“
Barres parallèles,valorisation,1 élément P5,elements,1,,,barres-paralleles-28-p5-136,P5,,Équerre jambes à la verticale tenue 2“
Barres parallèles,valorisation,1 élément P5,elements,1,,,barres-paralleles-28-p5-138,P5,,Monter en force à l’ATR tenu 2“ bras tendus jambes tendues ou bras fléchis corps tendu
Barres parallèles,valorisation,1 élément P5,elements,1,,,barres-paralleles-28-p5-26,P5,,Healy à l’appui brachial
Barres parallèles,valorisation,1 sortie P4 (min.),elements,1,,,barres-paralleles-26-p4-159bis,P4,Sorties,Salto arrière carpé ou tendu
Barres parallèles,valorisation,1 sortie P4 (min.),elements,1,,,barres-paralleles-26-p4-24,P4,Sorties,Salto arrière à l’appui brachial
Barres parallèles,valorisation,1 sortie P4 (min.),elements,1,,,barres-paralleles-26-p5-161,P5,Sorties,Salto arrière carpé ou tendu avec 1/2 tour
Barres parallèles,valorisation,1 sortie P4 (min.),elements,1,,,barres-paralleles-26-p5-24bis,P5,Sorties,Salto arrière à l’appui
Barres parallèles,valorisation,1 sortie P4 (min.),elements,1,,,barres-paralleles-26-p6-163,P6,Sorties,Salto avant carpé ou tendue avec 1/1 ou +
Barres parallèles,valorisation,1 sortie P4 (min.),elements,1,,,barres-paralleles-26-p6-34,P6,Sorties,Salto arrière à l’appui à l’ATR
Barres parallèles,valorisation,1 sortie P4 (min.),elements,1,,,barres-paralleles-26-p7-166,P7,Sorties,Double salto arrière groupé ou carpé
Barres parallèles,valorisation,1 sortie P4 (min.),elements,1,,,barres-paralleles-27-p4-159,P4,Sorties,Sortie Salto avant tendu
Barres parallèles,valorisation,1 sortie P4 (min.),elements,1,,,barres-paralleles-27-p5-165,P5,Sorties,Sortie Salto avant carpé ou tendu avec 1/1 ou +
Barres parallèles,valorisation,1 sortie P4 (min.),elements,1,,,barres-paralleles-27-p7-164,P7,Sorties,Sortie Double salto avant groupé ou avec 1/2 tour
Barres parallèles,exigence,1 élément P6,elements,1,,,barres-paralleles-24-p6-66,P6,,Établissement avant et Kato
Barres parallèles,exigence,1 élément P6,elements,1,,,barres-paralleles-24-p6-71bis,P6,,Établissement arrière et passer les jambes écartées vers l’avant à l’appui
Barres parallèles,exigence,1 élément P6,elements,1,,,barres-paralleles-25-p6-110,P6,,"Sur le côté, bascule d’élan par l’équerre serrée ou écartée à l’appui renversé"
Barres parallèles,exigence,1 élément P6,elements,1,,,barres-paralleles-25-p6-116,P6,,Bascule d’élan et passer les jambes écartées en arrière à l’ATR
Barres parallèles,exigence,1 élément P6,elements,1,,,barres-paralleles-25-p6-119,P6,,Etablissement en tournant en arrière à l’ATR
Barres parallèles,exigence,1 élément P6,elements,1,,,barres-paralleles-25-p6-120,P6,,Tour d’appui arrière en passant les jambes écartées en avant à l’appui
Barres parallèles,exigence,1 élément P6,elements,1,,,barres-paralleles-25-p6-167,P6,,Double salto arrière groupé en extrémité de barres
Barres parallèles,exigence,1 élément P6,elements,1,,,barres-paralleles-26-p6-163,P6,Sorties,Salto avant carpé ou tendue avec 1/1 ou +
Barres parallèles,exigence,1 élément P6,elements,1,,,barres-paralleles-26-p6-33,P6,,"De l’appui ou de l’appui fléchi, passer les jambes écartées en arrière à l’ATR"
Barres parallèles,exigence,1 élément P6,elements,1,,,barres-paralleles-26-p6-34,P6,Sorties,Salto arrière à l’appui à l’ATR
Barres parallèles,exigence,1 élément P6,elements,1,,,barres-paralleles-26-p6-37,P6,,Diamidov. Elan en avant 1/1 ou 5/4 sur un bras à l’ATR
Barres parallèles,exigence,1 élément P6,elements,1,,,barres-paralleles-28-p6-42,P6,,Toutes formes de Healy à l’appui
Barres parallèles,valorisation,1 élan en suspension P5 (min.),elements,1,,,barres-paralleles-25-p5-102,P5,,Bascule allemande (progression) à l’appui
Barres parallèles,valorisation,1 élan en suspension P5 (min.),elements,1,,,barres-paralleles-25-p5-103,P5,,Moy groupé à l’appui
Barres parallèles,valorisation,1 élan en suspension P5 (min.),elements,1,,,barres-paralleles-25-p5-104bis,P5,,Établissement arrière en tournant en arrière à l’appui
Barres parallèles,valorisation,1 élan en suspension P5 (min.),elements,1,,,barres-paralleles-25-p5-109,P5,,Moy carpé à l’appui
Barres parallèles,valorisation,1 élan en suspension P5 (min.),elements,1,,,barres-paralleles-25-p5-162,P5,,salto arrière tendu avec 1/1 vrille en bout de barre
Barres parallèles,valorisation,1 élan en suspension P5 (min.),elements,1,,,barres-paralleles-25-p6-110,P6,,"Sur le côté, bascule d’élan par l’équerre serrée ou écartée à l’appui renversé"
Barres parallèles,valorisation,1 élan en suspension P5 (min.),elements,1,,,barres-paralleles-25-p6-116,P6,,Bascule d’élan et passer les jambes écartées en arrière à l’ATR
Barres parallèles,valorisation,1 élan en suspension P5 (min.),elements,1,,,barres-paralleles-25-p6-119,P6,,Etablissement en tournant en arrière à l’ATR
Barres parallèles,valorisation,1 élan en suspension P5 (min.),elements,1,,,barres-paralleles-25-p6-120,P6,,Tour d’appui arrière en passant les jambes écartées en avant à l’appui
Barres parallèles,valorisation,1 élan en suspension P5 (min.),elements,1,,,barres-paralleles-25-p6-167,P6,,Double salto arrière groupé en extrémité de barres
Barres parallèles,valorisation,1 élan en suspension P5 (min.),elements,1,,,barres-paralleles-25-p7-113,P7,,Kenmotsu grand tour arrière à l’ATR
Barres parallèles,valorisation,1 élan en suspension P5 (min.),elements,1,,,barres-paralleles-25-p7-113bis,P7,,Kenmotsu grand tour arrière à l’ATR avec 1/2 tour
Barres parallèles,valorisation,1 élan en suspension P5 (min.),elements,1,,,barres-paralleles-25-p7-118,P7,,Bascule allemande en tournant en arrière avec 1/2 tour à l’appui
Barres parallèles,valorisation,1 salto en appui P4 (min.),elements,1,,,barres-paralleles-24-p7-76,P7,,Établissement arrière et salto avant à l’appui
Barres parallèles,valorisation,1 salto en appui P4 (min.),elements,1,,,barres-paralleles-25-p4-158,P4,,Salto arrière tendu en bout de barres
Barres parallèles,valorisation,1 salto en appui P4 (min.),elements,1,,,barres-paralleles-25-p5-162,P5,,salto arrière tendu avec 1/1 vrille en bout de barre
Barres parallèles,valorisation,1 salto en appui P4 (min.),elements,1,,,barres-paralleles-25-p6-167,P6,,Double salto arrière groupé en extrémité de barres
Barres parallèles,valorisation,1 salto en appui P4 (min.),elements,1,,,barres-paralleles-27-p5-40,P5,,Salto avant à l’appui bras tendus
Barres parallèles,valorisation,1 salto en appui P4 (min.),elements,1,,,barres-paralleles-27-p7-32,P7,,Double salto avant groupé ou carpé à l’appui brachial
Barres parallèles,valorisation,1 élément en appui avec rotation longitudinale 360°,elements,1,,oui,barres-paralleles-25-p3-92,P3,,"De l’appui, descendre à la suspension et retour à l’appui par temps de bascule"
Barres parallèles,valorisation,1 élément en appui avec rotation longitudinale 360°,elements,1,,oui,barres-paralleles-25-p4-96,P4,,Etablissement en tournant en arrière à la suspension
Barres parallèles,valorisation,1 élément en appui avec rotation longitudinale 360°,elements,1,,oui,barres-paralleles-25-p5-104bis,P5,,Établissement arrière en tournant en arrière à l’appui
Barres parallèles,valorisation,1 élément en appui avec rotation longitudinale 360°,elements,1,,oui,barres-paralleles-25-p6-119,P6,,Etablissement en tournant en arrière à l’ATR
Barres parallèles,valorisation,1 élément en appui avec rotation longitudinale 360°,elements,1,,oui,barres-paralleles-25-p6-120,P6,,Tour d’appui arrière en passant les jambes écartées en avant à l’appui
Barres parallèles,valorisation,1 élément en appui avec rotation longitudinale 360°,elements,1,,oui,barres-paralleles-25-p7-113,P7,,Kenmotsu grand tour arrière à l’ATR
Barres parallèles,valorisation,1 élément en appui avec rotation longitudinale 360°,elements,1,,oui,barres-paralleles-25-p7-113bis,P7,,Kenmotsu grand tour arrière à l’ATR avec 1/2 tour
Barres parallèles,valorisation,1 élément en appui avec rotation longitudinale 360°,elements,1,,oui,barres-paralleles-25-p7-118,P7,,Bascule allemande en tournant en arrière avec 1/2 tour à l’appui
Barres parallèles,valorisation,1 élément en appui avec rotation longitudinale 360°,elements,1,,oui,barres-paralleles-26-p5-161,P5,Sorties,Salto arrière carpé ou tendu avec 1/2 tour
Barres parallèles,valorisation,1 élément en appui avec rotation longitudinale 360°,elements,1,,oui,barres-paralleles-26-p5-31,P5,,Demi-tour avant à l’ATR
Barres parallèles,valorisation,1 élément en appui avec rotation longitudinale 360°,elements,1,,oui,barres-paralleles-27-p5-27,P5,,Elan en arrière avec demi-tour sauté à l’ATR tenue 2’’
Barres parallèles,valorisation,1 élément en appui avec rotation longitudinale 360°,elements,1,,oui,barres-paralleles-27-p7-164,P7,Sorties,Sortie Double salto avant groupé ou avec 1/2 tour
Barres parallèles,valorisation,1 élément en appui avec rotation longitudinale 360°,elements,1,,oui,barres-paralleles-28-pre-requis-9-new,PRÉ-REQUIS,,Sur porte-mains ATR 1/2 tour
Barres parallèles,valorisation,1 élément en appui avec rotation longitudinale 360°,elements,1,,oui,barres-paralleles-28-p3-154,P3,,ATR demi-tour (réception sur le côté des barres entre les poteaux)
Barres parallèles,valorisation,1 élément en appui avec rotation longitudinale 360°,elements,1,,oui,barres-paralleles-28-p4-128,P4,,De l’ATR demi-tour avant à l’ATR
Barres parallèles,valorisation,1 élément en appui avec rotation longitudinale 360°,elements,1,,oui,barres-paralleles-28-p5-130,P5,,De l’ATR demi-tour arrière à l’ATR
Barres parallèles,valorisation,1 élément en appui avec rotation longitudinale 360°,elements,1,,oui,barres-paralleles-28-p7-38,P7,,1 tour arrière ou avant en ATR sur une barre
Barres parallèles,valorisation,1 élément P6,elements,1,,,barres-paralleles-24-p6-66,P6,,Établissement avant et Kato
Barres parallèles,valorisation,1 élément P6,elements,1,,,barres-paralleles-24-p6-71bis,P6,,Établissement arrière et passer les jambes écartées vers l’avant à l’appui
Barres parallèles,valorisation,1 élément P6,elements,1,,,barres-paralleles-25-p6-110,P6,,"Sur le côté, bascule d’élan par l’équerre serrée ou écartée à l’appui renversé"
Barres parallèles,valorisation,1 élément P6,elements,1,,,barres-paralleles-25-p6-116,P6,,Bascule d’élan et passer les jambes écartées en arrière à l’ATR
Barres parallèles,valorisation,1 élément P6,elements,1,,,barres-paralleles-25-p6-119,P6,,Etablissement en tournant en arrière à l’ATR
Barres parallèles,valorisation,1 élément P6,elements,1,,,barres-paralleles-25-p6-120,P6,,Tour d’appui arrière en passant les jambes écartées en avant à l’appui
Barres parallèles,valorisation,1 élément P6,elements,1,,,barres-paralleles-25-p6-167,P6,,Double salto arrière groupé en extrémité de barres
Barres parallèles,valorisation,1 élément P6,elements,1,,,barres-paralleles-26-p6-163,P6,Sorties,Salto avant carpé ou tendue avec 1/1 ou +
Barres parallèles,valorisation,1 élément P6,elements,1,,,barres-paralleles-26-p6-33,P6,,"De l’appui ou de l’appui fléchi, passer les jambes écartées en arrière à l’ATR"
Barres parallèles,valorisation,1 élément P6,elements,1,,,barres-paralleles-26-p6-34,P6,Sorties,Salto arrière à l’appui à l’ATR
Barres parallèles,valorisation,1 élément P6,elements,1,,,barres-paralleles-26-p6-37,P6,,Diamidov. Elan en avant 1/1 ou 5/4 sur un bras à l’ATR
Barres parallèles,valorisation,1 élément P6,elements,1,,,barres-paralleles-28-p6-42,P6,,Toutes formes de Healy à l’appui
Barres parallèles,valorisation,Au moins 4 éléments P5 (min.) dans l'enchainement,elements,4,,,barres-paralleles-24-p5-69,P5,,Établissement arrière à l’ATR
Barres parallèles,valorisation,Au moins 4 éléments P5 (min.) dans l'enchainement,elements,4,,,barres-paralleles-24-p5-71,P5,,Établissement arrière et passer les jambes écartées vers l’avant à l’appui
Barres parallèles,valorisation,Au moins 4 éléments P5 (min.) dans l'enchainement,elements,4,,,barres-paralleles-24-p6-66,P6,,Établissement avant et Kato
Barres parallèles,valorisation,Au moins 4 éléments P5 (min.) dans l'enchainement,elements,4,,,barres-paralleles-24-p6-71bis,P6,,Établissement arrière et passer les jambes écartées vers l’avant à l’appui
Barres parallèles,valorisation,Au moins 4 éléments P5 (min.) dans l'enchainement,elements,4,,,barres-paralleles-24-p7-76,P7,,Établissement arrière et salto avant à l’appui
Barres parallèles,valorisation,Au moins 4 éléments P5 (min.) dans l'enchainement,elements,4,,,barres-paralleles-25-p5-102,P5,,Bascule allemande (progression) à l’appui
Barres parallèles,valorisation,Au moins 4 éléments P5 (min.) dans l'enchainement,elements,4,,,barres-paralleles-25-p5-103,P5,,Moy groupé à l’appui
Barres parallèles,valorisation,Au moins 4 éléments P5 (min.) dans l'enchainement,elements,4,,,barres-paralleles-25-p5-104bis,P5,,Établissement arrière en tournant en arrière à l’appui
Barres parallèles,valorisation,Au moins 4 éléments P5 (min.) dans l'enchainement,elements,4,,,barres-paralleles-25-p5-109,P5,,Moy carpé à l’appui
Barres parallèles,valorisation,Au moins 4 éléments P5 (min.) dans l'enchainement,elements,4,,,barres-paralleles-25-p5-162,P5,,salto arrière tendu avec 1/1 vrille en bout de barre
Barres parallèles,valorisation,Au moins 4 éléments P5 (min.) dans l'enchainement,elements,4,,,barres-paralleles-25-p6-110,P6,,"Sur le côté, bascule d’élan par l’équerre serrée ou écartée à l’appui renversé"
Barres parallèles,valorisation,Au moins 4 éléments P5 (min.) dans l'enchainement,elements,4,,,barres-paralleles-25-p6-116,P6,,Bascule d’élan et passer les jambes écartées en arrière à l’ATR
Barres parallèles,valorisation,Au moins 4 éléments P5 (min.) dans l'enchainement,elements,4,,,barres-paralleles-25-p6-119,P6,,Etablissement en tournant en arrière à l’ATR
Barres parallèles,valorisation,Au moins 4 éléments P5 (min.) dans l'enchainement,elements,4,,,barres-paralleles-25-p6-120,P6,,Tour d’appui arrière en passant les jambes écartées en avant à l’appui
Barres parallèles,valorisation,Au moins 4 éléments P5 (min.) dans l'enchainement,elements,4,,,barres-paralleles-25-p6-167,P6,,Double salto arrière groupé en extrémité de barres
Barres parallèles,valorisation,Au moins 4 éléments P5 (min.) dans l'enchainement,elements,4,,,barres-paralleles-25-p7-113,P7,,Kenmotsu grand tour arrière à l’ATR
Barres parallèles,valorisation,Au moins 4 éléments P5 (min.) dans l'enchainement,elements,4,,,barres-paralleles-25-p7-113bis,P7,,Kenmotsu grand tour arrière à l’ATR avec 1/2 tour
Barres parallèles,valorisation,Au moins 4 éléments P5 (min.) dans l'enchainement,elements,4,,,barres-paralleles-25-p7-118,P7,,Bascule allemande en tournant en arrière avec 1/2 tour à l’appui
Barres parallèles,valorisation,Au moins 4 éléments P5 (min.) dans l'enchainement,elements,4,,,barres-paralleles-26-p5-161,P5,Sorties,Salto arrière carpé ou tendu avec 1/2 tour
Barres parallèles,valorisation,Au moins 4 éléments P5 (min.) dans l'enchainement,elements,4,,,barres-paralleles-26-p5-24bis,P5,Sorties,Salto arrière à l’appui
Barres parallèles,valorisation,Au moins 4 éléments P5 (min.) dans l'enchainement,elements,4,,,barres-paralleles-26-p5-31,P5,,Demi-tour avant à l’ATR
Barres parallèles,valorisation,Au moins 4 éléments P5 (min.) dans l'enchainement,elements,4,,,barres-paralleles-26-p6-163,P6,Sorties,Salto avant carpé ou tendue avec 1/1 ou +
Barres parallèles,valorisation,Au moins 4 éléments P5 (min.) dans l'enchainement,elements,4,,,barres-paralleles-26-p6-33,P6,,"De l’appui ou de l’appui fléchi, passer les jambes écartées en arrière à l’ATR"
Barres parallèles,valorisation,Au moins 4 éléments P5 (min.) dans l'enchainement,elements,4,,,barres-paralleles-26-p6-34,P6,Sorties,Salto arrière à l’appui à l’ATR
Barres parallèles,valorisation,Au moins 4 éléments P5 (min.) dans l'enchainement,elements,4,,,barres-paralleles-26-p6-37,P6,,Diamidov. Elan en avant 1/1 ou 5/4 sur un bras à l’ATR
Barres parallèles,valorisation,Au moins 4 éléments P5 (min.) dans l'enchainement,elements,4,,,barres-paralleles-26-p7-166,P7,Sorties,Double salto arrière groupé ou carpé
Barres parallèles,valorisation,Au moins 4 éléments P5 (min.) dans l'enchainement,elements,4,,,barres-paralleles-27-p5-165,P5,Sorties,Sortie Salto avant carpé ou tendu avec 1/1 ou +
Barres parallèles,valorisation,Au moins 4 éléments P5 (min.) dans l'enchainement,elements,4,,,barres-paralleles-27-p5-27,P5,,Elan en arrière avec demi-tour sauté à l’ATR tenue 2’’
Barres parallèles,valorisation,Au moins 4 éléments P5 (min.) dans l'enchainement,elements,4,,,barres-paralleles-27-p5-40,P5,,Salto avant à l’appui bras tendus
Barres parallèles,valorisation,Au moins 4 éléments P5 (min.) dans l'enchainement,elements,4,,,barres-paralleles-27-p7-164,P7,Sorties,Sortie Double salto avant groupé ou avec 1/2 tour
Barres parallèles,valorisation,Au moins 4 éléments P5 (min.) dans l'enchainement,elements,4,,,barres-paralleles-27-p7-32,P7,,Double salto avant groupé ou carpé à l’appui brachial
Barres parallèles,valorisation,Au moins 4 éléments P5 (min.) dans l'enchainement,elements,4,,,barres-paralleles-28-p5-130,P5,,De l’ATR demi-tour arrière à l’ATR
Barres parallèles,valorisation,Au moins 4 éléments P5 (min.) dans l'enchainement,elements,4,,,barres-paralleles-28-p5-133,P5,,Planche faciale jambes écartées tenue 2“
Barres parallèles,valorisation,Au moins 4 éléments P5 (min.) dans l'enchainement,elements,4,,,barres-paralleles-28-p5-136,P5,,Équerre jambes à la verticale tenue 2“
Barres parallèles,valorisation,Au moins 4 éléments P5 (min.) dans l'enchainement,elements,4,,,barres-paralleles-28-p5-138,P5,,Monter en force à l’ATR tenu 2“ bras tendus jambes tendues ou bras fléchis corps tendu
Barres parallèles,valorisation,Au moins 4 éléments P5 (min.) dans l'enchainement,elements,4,,,barres-paralleles-28-p5-26,P5,,Healy à l’appui brachial
Barres parallèles,valorisation,Au moins 4 éléments P5 (min.) dans l'enchainement,elements,4,,,barres-paralleles-28-p6-42,P6,,Toutes formes de Healy à l’appui
Barres parallèles,valorisation,Au moins 4 éléments P5 (min.) dans l'enchainement,elements,4,,,barres-paralleles-28-p7-140,P7,,Equerre jambes levées à l’horizontal tenue 2“
Barres parallèles,valorisation,Au moins 4 éléments P5 (min.) dans l'enchainement,elements,4,,,barres-paralleles-28-p7-141,P7,,De la planche faciale jambes serrées tenue 2“ remonter à l’ATR
Barres parallèles,valorisation,Au moins 4 éléments P5 (min.) dans l'enchainement,elements,4,,,barres-paralleles-28-p7-38,P7,,1 tour arrière ou avant en ATR sur une barre
Barres parallèles,valorisation,1 sortie P5 (min.),elements,1,,,barres-paralleles-26-p5-161,P5,Sorties,Salto arrière carpé ou tendu avec 1/2 tour
Barres parallèles,valorisation,1 sortie P5 (min.),elements,1,,,barres-paralleles-26-p5-24bis,P5,Sorties,Salto arrière à l’appui
Barres parallèles,valorisation,1 sortie P5 (min.),elements,1,,,barres-paralleles-26-p6-163,P6,Sorties,Salto avant carpé ou tendue avec 1/1 ou +
Barres parallèles,valorisation,1 sortie P5 (min.),elements,1,,,barres-paralleles-26-p6-34,P6,Sorties,Salto arrière à l’appui à l’ATR
Barres parallèles,valorisation,1 sortie P5 (min.),elements,1,,,barres-paralleles-26-p7-166,P7,Sorties,Double salto arrière groupé ou carpé
Barres parallèles,valorisation,1 sortie P5 (min.),elements,1,,,barres-paralleles-27-p5-165,P5,Sorties,Sortie Salto avant carpé ou tendu avec 1/1 ou +
Barres parallèles,valorisation,1 sortie P5 (min.),elements,1,,,barres-paralleles-27-p7-164,P7,Sorties,Sortie Double salto avant groupé ou avec 1/2 tour
Barres parallèles,exigence,Passage à l’ATR avec rotation longitudinale,elements,1,,oui,barres-paralleles-24-p5-69,P5,,Établissement arrière à l’ATR
Barres parallèles,exigence,Passage à l’ATR avec rotation longitudinale,elements,1,,oui,barres-paralleles-25-p6-116,P6,,Bascule d’élan et passer les jambes écartées en arrière à l’ATR
Barres parallèles,exigence,Passage à l’ATR avec rotation longitudinale,elements,1,,oui,barres-paralleles-25-p6-119,P6,,Etablissement en tournant en arrière à l’ATR
Barres parallèles,exigence,Passage à l’ATR avec rotation longitudinale,elements,1,,oui,barres-paralleles-25-p7-113,P7,,Kenmotsu grand tour arrière à l’ATR
Barres parallèles,exigence,Passage à l’ATR avec rotation longitudinale,elements,1,,oui,barres-paralleles-25-p7-113bis,P7,,Kenmotsu grand tour arrière à l’ATR avec 1/2 tour
Barres parallèles,exigence,Passage à l’ATR avec rotation longitudinale,elements,1,,oui,barres-paralleles-26-p5-31,P5,,Demi-tour avant à l’ATR
Barres parallèles,exigence,Passage à l’ATR avec rotation longitudinale,elements,1,,oui,barres-paralleles-26-p6-33,P6,,"De l’appui ou de l’appui fléchi, passer les jambes écartées en arrière à l’ATR"
Barres parallèles,exigence,Passage à l’ATR avec rotation longitudinale,elements,1,,oui,barres-paralleles-26-p6-34,P6,Sorties,Salto arrière à l’appui à l’ATR
Barres parallèles,exigence,Passage à l’ATR avec rotation longitudinale,elements,1,,oui,barres-paralleles-26-p6-37,P6,,Diamidov. Elan en avant 1/1 ou 5/4 sur un bras à l’ATR
Barres parallèles,exigence,Passage à l’ATR avec rotation longitudinale,elements,1,,oui,barres-paralleles-27-p2-149,P2,,Sortie arrière corps tendu en passant par l’ATR
Barres parallèles,exigence,Passage à l’ATR avec rotation longitudinale,elements,1,,oui,barres-paralleles-27-p3-19,P3,,Élan à l’ATR tenu 2’’
Barres parallèles,exigence,Passage à l’ATR avec rotation longitudinale,elements,1,,oui,barres-paralleles-27-p3-21,P3,,Elan arrière à l’ATR tenu 2“ par l’appui fléchi (épaules
Barres parallèles,exigence,Passage à l’ATR avec rotation longitudinale,elements,1,,oui,barres-paralleles-27-p4-27bis,P4,,Elan en arrière à l’ATR tenue 2’’
Barres parallèles,exigence,Passage à l’ATR avec rotation longitudinale,elements,1,,oui,barres-paralleles-27-p5-27,P5,,Elan en arrière avec demi-tour sauté à l’ATR tenue 2’’
Barres parallèles,exigence,Passage à l’ATR avec rotation longitudinale,elements,1,,oui,barres-paralleles-28-pre-requis-6-new,PRÉ-REQUIS,,Sur porte-mains ATR tenu 2“
Barres parallèles,exigence,Passage à l’ATR avec rotation longitudinale,elements,1,,oui,barres-paralleles-28-pre-requis-9-new,PRÉ-REQUIS,,Sur porte-mains ATR 1/2 tour
Barres parallèles,exigence,Passage à l’ATR avec rotation longitudinale,elements,1,,oui,barres-paralleles-28-p3-154,P3,,ATR demi-tour (réception sur le côté des barres entre les poteaux)
Barres parallèles,exigence,Passage à l’ATR avec rotation longitudinale,elements,1,,oui,barres-paralleles-28-p3-32-new,P3,,ATR tenu 2“
Barres parallèles,exigence,Passage à l’ATR avec rotation longitudinale,elements,1,,oui,barres-paralleles-28-p4-128,P4,,De l’ATR demi-tour avant à l’ATR
Barres parallèles,exigence,Passage à l’ATR avec rotation longitudinale,elements,1,,oui,barres-paralleles-28-p4-138,P4,,Monter en force à l’ATR tenu 2“ bras tendus jambes tendues ou bras fléchis corps tendu
Barres parallèles,exigence,Passage à l’ATR avec rotation longitudinale,elements,1,,oui,barres-paralleles-28-p4-42-new,P4,,ATR sur barre
Barres parallèles,exigence,Passage à l’ATR avec rotation longitudinale,elements,1,,oui,barres-paralleles-28-p5-130,P5,,De l’ATR demi-tour arrière à l’ATR
Barres parallèles,exigence,Passage à l’ATR avec rotation longitudinale,elements,1,,oui,barres-paralleles-28-p5-138,P5,,Monter en force à l’ATR tenu 2“ bras tendus jambes tendues ou bras fléchis corps tendu
Barres parallèles,exigence,Passage à l’ATR avec rotation longitudinale,elements,1,,oui,barres-paralleles-28-p7-141,P7,,De la planche faciale jambes serrées tenue 2“ remonter à l’ATR
Barres parallèles,exigence,Passage à l’ATR avec rotation longitudinale,elements,1,,oui,barres-paralleles-28-p7-38,P7,,1 tour arrière ou avant en ATR sur une barre
Barres parallèles,exigence,1 élément P7,elements,1,,,barres-paralleles-24-p7-76,P7,,Établissement arrière et salto avant à l’appui
Barres parallèles,exigence,1 élément P7,elements,1,,,barres-paralleles-25-p7-113,P7,,Kenmotsu grand tour arrière à l’ATR
Barres parallèles,exigence,1 élément P7,elements,1,,,barres-paralleles-25-p7-113bis,P7,,Kenmotsu grand tour arrière à l’ATR avec 1/2 tour
Barres parallèles,exigence,1 élément P7,elements,1,,,barres-paralleles-25-p7-118,P7,,Bascule allemande en tournant en arrière avec 1/2 tour à l’appui
Barres parallèles,exigence,1 élément P7,elements,1,,,barres-paralleles-26-p7-166,P7,Sorties,Double salto arrière groupé ou carpé
Barres parallèles,exigence,1 élément P7,elements,1,,,barres-paralleles-27-p7-164,P7,Sorties,Sortie Double salto avant groupé ou avec 1/2 tour
Barres parallèles,exigence,1 élément P7,elements,1,,,barres-paralleles-27-p7-32,P7,,Double salto avant groupé ou carpé à l’appui brachial
Barres parallèles,exigence,1 élément P7,elements,1,,,barres-paralleles-28-p7-140,P7,,Equerre jambes levées à l’horizontal tenue 2“
Barres parallèles,exigence,1 élément P7,elements,1,,,barres-paralleles-28-p7-141,P7,,De la planche faciale jambes serrées tenue 2“ remonter à l’ATR
Barres parallèles,exigence,1 élément P7,elements,1,,,barres-paralleles-28-p7-38,P7,,1 tour arrière ou avant en ATR sur une barre
Barres parallèles,valorisation,1 élan en suspension P6 (min.),elements,1,,,barres-paralleles-25-p6-110,P6,,"Sur le côté, bascule d’élan par l’équerre serrée ou écartée à l’appui renversé"
Barres parallèles,valorisation,1 élan en suspension P6 (min.),elements,1,,,barres-paralleles-25-p6-116,P6,,Bascule d’élan et passer les jambes écartées en arrière à l’ATR
Barres parallèles,valorisation,1 élan en suspension P6 (min.),elements,1,,,barres-paralleles-25-p6-119,P6,,Etablissement en tournant en arrière à l’ATR
Barres parallèles,valorisation,1 élan en suspension P6 (min.),elements,1,,,barres-paralleles-25-p6-120,P6,,Tour d’appui arrière en passant les jambes écartées en avant à l’appui
Barres parallèles,valorisation,1 élan en suspension P6 (min.),elements,1,,,barres-paralleles-25-p6-167,P6,,Double salto arrière groupé en extrémité de barres
Barres parallèles,valorisation,1 élan en suspension P6 (min.),elements,1,,,barres-paralleles-25-p7-113,P7,,Kenmotsu grand tour arrière à l’ATR
Barres parallèles,valorisation,1 élan en suspension P6 (min.),elements,1,,,barres-paralleles-25-p7-113bis,P7,,Kenmotsu grand tour arrière à l’ATR avec 1/2 tour
Barres parallèles,valorisation,1 élan en suspension P6 (min.),elements,1,,,barres-paralleles-25-p7-118,P7,,Bascule allemande en tournant en arrière avec 1/2 tour à l’appui
Barres parallèles,valorisation,1 élément avant ou arrière en P6 (min.),elements,1,,,barres-paralleles-26-p6-163,P6,Sorties,Salto avant carpé ou tendue avec 1/1 ou +
Barres parallèles,valorisation,1 élément avant ou arrière en P6 (min.),elements,1,,,barres-paralleles-26-p6-33,P6,,"De l’appui ou de l’appui fléchi, passer les jambes écartées en arrière à l’ATR"
Barres parallèles,valorisation,1 élément avant ou arrière en P6 (min.),elements,1,,,barres-paralleles-26-p6-34,P6,Sorties,Salto arrière à l’appui à l’ATR
Barres parallèles,valorisation,1 élément avant ou arrière en P6 (min.),elements,1,,,barres-paralleles-26-p6-37,P6,,Diamidov. Elan en avant 1/1 ou 5/4 sur un bras à l’ATR
Barres parallèles,valorisation,1 élément avant ou arrière en P6 (min.),elements,1,,,barres-paralleles-26-p7-166,P7,Sorties,Double salto arrière groupé ou carpé
Barres parallèles,valorisation,1 élément avant ou arrière en P6 (min.),elements,1,,,barres-paralleles-27-p7-164,P7,Sorties,Sortie Double salto avant groupé ou avec 1/2 tour
Barres parallèles,valorisation,1 élément avant ou arrière en P6 (min.),elements,1,,,barres-paralleles-27-p7-32,P7,,Double salto avant groupé ou carpé à l’appui brachial
Barres parallèles,valorisation,1 élément P7,elements,1,,,barres-paralleles-24-p7-76,P7,,Établissement arrière et salto avant à l’appui
Barres parallèles,valorisation,1 élément P7,elements,1,,,barres-paralleles-25-p7-113,P7,,Kenmotsu grand tour arrière à l’ATR
Barres parallèles,valorisation,1 élément P7,elements,1,,,barres-paralleles-25-p7-113bis,P7,,Kenmotsu grand tour arrière à l’ATR avec 1/2 tour
Barres parallèles,valorisation,1 élément P7,elements,1,,,barres-paralleles-25-p7-118,P7,,Bascule allemande en tournant en arrière avec 1/2 tour à l’appui
Barres parallèles,valorisation,1 élément P7,elements,1,,,barres-paralleles-26-p7-166,P7,Sorties,Double salto arrière groupé ou carpé
Barres parallèles,valorisation,1 élément P7,elements,1,,,barres-paralleles-27-p7-164,P7,Sorties,Sortie Double salto avant groupé ou avec 1/2 tour
Barres parallèles,valorisation,1 élément P7,elements,1,,,barres-paralleles-27-p7-32,P7,,Double salto avant groupé ou carpé à l’appui brachial
Barres parallèles,valorisation,1 élément P7,elements,1,,,barres-paralleles-28-p7-140,P7,,Equerre jambes levées à l’horizontal tenue 2“
Barres parallèles,valorisation,1 élément P7,elements,1,,,barres-paralleles-28-p7-141,P7,,De la planche faciale jambes serrées tenue 2“ remonter à l’ATR
Barres parallèles,valorisation,1 élément P7,elements,1,,,barres-paralleles-28-p7-38,P7,,1 tour arrière ou avant en ATR sur une barre
Barres parallèles,valorisation,Au moins 6 éléments P5 (min.) dans l’enchainement,elements,6,,,barres-paralleles-24-p5-69,P5,,Établissement arrière à l’ATR
Barres parallèles,valorisation,Au moins 6 éléments P5 (min.) dans l’enchainement,elements,6,,,barres-paralleles-24-p5-71,P5,,Établissement arrière et passer les jambes écartées vers l’avant à l’appui
Barres parallèles,valorisation,Au moins 6 éléments P5 (min.) dans l’enchainement,elements,6,,,barres-paralleles-24-p6-66,P6,,Établissement avant et Kato
Barres parallèles,valorisation,Au moins 6 éléments P5 (min.) dans l’enchainement,elements,6,,,barres-paralleles-24-p6-71bis,P6,,Établissement arrière et passer les jambes écartées vers l’avant à l’appui
Barres parallèles,valorisation,Au moins 6 éléments P5 (min.) dans l’enchainement,elements,6,,,barres-paralleles-24-p7-76,P7,,Établissement arrière et salto avant à l’appui
Barres parallèles,valorisation,Au moins 6 éléments P5 (min.) dans l’enchainement,elements,6,,,barres-paralleles-25-p5-102,P5,,Bascule allemande (progression) à l’appui
Barres parallèles,valorisation,Au moins 6 éléments P5 (min.) dans l’enchainement,elements,6,,,barres-paralleles-25-p5-103,P5,,Moy groupé à l’appui
Barres parallèles,valorisation,Au moins 6 éléments P5 (min.) dans l’enchainement,elements,6,,,barres-paralleles-25-p5-104bis,P5,,Établissement arrière en tournant en arrière à l’appui
Barres parallèles,valorisation,Au moins 6 éléments P5 (min.) dans l’enchainement,elements,6,,,barres-paralleles-25-p5-109,P5,,Moy carpé à l’appui
Barres parallèles,valorisation,Au moins 6 éléments P5 (min.) dans l’enchainement,elements,6,,,barres-paralleles-25-p5-162,P5,,salto arrière tendu avec 1/1 vrille en bout de barre
Barres parallèles,valorisation,Au moins 6 éléments P5 (min.) dans l’enchainement,elements,6,,,barres-paralleles-25-p6-110,P6,,"Sur le côté, bascule d’élan par l’équerre serrée ou écartée à l’appui renversé"
Barres parallèles,valorisation,Au moins 6 éléments P5 (min.) dans l’enchainement,elements,6,,,barres-paralleles-25-p6-116,P6,,Bascule d’élan et passer les jambes écartées en arrière à l’ATR
Barres parallèles,valorisation,Au moins 6 éléments P5 (min.) dans l’enchainement,elements,6,,,barres-paralleles-25-p6-119,P6,,Etablissement en tournant en arrière à l’ATR
Barres parallèles,valorisation,Au moins 6 éléments P5 (min.) dans l’enchainement,elements,6,,,barres-paralleles-25-p6-120,P6,,Tour d’appui arrière en passant les jambes écartées en avant à l’appui
Barres parallèles,valorisation,Au moins 6 éléments P5 (min.) dans l’enchainement,elements,6,,,barres-paralleles-25-p6-167,P6,,Double salto arrière groupé en extrémité de barres
Barres parallèles,valorisation,Au moins 6 éléments P5 (min.) dans l’enchainement,elements,6,,,barres-paralleles-25-p7-113,P7,,Kenmotsu grand tour arrière à l’ATR
Barres parallèles,valorisation,Au moins 6 éléments P5 (min.) dans l’enchainement,elements,6,,,barres-paralleles-25-p7-113bis,P7,,Kenmotsu grand tour arrière à l’ATR avec 1/2 tour
Barres parallèles,valorisation,Au moins 6 éléments P5 (min.) dans l’enchainement,elements,6,,,barres-paralleles-25-p7-118,P7,,Bascule allemande en tournant en arrière avec 1/2 tour à l’appui
Barres parallèles,valorisation,Au moins 6 éléments P5 (min.) dans l’enchainement,elements,6,,,barres-paralleles-26-p5-161,P5,Sorties,Salto arrière carpé ou tendu avec 1/2 tour
Barres parallèles,valorisation,Au moins 6 éléments P5 (min.) dans l’enchainement,elements,6,,,barres-paralleles-26-p5-24bis,P5,Sorties,Salto arrière à l’appui
Barres parallèles,valorisation,Au moins 6 éléments P5 (min.) dans l’enchainement,elements,6,,,barres-paralleles-26-p5-31,P5,,Demi-tour avant à l’ATR
Barres parallèles,valorisation,Au moins 6 éléments P5 (min.) dans l’enchainement,elements,6,,,barres-paralleles-26-p6-163,P6,Sorties,Salto avant carpé ou tendue avec 1/1 ou +
Barres parallèles,valorisation,Au moins 6 éléments P5 (min.) dans l’enchainement,elements,6,,,barres-paralleles-26-p6-33,P6,,"De l’appui ou de l’appui fléchi, passer les jambes écartées en arrière à l’ATR"
Barres parallèles,valorisation,Au moins 6 éléments P5 (min.) dans l’enchainement,elements,6,,,barres-paralleles-26-p6-34,P6,Sorties,Salto arrière à l’appui à l’ATR
Barres parallèles,valorisation,Au moins 6 éléments P5 (min.) dans l’enchainement,elements,6,,,barres-paralleles-26-p6-37,P6,,Diamidov. Elan en avant 1/1 ou 5/4 sur un bras à l’ATR
Barres parallèles,valorisation,Au moins 6 éléments P5 (min.) dans l’enchainement,elements,6,,,barres-paralleles-26-p7-166,P7,Sorties,Double salto arrière groupé ou carpé
Barres parallèles,valorisation,Au moins 6 éléments P5 (min.) dans l’enchainement,elements,6,,,barres-paralleles-27-p5-165,P5,Sorties,Sortie Salto avant carpé ou tendu avec 1/1 ou +
Barres parallèles,valorisation,Au moins 6 éléments P5 (min.) dans l’enchainement,elements,6,,,barres-paralleles-27-p5-27,P5,,Elan en arrière avec demi-tour sauté à l’ATR tenue 2’’
Barres parallèles,valorisation,Au moins 6 éléments P5 (min.) dans l’enchainement,elements,6,,,barres-paralleles-27-p5-40,P5,,Salto avant à l’appui bras tendus
Barres parallèles,valorisation,Au moins 6 éléments P5 (min.) dans l’enchainement,elements,6,,,barres-paralleles-27-p7-164,P7,Sorties,Sortie Double salto avant groupé ou avec 1/2 tour
Barres parallèles,valorisation,Au moins 6 éléments P5 (min.) dans l’enchainement,elements,6,,,barres-paralleles-27-p7-32,P7,,Double salto avant groupé ou carpé à l’appui brachial
Barres parallèles,valorisation,Au moins 6 éléments P5 (min.) dans l’enchainement,elements,6,,,barres-paralleles-28-p5-130,P5,,De l’ATR demi-tour arrière à l’ATR
Barres parallèles,valorisation,Au moins 6 éléments P5 (min.) dans l’enchainement,elements,6,,,barres-paralleles-28-p5-133,P5,,Planche faciale jambes écartées tenue 2“
Barres parallèles,valorisation,Au moins 6 éléments P5 (min.) dans l’enchainement,elements,6,,,barres-paralleles-28-p5-136,P5,,Équerre jambes à la verticale tenue 2“
Barres parallèles,valorisation,Au moins 6 éléments P5 (min.) dans l’enchainement,elements,6,,,barres-paralleles-28-p5-138,P5,,Monter en force à l’ATR tenu 2“ bras tendus jambes tendues ou bras fléchis corps tendu
Barres parallèles,valorisation,Au moins 6 éléments P5 (min.) dans l’enchainement,elements,6,,,barres-paralleles-28-p5-26,P5,,Healy à l’appui brachial
Barres parallèles,valorisation,Au moins 6 éléments P5 (min.) dans l’enchainement,elements,6,,,barres-paralleles-28-p6-42,P6,,Toutes formes de Healy à l’appui
Barres parallèles,valorisation,Au moins 6 éléments P5 (min.) dans l’enchainement,elements,6,,,barres-paralleles-28-p7-140,P7,,Equerre jambes levées à l’horizontal tenue 2“
Barres parallèles,valorisation,Au moins 6 éléments P5 (min.) dans l’enchainement,elements,6,,,barres-paralleles-28-p7-141,P7,,De la planche faciale jambes serrées tenue 2“ remonter à l’ATR
Barres parallèles,valorisation,Au moins 6 éléments P5 (min.) dans l’enchainement,elements,6,,,barres-paralleles-28-p7-38,P7,,1 tour arrière ou avant en ATR sur une barre
Barres parallèles,valorisation,1 sortie P6 (min.),elements,1,,,barres-paralleles-26-p6-163,P6,Sorties,Salto avant carpé ou tendue avec 1/1 ou +
Barres parallèles,valorisation,1 sortie P6 (min.),elements,1,,,barres-paralleles-26-p6-34,P6,Sorties,Salto arrière à l’appui à l’ATR
Barres parallèles,valorisation,1 sortie P6 (min.),elements,1,,,barres-paralleles-26-p7-166,P7,Sorties,Double salto arrière groupé ou carpé
Barres parallèles,valorisation,1 sortie P6 (min.),elements,1,,,barres-paralleles-27-p7-164,P7,Sorties,Sortie Double salto avant groupé ou avec 1/2 tour
Barre fixe,exigence,Enchainer 5 balancés complets,elements,5,,oui,barre-fixe-24-pre-requis-1-new,PRÉ-REQUIS,,Courbe avant
Barre fixe,exigence,Enchainer 5 balancés complets,elements,5,,oui,barre-fixe-24-p1-11,P1,,"Balancé de l’arrière vers l’avant, bassin et épaules à 45° au-dessus de la barre"
Barre fixe,exigence,Enchainer 5 balancés complets,elements,5,,oui,barre-fixe-24-p2-140,P2,,"Depuis un soleil, sortie par repoussé arrière depuis l’ATR (règle d’angles)"
Barre fixe,exigence,Enchainer 5 balancés complets,elements,5,,oui,barre-fixe-24-p2-67,P2,,Balancé avant et demi-tour (épaules et bassin au-dessus de la barre)
Barre fixe,exigence,Enchainer 5 balancés complets,elements,5,,oui,barre-fixe-24-p2-8,P2,,Traction et renversement arrière pour s’établir à l’appui facial
Barre fixe,exigence,Enchainer 5 balancés complets,elements,5,,oui,barre-fixe-24-p3-139,P3,,Salto arrière corps tendu
Barre fixe,exigence,Enchainer 5 balancés complets,elements,5,,oui,barre-fixe-24-p3-2-new,P3,,Balancé avec 1/2 tour à l’ATR
Barre fixe,exigence,Enchainer 5 balancés complets,elements,5,,oui,barre-fixe-24-p3-21,P3,,Grand tour arrière (soleil) 360°
Barre fixe,exigence,Enchainer 5 balancés complets,elements,5,,oui,barre-fixe-24-p4-142,P4,,Salto arrière carpé ou tendu avec 1/2 ou 1/1 tour
Barre fixe,exigence,Enchainer 5 balancés complets,elements,5,,oui,barre-fixe-24-p4-146,P4,,Sortie salto arrière tendu depuis un soleil
Barre fixe,exigence,Enchainer 5 balancés complets,elements,5,,oui,barre-fixe-24-p4-71,P4,,Grand tour arrière à l’ATR avec 1/2 tour
Barre fixe,exigence,Enchainer 5 balancés complets,elements,5,,oui,barre-fixe-24-p5-148,P5,,Salto arrière carpé ou tendu avec 3/2 ou 2/1 tours
Barre fixe,exigence,Enchainer 5 balancés complets,elements,5,,oui,barre-fixe-24-p5-149,P5,,Double salto arrière groupé ou carpé
Barre fixe,exigence,Enchainer 5 balancés complets,elements,5,,oui,barre-fixe-24-p5-28,P5,,Grand tour arrière avec 1/1 tour
Barre fixe,exigence,Enchainer 5 balancés complets,elements,5,,oui,barre-fixe-24-p5-3-new,P5,,Balancé ATR changement prise lune
Barre fixe,exigence,Enchainer 5 balancés complets,elements,5,,oui,barre-fixe-24-p6-42,P6,,Grand tour arrière sauté ou sauté avec 1/2 tour
Barre fixe,exigence,Enchainer 5 balancés complets,elements,5,,oui,barre-fixe-24-p6-59,P6,,Gienger. Elancer en avant et salto arrière carpé ou tendu avec 1/2 tour à la suspension
Barre fixe,exigence,Enchainer 5 balancés complets,elements,5,,oui,barre-fixe-24-p7-154,P7,,Double salto arrière tendu
Barre fixe,exigence,Enchainer 5 balancés complets,elements,5,,oui,barre-fixe-24-p7-155,P7,,Double salto arrière avec 1/1 tour ou +
Barre fixe,exigence,Enchainer 5 balancés complets,elements,5,,oui,barre-fixe-24-p7-32,P7,,Grand tour arrière d’un bras
Barre fixe,exigence,Enchainer 5 balancés complets,elements,5,,oui,barre-fixe-24-p7-33,P7,,Grand tour arrière avec 3/2 tour ou + (sauté ou non)
Barre fixe,exigence,Enchainer 5 balancés complets,elements,5,,oui,barre-fixe-24-p7-51,P7,,Grand tour arrière sauté avec 1/1 tour ou plus
Barre fixe,exigence,Enchainer 5 balancés complets,elements,5,,oui,barre-fixe-24-p7-55,P7,,Tkatchev (sous toute forme)
Barre fixe,exigence,Enchainer 5 balancés complets,elements,5,,oui,barre-fixe-24-p7-60,P7,,Kovacs ou avec 1/2 tour ou avec 1/1 tour
Barre fixe,exigence,Enchainer 5 balancés complets,elements,5,,oui,barre-fixe-24-p7-83,P7,,Grand tour arrière avec 3/2 tours en prise cubitale
Barre fixe,exigence,Enchainer 5 balancés complets,elements,5,,oui,barre-fixe-25-pre-requis-4-new,PRÉ-REQUIS,,Courbe arrière
Barre fixe,exigence,Enchainer 5 balancés complets,elements,5,,oui,barre-fixe-25-p1-10,P1,,Balancé arrière
Barre fixe,exigence,Enchainer 5 balancés complets,elements,5,,oui,barre-fixe-25-p3-141,P3,,Salto avant carpé ou tendu
Barre fixe,exigence,Enchainer 5 balancés complets,elements,5,,oui,barre-fixe-25-p3-20,P3,,Grand tour avant (lune) 360°
Barre fixe,exigence,Enchainer 5 balancés complets,elements,5,,oui,barre-fixe-25-p3-70,P3,,Grand tour avant à l’ATR avec 1/2 tour
Barre fixe,exigence,Enchainer 5 balancés complets,elements,5,,oui,barre-fixe-25-p4-145,P4,,Salto avant carpé ou tendu avec 1/2 tour
Barre fixe,exigence,Enchainer 5 balancés complets,elements,5,,oui,barre-fixe-25-p4-45,P4,,Voronin. Etablissement arrière et sauté carpé avec 1/2 tour à la suspension
Barre fixe,exigence,Enchainer 5 balancés complets,elements,5,,oui,barre-fixe-25-p4-46,P4,,Etablissement arrière et sauté dorsal avec 1/4 tour à la suspension
Barre fixe,exigence,Enchainer 5 balancés complets,elements,5,,oui,barre-fixe-25-p5-152,P5,,Salto avant tendu avec 1/1 ou 3/2 tours
Barre fixe,exigence,Enchainer 5 balancés complets,elements,5,,oui,barre-fixe-25-p5-24,P5,,Etablissement arrière prise cubitale et sauté par l’appui renversé
Barre fixe,exigence,Enchainer 5 balancés complets,elements,5,,oui,barre-fixe-25-p5-40,P5,,Grand tour avant sauté ou sauté avec 1/2 tour
Barre fixe,exigence,Enchainer 5 balancés complets,elements,5,,oui,barre-fixe-25-p6-160,P6,,Double salto avant par dessus la barre aussi avec 1/2 tour
Barre fixe,exigence,Enchainer 5 balancés complets,elements,5,,oui,barre-fixe-25-p6-26,P6,,Grand tour avant avec 1/1 ou 3/2 tours
Barre fixe,exigence,Enchainer 5 balancés complets,elements,5,,oui,barre-fixe-25-p6-29,P6,,Grand tour avant en prise cubitale
Barre fixe,exigence,Enchainer 5 balancés complets,elements,5,,oui,barre-fixe-25-p6-58,P6,,Jager. Elancé en arrière et salto avant groupé carpé ou écart à la suspension
Barre fixe,exigence,Enchainer 5 balancés complets,elements,5,,oui,barre-fixe-25-p7-159,P7,,Double salto avant groupé ou carpé aussi avec 1/2 tour ou +
Barre fixe,exigence,Enchainer 5 balancés complets,elements,5,,oui,barre-fixe-25-p7-31,P7,,Grand tour avant d’un bras
Barre fixe,exigence,Enchainer 5 balancés complets,elements,5,,oui,barre-fixe-25-p7-34,P7,,Grand tour avant avec 1/1 tours à la prise cubitale
Barre fixe,exigence,1 élément PR,elements,1,,,barre-fixe-24-pre-requis-1-new,PRÉ-REQUIS,,Courbe avant
Barre fixe,exigence,1 élément PR,elements,1,,,barre-fixe-25-pre-requis-4-new,PRÉ-REQUIS,,Courbe arrière
Barre fixe,exigence,1 élément PR,elements,1,,,barre-fixe-26-pre-requis-5-new,PRÉ-REQUIS,,Appui dynamique
Barre fixe,exigence,1 élément PR,elements,1,,,barre-fixe-27-pre-requis-10-new,PRÉ-REQUIS,,Chandelle
Barre fixe,exigence,1 élément PR,elements,1,,,barre-fixe-27-pre-requis-11-new,PRÉ-REQUIS,,Fermeture jambes tendues
Barre fixe,exigence,1 élément PR,elements,1,,,barre-fixe-27-pre-requis-9-new,PRÉ-REQUIS,,Position stalder/endo
Barre fixe,valorisation,Réaliser les 2 courbes PR,elements,2,,,barre-fixe-24-pre-requis-1-new,PRÉ-REQUIS,,Courbe avant
Barre fixe,valorisation,Réaliser les 2 courbes PR,elements,2,,,barre-fixe-25-pre-requis-4-new,PRÉ-REQUIS,,Courbe arrière
Barre fixe,valorisation,1 balancé à l’oblique haute,elements,1,,oui,barre-fixe-24-pre-requis-1-new,PRÉ-REQUIS,,Courbe avant
Barre fixe,valorisation,1 balancé à l’oblique haute,elements,1,,oui,barre-fixe-24-p1-11,P1,,"Balancé de l’arrière vers l’avant, bassin et épaules à 45° au-dessus de la barre"
Barre fixe,valorisation,1 balancé à l’oblique haute,elements,1,,oui,barre-fixe-24-p2-140,P2,,"Depuis un soleil, sortie par repoussé arrière depuis l’ATR (règle d’angles)"
Barre fixe,valorisation,1 balancé à l’oblique haute,elements,1,,oui,barre-fixe-24-p2-67,P2,,Balancé avant et demi-tour (épaules et bassin au-dessus de la barre)
Barre fixe,valorisation,1 balancé à l’oblique haute,elements,1,,oui,barre-fixe-24-p2-8,P2,,Traction et renversement arrière pour s’établir à l’appui facial
Barre fixe,valorisation,1 balancé à l’oblique haute,elements,1,,oui,barre-fixe-24-p3-139,P3,,Salto arrière corps tendu
Barre fixe,valorisation,1 balancé à l’oblique haute,elements,1,,oui,barre-fixe-24-p3-2-new,P3,,Balancé avec 1/2 tour à l’ATR
Barre fixe,valorisation,1 balancé à l’oblique haute,elements,1,,oui,barre-fixe-24-p3-21,P3,,Grand tour arrière (soleil) 360°
Barre fixe,valorisation,1 balancé à l’oblique haute,elements,1,,oui,barre-fixe-24-p4-142,P4,,Salto arrière carpé ou tendu avec 1/2 ou 1/1 tour
Barre fixe,valorisation,1 balancé à l’oblique haute,elements,1,,oui,barre-fixe-24-p4-146,P4,,Sortie salto arrière tendu depuis un soleil
Barre fixe,valorisation,1 balancé à l’oblique haute,elements,1,,oui,barre-fixe-24-p4-71,P4,,Grand tour arrière à l’ATR avec 1/2 tour
Barre fixe,valorisation,1 balancé à l’oblique haute,elements,1,,oui,barre-fixe-24-p5-148,P5,,Salto arrière carpé ou tendu avec 3/2 ou 2/1 tours
Barre fixe,valorisation,1 balancé à l’oblique haute,elements,1,,oui,barre-fixe-24-p5-149,P5,,Double salto arrière groupé ou carpé
Barre fixe,valorisation,1 balancé à l’oblique haute,elements,1,,oui,barre-fixe-24-p5-28,P5,,Grand tour arrière avec 1/1 tour
Barre fixe,valorisation,1 balancé à l’oblique haute,elements,1,,oui,barre-fixe-24-p5-3-new,P5,,Balancé ATR changement prise lune
Barre fixe,valorisation,1 balancé à l’oblique haute,elements,1,,oui,barre-fixe-24-p6-42,P6,,Grand tour arrière sauté ou sauté avec 1/2 tour
Barre fixe,valorisation,1 balancé à l’oblique haute,elements,1,,oui,barre-fixe-24-p6-59,P6,,Gienger. Elancer en avant et salto arrière carpé ou tendu avec 1/2 tour à la suspension
Barre fixe,valorisation,1 balancé à l’oblique haute,elements,1,,oui,barre-fixe-24-p7-154,P7,,Double salto arrière tendu
Barre fixe,valorisation,1 balancé à l’oblique haute,elements,1,,oui,barre-fixe-24-p7-155,P7,,Double salto arrière avec 1/1 tour ou +
Barre fixe,valorisation,1 balancé à l’oblique haute,elements,1,,oui,barre-fixe-24-p7-32,P7,,Grand tour arrière d’un bras
Barre fixe,valorisation,1 balancé à l’oblique haute,elements,1,,oui,barre-fixe-24-p7-33,P7,,Grand tour arrière avec 3/2 tour ou + (sauté ou non)
Barre fixe,valorisation,1 balancé à l’oblique haute,elements,1,,oui,barre-fixe-24-p7-51,P7,,Grand tour arrière sauté avec 1/1 tour ou plus
Barre fixe,valorisation,1 balancé à l’oblique haute,elements,1,,oui,barre-fixe-24-p7-55,P7,,Tkatchev (sous toute forme)
Barre fixe,valorisation,1 balancé à l’oblique haute,elements,1,,oui,barre-fixe-24-p7-60,P7,,Kovacs ou avec 1/2 tour ou avec 1/1 tour
Barre fixe,valorisation,1 balancé à l’oblique haute,elements,1,,oui,barre-fixe-24-p7-83,P7,,Grand tour arrière avec 3/2 tours en prise cubitale
Barre fixe,valorisation,1 balancé à l’oblique haute,elements,1,,oui,barre-fixe-25-pre-requis-4-new,PRÉ-REQUIS,,Courbe arrière
Barre fixe,valorisation,1 balancé à l’oblique haute,elements,1,,oui,barre-fixe-25-p1-10,P1,,Balancé arrière
Barre fixe,valorisation,1 balancé à l’oblique haute,elements,1,,oui,barre-fixe-25-p3-141,P3,,Salto avant carpé ou tendu
Barre fixe,valorisation,1 balancé à l’oblique haute,elements,1,,oui,barre-fixe-25-p3-20,P3,,Grand tour avant (lune) 360°
Barre fixe,valorisation,1 balancé à l’oblique haute,elements,1,,oui,barre-fixe-25-p3-70,P3,,Grand tour avant à l’ATR avec 1/2 tour
Barre fixe,valorisation,1 balancé à l’oblique haute,elements,1,,oui,barre-fixe-25-p4-145,P4,,Salto avant carpé ou tendu avec 1/2 tour
Barre fixe,valorisation,1 balancé à l’oblique haute,elements,1,,oui,barre-fixe-25-p4-45,P4,,Voronin. Etablissement arrière et sauté carpé avec 1/2 tour à la suspension
Barre fixe,valorisation,1 balancé à l’oblique haute,elements,1,,oui,barre-fixe-25-p4-46,P4,,Etablissement arrière et sauté dorsal avec 1/4 tour à la suspension
Barre fixe,valorisation,1 balancé à l’oblique haute,elements,1,,oui,barre-fixe-25-p5-152,P5,,Salto avant tendu avec 1/1 ou 3/2 tours
Barre fixe,valorisation,1 balancé à l’oblique haute,elements,1,,oui,barre-fixe-25-p5-24,P5,,Etablissement arrière prise cubitale et sauté par l’appui renversé
Barre fixe,valorisation,1 balancé à l’oblique haute,elements,1,,oui,barre-fixe-25-p5-40,P5,,Grand tour avant sauté ou sauté avec 1/2 tour
Barre fixe,valorisation,1 balancé à l’oblique haute,elements,1,,oui,barre-fixe-25-p6-160,P6,,Double salto avant par dessus la barre aussi avec 1/2 tour
Barre fixe,valorisation,1 balancé à l’oblique haute,elements,1,,oui,barre-fixe-25-p6-26,P6,,Grand tour avant avec 1/1 ou 3/2 tours
Barre fixe,valorisation,1 balancé à l’oblique haute,elements,1,,oui,barre-fixe-25-p6-29,P6,,Grand tour avant en prise cubitale
Barre fixe,valorisation,1 balancé à l’oblique haute,elements,1,,oui,barre-fixe-25-p6-58,P6,,Jager. Elancé en arrière et salto avant groupé carpé ou écart à la suspension
Barre fixe,valorisation,1 balancé à l’oblique haute,elements,1,,oui,barre-fixe-25-p7-159,P7,,Double salto avant groupé ou carpé aussi avec 1/2 tour ou +
Barre fixe,valorisation,1 balancé à l’oblique haute,elements,1,,oui,barre-fixe-25-p7-31,P7,,Grand tour avant d’un bras
Barre fixe,valorisation,1 balancé à l’oblique haute,elements,1,,oui,barre-fixe-25-p7-34,P7,,Grand tour avant avec 1/1 tours à la prise cubitale
Barre fixe,valorisation,1 rotation,elements,1,,,barre-fixe-27-pre-requis-10-new,PRÉ-REQUIS,,Chandelle
Barre fixe,valorisation,1 rotation,elements,1,,,barre-fixe-27-pre-requis-11-new,PRÉ-REQUIS,,Fermeture jambes tendues
Barre fixe,valorisation,1 rotation,elements,1,,,barre-fixe-27-pre-requis-9-new,PRÉ-REQUIS,,Position stalder/endo
Barre fixe,valorisation,1 rotation,elements,1,,,barre-fixe-27-p1-103,P1,,Tour d’appui arrière corps tendu
Barre fixe,valorisation,1 rotation,elements,1,,,barre-fixe-27-p2-105,P2,,De l’appui renversement arrière corps tendu bassin près de la barre puis filer au-dessus de l’horizontale à la suspension
Barre fixe,valorisation,1 rotation,elements,1,,,barre-fixe-27-p2-7-new,P2,,Balancé avant fermeture et oscillation pieds sur barre
Barre fixe,valorisation,1 rotation,elements,1,,,barre-fixe-27-p3-109,P3,,"Pied main arrière, jambes écartées et tendues à l’ATR"
Barre fixe,valorisation,1 rotation,elements,1,,,barre-fixe-27-p3-110,P3,,Tour arrière libre bras aux oreilles au moins à l’horizontale
Barre fixe,valorisation,1 rotation,elements,1,,,barre-fixe-27-p3-113,P3,,"Pied main avant, jambes serrées ou écartées et tendues à l’ATR"
Barre fixe,valorisation,1 rotation,elements,1,,,barre-fixe-27-p3-8-new,P3,,Balancé avant oscillation endo/stalder et dégagé
Barre fixe,valorisation,1 rotation,elements,1,,,barre-fixe-27-p4-112,P4,,"Pied main arrière, jambes serrées et tendues à l’ATR"
Barre fixe,valorisation,1 rotation,elements,1,,,barre-fixe-27-p4-116,P4,,Passement filé à l’ATR (sauté ou non)
Barre fixe,valorisation,1 rotation,elements,1,,,barre-fixe-27-p4-143,P4,,Sortie pied main salto ou filée salto avant groupé
Barre fixe,valorisation,1 rotation,elements,1,,,barre-fixe-27-p5-119,P5,,Endo jambes écartées Elan circulaire écart libre en avant par l’appui renversé
Barre fixe,valorisation,1 rotation,elements,1,,,barre-fixe-27-p5-121,P5,,Stalder jambes écartées Elan circulaire écart libre en arrière par l’appui renversé
Barre fixe,valorisation,1 rotation,elements,1,,,barre-fixe-27-p5-125,P5,,Passement filé avec 1/2 tour ou plus
Barre fixe,valorisation,1 rotation,elements,1,,,barre-fixe-27-p5-126,P5,,Pieds barre jambes serrées ou écartées à l’ATR avec 1/2 tour
Barre fixe,valorisation,1 rotation,elements,1,,,barre-fixe-27-p5-151,P5,,Sortie pied main salto ou filé salto avant groupé avec 1/2 tour
Barre fixe,valorisation,1 rotation,elements,1,,,barre-fixe-27-p6-118,P6,,Weller. De l’appui renversé tour appui avant par l’appui renversé
Barre fixe,valorisation,1 rotation,elements,1,,,barre-fixe-27-p6-120,P6,,Endo jambes écartées avec 1/2 tour
Barre fixe,valorisation,1 rotation,elements,1,,,barre-fixe-27-p6-122,P6,,Stalder jambes écartées avec 1/2 tour
Barre fixe,valorisation,1 rotation,elements,1,,,barre-fixe-27-p6-124,P6,,Stalder jambes serrées sauté à l’appui renversé
Barre fixe,valorisation,1 rotation,elements,1,,,barre-fixe-27-p6-132,P6,,Pieds barre jambes serrées ou écartées à l’ATR avec 1/1 tour
Barre fixe,valorisation,1 rotation,elements,1,,,barre-fixe-27-p6-30,P6,,Elan circulaire Adler au moins à 45°
Barre fixe,valorisation,1 rotation,elements,1,,,barre-fixe-27-p7-127,P7,,Endo jambes serrées avec 1/2 tour ou +
Barre fixe,valorisation,1 rotation,elements,1,,,barre-fixe-27-p7-128,P7,,Endo jambes écartées avec 1/1 ou 3/2 tours
Barre fixe,valorisation,1 rotation,elements,1,,,barre-fixe-27-p7-129,P7,,Stalder jambes serrées ou avec ½ tour ou +
Barre fixe,valorisation,1 rotation,elements,1,,,barre-fixe-27-p7-130,P7,,Stalder jambes écartées avec 1/1 ou 3/2 tour
Barre fixe,valorisation,1 rotation,elements,1,,,barre-fixe-27-p7-131,P7,,Weller avec ½ tour ou +
Barre fixe,valorisation,1 rotation,elements,1,,,barre-fixe-27-p7-35,P7,,Adler par l’appui renversé ou avec 1/2 tour ou avec 1/1 tour
Barre fixe,valorisation,1 rotation,elements,1,,,barre-fixe-27-p7-56,P7,,"Tkatchev (sous toutes formes) depuis n’importe quel élément près de la barre (passe-fil, pieds barre, Stalder..)"
Barre fixe,valorisation,1 appui / élan,elements,1,,,barre-fixe-26-pre-requis-5-new,PRÉ-REQUIS,,Appui dynamique
Barre fixe,valorisation,1 appui / élan,elements,1,,,barre-fixe-26-p1-16,P1,,Prise d’élan corps aligné au-dessus de l’horizontale
Barre fixe,valorisation,1 appui / élan,elements,1,,,barre-fixe-26-p2-5,P2,,De la suspension prise d’élan épaules à hauteur de la barre
Barre fixe,valorisation,1 appui / élan,elements,1,,,barre-fixe-26-p2-6-new,P2,,Montée à l’appui bras tendus avec l’aide de l’entraineur
Barre fixe,valorisation,1 appui / élan,elements,1,,,barre-fixe-26-p3-15,P3,,Etablissement arrière à l’appui
Barre fixe,valorisation,1 appui / élan,elements,1,,,barre-fixe-26-p4-13,P4,,Bascule d’élan
Barre fixe,valorisation,1 appui / élan,elements,1,,,barre-fixe-26-p5-14,P5,,Bascule de l’appui à l’appui
Barre fixe,valorisation,1 appui / élan,elements,1,,,barre-fixe-26-p5-17,P5,,Prise d’élan à l’ATR
Barre fixe,valorisation,1 appui / élan,elements,1,,,barre-fixe-26-p5-19,P5,,Etablissement arrière à l’ATR
Barre fixe,valorisation,1 appui / élan,elements,1,,,barre-fixe-26-p5-37,P5,,Bascule couper écart
Barre fixe,valorisation,1 appui / élan,elements,1,,,barre-fixe-26-p6-18,P6,,Prise d’élan à l’ATR avec 1/2 tour
Barre fixe,valorisation,1 appui / élan,elements,1,,,barre-fixe-26-p6-23,P6,,Bascule d’élan puis montée ATR en liaison directe
Barre fixe,valorisation,1 appui / élan,elements,1,,,barre-fixe-26-p7-19bis,P7,,Etablissement arrière à l’ATR avec 1/2 tour
Barre fixe,valorisation,1 appui / élan,elements,1,,,barre-fixe-26-p7-23-plus,P7,,Bascule d’élan puis montée ATR avec 1/2 tour en liaison directe
Barre fixe,exigence,1 élément P2,elements,1,,,barre-fixe-24-p2-140,P2,,"Depuis un soleil, sortie par repoussé arrière depuis l’ATR (règle d’angles)"
Barre fixe,exigence,1 élément P2,elements,1,,,barre-fixe-24-p2-67,P2,,Balancé avant et demi-tour (épaules et bassin au-dessus de la barre)
Barre fixe,exigence,1 élément P2,elements,1,,,barre-fixe-24-p2-8,P2,,Traction et renversement arrière pour s’établir à l’appui facial
Barre fixe,exigence,1 élément P2,elements,1,,,barre-fixe-26-p2-5,P2,,De la suspension prise d’élan épaules à hauteur de la barre
Barre fixe,exigence,1 élément P2,elements,1,,,barre-fixe-26-p2-6-new,P2,,Montée à l’appui bras tendus avec l’aide de l’entraineur
Barre fixe,exigence,1 élément P2,elements,1,,,barre-fixe-27-p2-105,P2,,De l’appui renversement arrière corps tendu bassin près de la barre puis filer au-dessus de l’horizontale à la suspension
Barre fixe,exigence,1 élément P2,elements,1,,,barre-fixe-27-p2-7-new,P2,,Balancé avant fermeture et oscillation pieds sur barre
Barre fixe,valorisation,1 appui / élan PXX,elements,1,,,barre-fixe-26-pre-requis-5-new,PRÉ-REQUIS,,Appui dynamique
Barre fixe,valorisation,1 appui / élan PXX,elements,1,,,barre-fixe-26-p1-16,P1,,Prise d’élan corps aligné au-dessus de l’horizontale
Barre fixe,valorisation,1 appui / élan PXX,elements,1,,,barre-fixe-26-p2-5,P2,,De la suspension prise d’élan épaules à hauteur de la barre
Barre fixe,valorisation,1 appui / élan PXX,elements,1,,,barre-fixe-26-p2-6-new,P2,,Montée à l’appui bras tendus avec l’aide de l’entraineur
Barre fixe,valorisation,1 appui / élan PXX,elements,1,,,barre-fixe-26-p3-15,P3,,Etablissement arrière à l’appui
Barre fixe,valorisation,1 appui / élan PXX,elements,1,,,barre-fixe-26-p4-13,P4,,Bascule d’élan
Barre fixe,valorisation,1 appui / élan PXX,elements,1,,,barre-fixe-26-p5-14,P5,,Bascule de l’appui à l’appui
Barre fixe,valorisation,1 appui / élan PXX,elements,1,,,barre-fixe-26-p5-17,P5,,Prise d’élan à l’ATR
Barre fixe,valorisation,1 appui / élan PXX,elements,1,,,barre-fixe-26-p5-19,P5,,Etablissement arrière à l’ATR
Barre fixe,valorisation,1 appui / élan PXX,elements,1,,,barre-fixe-26-p5-37,P5,,Bascule couper écart
Barre fixe,valorisation,1 appui / élan PXX,elements,1,,,barre-fixe-26-p6-18,P6,,Prise d’élan à l’ATR avec 1/2 tour
Barre fixe,valorisation,1 appui / élan PXX,elements,1,,,barre-fixe-26-p6-23,P6,,Bascule d’élan puis montée ATR en liaison directe
Barre fixe,valorisation,1 appui / élan PXX,elements,1,,,barre-fixe-26-p7-19bis,P7,,Etablissement arrière à l’ATR avec 1/2 tour
Barre fixe,valorisation,1 appui / élan PXX,elements,1,,,barre-fixe-26-p7-23-plus,P7,,Bascule d’élan puis montée ATR avec 1/2 tour en liaison directe
Barre fixe,valorisation,Faire 3 balancés successifs orientés «shoot avant»,elements,3,,oui,barre-fixe-24-pre-requis-1-new,PRÉ-REQUIS,,Courbe avant
Barre fixe,valorisation,Faire 3 balancés successifs orientés «shoot avant»,elements,3,,oui,barre-fixe-24-p1-11,P1,,"Balancé de l’arrière vers l’avant, bassin et épaules à 45° au-dessus de la barre"
Barre fixe,valorisation,Faire 3 balancés successifs orientés «shoot avant»,elements,3,,oui,barre-fixe-24-p2-140,P2,,"Depuis un soleil, sortie par repoussé arrière depuis l’ATR (règle d’angles)"
Barre fixe,valorisation,Faire 3 balancés successifs orientés «shoot avant»,elements,3,,oui,barre-fixe-24-p2-67,P2,,Balancé avant et demi-tour (épaules et bassin au-dessus de la barre)
Barre fixe,valorisation,Faire 3 balancés successifs orientés «shoot avant»,elements,3,,oui,barre-fixe-24-p2-8,P2,,Traction et renversement arrière pour s’établir à l’appui facial
Barre fixe,valorisation,Faire 3 balancés successifs orientés «shoot avant»,elements,3,,oui,barre-fixe-24-p3-139,P3,,Salto arrière corps tendu
Barre fixe,valorisation,Faire 3 balancés successifs orientés «shoot avant»,elements,3,,oui,barre-fixe-24-p3-2-new,P3,,Balancé avec 1/2 tour à l’ATR
Barre fixe,valorisation,Faire 3 balancés successifs orientés «shoot avant»,elements,3,,oui,barre-fixe-24-p3-21,P3,,Grand tour arrière (soleil) 360°
Barre fixe,valorisation,Faire 3 balancés successifs orientés «shoot avant»,elements,3,,oui,barre-fixe-24-p4-142,P4,,Salto arrière carpé ou tendu avec 1/2 ou 1/1 tour
Barre fixe,valorisation,Faire 3 balancés successifs orientés «shoot avant»,elements,3,,oui,barre-fixe-24-p4-146,P4,,Sortie salto arrière tendu depuis un soleil
Barre fixe,valorisation,Faire 3 balancés successifs orientés «shoot avant»,elements,3,,oui,barre-fixe-24-p4-71,P4,,Grand tour arrière à l’ATR avec 1/2 tour
Barre fixe,valorisation,Faire 3 balancés successifs orientés «shoot avant»,elements,3,,oui,barre-fixe-24-p5-148,P5,,Salto arrière carpé ou tendu avec 3/2 ou 2/1 tours
Barre fixe,valorisation,Faire 3 balancés successifs orientés «shoot avant»,elements,3,,oui,barre-fixe-24-p5-149,P5,,Double salto arrière groupé ou carpé
Barre fixe,valorisation,Faire 3 balancés successifs orientés «shoot avant»,elements,3,,oui,barre-fixe-24-p5-28,P5,,Grand tour arrière avec 1/1 tour
Barre fixe,valorisation,Faire 3 balancés successifs orientés «shoot avant»,elements,3,,oui,barre-fixe-24-p5-3-new,P5,,Balancé ATR changement prise lune
Barre fixe,valorisation,Faire 3 balancés successifs orientés «shoot avant»,elements,3,,oui,barre-fixe-24-p6-42,P6,,Grand tour arrière sauté ou sauté avec 1/2 tour
Barre fixe,valorisation,Faire 3 balancés successifs orientés «shoot avant»,elements,3,,oui,barre-fixe-24-p6-59,P6,,Gienger. Elancer en avant et salto arrière carpé ou tendu avec 1/2 tour à la suspension
Barre fixe,valorisation,Faire 3 balancés successifs orientés «shoot avant»,elements,3,,oui,barre-fixe-24-p7-154,P7,,Double salto arrière tendu
Barre fixe,valorisation,Faire 3 balancés successifs orientés «shoot avant»,elements,3,,oui,barre-fixe-24-p7-155,P7,,Double salto arrière avec 1/1 tour ou +
Barre fixe,valorisation,Faire 3 balancés successifs orientés «shoot avant»,elements,3,,oui,barre-fixe-24-p7-32,P7,,Grand tour arrière d’un bras
Barre fixe,valorisation,Faire 3 balancés successifs orientés «shoot avant»,elements,3,,oui,barre-fixe-24-p7-33,P7,,Grand tour arrière avec 3/2 tour ou + (sauté ou non)
Barre fixe,valorisation,Faire 3 balancés successifs orientés «shoot avant»,elements,3,,oui,barre-fixe-24-p7-51,P7,,Grand tour arrière sauté avec 1/1 tour ou plus
Barre fixe,valorisation,Faire 3 balancés successifs orientés «shoot avant»,elements,3,,oui,barre-fixe-24-p7-55,P7,,Tkatchev (sous toute forme)
Barre fixe,valorisation,Faire 3 balancés successifs orientés «shoot avant»,elements,3,,oui,barre-fixe-24-p7-60,P7,,Kovacs ou avec 1/2 tour ou avec 1/1 tour
Barre fixe,valorisation,Faire 3 balancés successifs orientés «shoot avant»,elements,3,,oui,barre-fixe-24-p7-83,P7,,Grand tour arrière avec 3/2 tours en prise cubitale
Barre fixe,valorisation,"Faire 3 balancés successifs orientés ""shoot arrière""",elements,3,,oui,barre-fixe-25-pre-requis-4-new,PRÉ-REQUIS,,Courbe arrière
Barre fixe,valorisation,"Faire 3 balancés successifs orientés ""shoot arrière""",elements,3,,oui,barre-fixe-25-p1-10,P1,,Balancé arrière
Barre fixe,valorisation,"Faire 3 balancés successifs orientés ""shoot arrière""",elements,3,,oui,barre-fixe-25-p3-141,P3,,Salto avant carpé ou tendu
Barre fixe,valorisation,"Faire 3 balancés successifs orientés ""shoot arrière""",elements,3,,oui,barre-fixe-25-p3-20,P3,,Grand tour avant (lune) 360°
Barre fixe,valorisation,"Faire 3 balancés successifs orientés ""shoot arrière""",elements,3,,oui,barre-fixe-25-p3-70,P3,,Grand tour avant à l’ATR avec 1/2 tour
Barre fixe,valorisation,"Faire 3 balancés successifs orientés ""shoot arrière""",elements,3,,oui,barre-fixe-25-p4-145,P4,,Salto avant carpé ou tendu avec 1/2 tour
Barre fixe,valorisation,"Faire 3 balancés successifs orientés ""shoot arrière""",elements,3,,oui,barre-fixe-25-p4-45,P4,,Voronin. Etablissement arrière et sauté carpé avec 1/2 tour à la suspension
Barre fixe,valorisation,"Faire 3 balancés successifs orientés ""shoot arrière""",elements,3,,oui,barre-fixe-25-p4-46,P4,,Etablissement arrière et sauté dorsal avec 1/4 tour à la suspension
Barre fixe,valorisation,"Faire 3 balancés successifs orientés ""shoot arrière""",elements,3,,oui,barre-fixe-25-p5-152,P5,,Salto avant tendu avec 1/1 ou 3/2 tours
Barre fixe,valorisation,"Faire 3 balancés successifs orientés ""shoot arrière""",elements,3,,oui,barre-fixe-25-p5-24,P5,,Etablissement arrière prise cubitale et sauté par l’appui renversé
Barre fixe,valorisation,"Faire 3 balancés successifs orientés ""shoot arrière""",elements,3,,oui,barre-fixe-25-p5-40,P5,,Grand tour avant sauté ou sauté avec 1/2 tour
Barre fixe,valorisation,"Faire 3 balancés successifs orientés ""shoot arrière""",elements,3,,oui,barre-fixe-25-p6-160,P6,,Double salto avant par dessus la barre aussi avec 1/2 tour
Barre fixe,valorisation,"Faire 3 balancés successifs orientés ""shoot arrière""",elements,3,,oui,barre-fixe-25-p6-26,P6,,Grand tour avant avec 1/1 ou 3/2 tours
Barre fixe,valorisation,"Faire 3 balancés successifs orientés ""shoot arrière""",elements,3,,oui,barre-fixe-25-p6-29,P6,,Grand tour avant en prise cubitale
Barre fixe,valorisation,"Faire 3 balancés successifs orientés ""shoot arrière""",elements,3,,oui,barre-fixe-25-p6-58,P6,,Jager. Elancé en arrière et salto avant groupé carpé ou écart à la suspension
Barre fixe,valorisation,"Faire 3 balancés successifs orientés ""shoot arrière""",elements,3,,oui,barre-fixe-25-p7-159,P7,,Double salto avant groupé ou carpé aussi avec 1/2 tour ou +
Barre fixe,valorisation,"Faire 3 balancés successifs orientés ""shoot arrière""",elements,3,,oui,barre-fixe-25-p7-31,P7,,Grand tour avant d’un bras
Barre fixe,valorisation,"Faire 3 balancés successifs orientés ""shoot arrière""",elements,3,,oui,barre-fixe-25-p7-34,P7,,Grand tour avant avec 1/1 tours à la prise cubitale
Barre fixe,valorisation,1 élément P2 (min.),elements,1,,,barre-fixe-24-p2-140,P2,,"Depuis un soleil, sortie par repoussé arrière depuis l’ATR (règle d’angles)"
Barre fixe,valorisation,1 élément P2 (min.),elements,1,,,barre-fixe-24-p2-67,P2,,Balancé avant et demi-tour (épaules et bassin au-dessus de la barre)
Barre fixe,valorisation,1 élément P2 (min.),elements,1,,,barre-fixe-24-p2-8,P2,,Traction et renversement arrière pour s’établir à l’appui facial
Barre fixe,valorisation,1 élément P2 (min.),elements,1,,,barre-fixe-24-p3-139,P3,,Salto arrière corps tendu
Barre fixe,valorisation,1 élément P2 (min.),elements,1,,,barre-fixe-24-p3-2-new,P3,,Balancé avec 1/2 tour à l’ATR
Barre fixe,valorisation,1 élément P2 (min.),elements,1,,,barre-fixe-24-p3-21,P3,,Grand tour arrière (soleil) 360°
Barre fixe,valorisation,1 élément P2 (min.),elements,1,,,barre-fixe-24-p4-142,P4,,Salto arrière carpé ou tendu avec 1/2 ou 1/1 tour
Barre fixe,valorisation,1 élément P2 (min.),elements,1,,,barre-fixe-24-p4-146,P4,,Sortie salto arrière tendu depuis un soleil
Barre fixe,valorisation,1 élément P2 (min.),elements,1,,,barre-fixe-24-p4-71,P4,,Grand tour arrière à l’ATR avec 1/2 tour
Barre fixe,valorisation,1 élément P2 (min.),elements,1,,,barre-fixe-24-p5-148,P5,,Salto arrière carpé ou tendu avec 3/2 ou 2/1 tours
Barre fixe,valorisation,1 élément P2 (min.),elements,1,,,barre-fixe-24-p5-149,P5,,Double salto arrière groupé ou carpé
Barre fixe,valorisation,1 élément P2 (min.),elements,1,,,barre-fixe-24-p5-28,P5,,Grand tour arrière avec 1/1 tour
Barre fixe,valorisation,1 élément P2 (min.),elements,1,,,barre-fixe-24-p5-3-new,P5,,Balancé ATR changement prise lune
Barre fixe,valorisation,1 élément P2 (min.),elements,1,,,barre-fixe-24-p6-42,P6,,Grand tour arrière sauté ou sauté avec 1/2 tour
Barre fixe,valorisation,1 élément P2 (min.),elements,1,,,barre-fixe-24-p6-59,P6,,Gienger. Elancer en avant et salto arrière carpé ou tendu avec 1/2 tour à la suspension
Barre fixe,valorisation,1 élément P2 (min.),elements,1,,,barre-fixe-24-p7-154,P7,,Double salto arrière tendu
Barre fixe,valorisation,1 élément P2 (min.),elements,1,,,barre-fixe-24-p7-155,P7,,Double salto arrière avec 1/1 tour ou +
Barre fixe,valorisation,1 élément P2 (min.),elements,1,,,barre-fixe-24-p7-32,P7,,Grand tour arrière d’un bras
Barre fixe,valorisation,1 élément P2 (min.),elements,1,,,barre-fixe-24-p7-33,P7,,Grand tour arrière avec 3/2 tour ou + (sauté ou non)
Barre fixe,valorisation,1 élément P2 (min.),elements,1,,,barre-fixe-24-p7-51,P7,,Grand tour arrière sauté avec 1/1 tour ou plus
Barre fixe,valorisation,1 élément P2 (min.),elements,1,,,barre-fixe-24-p7-55,P7,,Tkatchev (sous toute forme)
Barre fixe,valorisation,1 élément P2 (min.),elements,1,,,barre-fixe-24-p7-60,P7,,Kovacs ou avec 1/2 tour ou avec 1/1 tour
Barre fixe,valorisation,1 élément P2 (min.),elements,1,,,barre-fixe-24-p7-83,P7,,Grand tour arrière avec 3/2 tours en prise cubitale
Barre fixe,valorisation,1 élément P2 (min.),elements,1,,,barre-fixe-25-p3-141,P3,,Salto avant carpé ou tendu
Barre fixe,valorisation,1 élément P2 (min.),elements,1,,,barre-fixe-25-p3-20,P3,,Grand tour avant (lune) 360°
Barre fixe,valorisation,1 élément P2 (min.),elements,1,,,barre-fixe-25-p3-70,P3,,Grand tour avant à l’ATR avec 1/2 tour
Barre fixe,valorisation,1 élément P2 (min.),elements,1,,,barre-fixe-25-p4-145,P4,,Salto avant carpé ou tendu avec 1/2 tour
Barre fixe,valorisation,1 élément P2 (min.),elements,1,,,barre-fixe-25-p4-45,P4,,Voronin. Etablissement arrière et sauté carpé avec 1/2 tour à la suspension
Barre fixe,valorisation,1 élément P2 (min.),elements,1,,,barre-fixe-25-p4-46,P4,,Etablissement arrière et sauté dorsal avec 1/4 tour à la suspension
Barre fixe,valorisation,1 élément P2 (min.),elements,1,,,barre-fixe-25-p5-152,P5,,Salto avant tendu avec 1/1 ou 3/2 tours
Barre fixe,valorisation,1 élément P2 (min.),elements,1,,,barre-fixe-25-p5-24,P5,,Etablissement arrière prise cubitale et sauté par l’appui renversé
Barre fixe,valorisation,1 élément P2 (min.),elements,1,,,barre-fixe-25-p5-40,P5,,Grand tour avant sauté ou sauté avec 1/2 tour
Barre fixe,valorisation,1 élément P2 (min.),elements,1,,,barre-fixe-25-p6-160,P6,,Double salto avant par dessus la barre aussi avec 1/2 tour
Barre fixe,valorisation,1 élément P2 (min.),elements,1,,,barre-fixe-25-p6-26,P6,,Grand tour avant avec 1/1 ou 3/2 tours
Barre fixe,valorisation,1 élément P2 (min.),elements,1,,,barre-fixe-25-p6-29,P6,,Grand tour avant en prise cubitale
Barre fixe,valorisation,1 élément P2 (min.),elements,1,,,barre-fixe-25-p6-58,P6,,Jager. Elancé en arrière et salto avant groupé carpé ou écart à la suspension
Barre fixe,valorisation,1 élément P2 (min.),elements,1,,,barre-fixe-25-p7-159,P7,,Double salto avant groupé ou carpé aussi avec 1/2 tour ou +
Barre fixe,valorisation,1 élément P2 (min.),elements,1,,,barre-fixe-25-p7-31,P7,,Grand tour avant d’un bras
Barre fixe,valorisation,1 élément P2 (min.),elements,1,,,barre-fixe-25-p7-34,P7,,Grand tour avant avec 1/1 tours à la prise cubitale
Barre fixe,valorisation,1 élément P2 (min.),elements,1,,,barre-fixe-26-p2-5,P2,,De la suspension prise d’élan épaules à hauteur de la barre
Barre fixe,valorisation,1 élément P2 (min.),elements,1,,,barre-fixe-26-p2-6-new,P2,,Montée à l’appui bras tendus avec l’aide de l’entraineur
Barre fixe,valorisation,1 élément P2 (min.),elements,1,,,barre-fixe-26-p3-15,P3,,Etablissement arrière à l’appui
Barre fixe,valorisation,1 élément P2 (min.),elements,1,,,barre-fixe-26-p4-13,P4,,Bascule d’élan
Barre fixe,valorisation,1 élément P2 (min.),elements,1,,,barre-fixe-26-p5-14,P5,,Bascule de l’appui à l’appui
Barre fixe,valorisation,1 élément P2 (min.),elements,1,,,barre-fixe-26-p5-17,P5,,Prise d’élan à l’ATR
Barre fixe,valorisation,1 élément P2 (min.),elements,1,,,barre-fixe-26-p5-19,P5,,Etablissement arrière à l’ATR
Barre fixe,valorisation,1 élément P2 (min.),elements,1,,,barre-fixe-26-p5-37,P5,,Bascule couper écart
Barre fixe,valorisation,1 élément P2 (min.),elements,1,,,barre-fixe-26-p6-18,P6,,Prise d’élan à l’ATR avec 1/2 tour
Barre fixe,valorisation,1 élément P2 (min.),elements,1,,,barre-fixe-26-p6-23,P6,,Bascule d’élan puis montée ATR en liaison directe
Barre fixe,valorisation,1 élément P2 (min.),elements,1,,,barre-fixe-26-p7-19bis,P7,,Etablissement arrière à l’ATR avec 1/2 tour
Barre fixe,valorisation,1 élément P2 (min.),elements,1,,,barre-fixe-26-p7-23-plus,P7,,Bascule d’élan puis montée ATR avec 1/2 tour en liaison directe
Barre fixe,valorisation,1 élément P2 (min.),elements,1,,,barre-fixe-27-p2-105,P2,,De l’appui renversement arrière corps tendu bassin près de la barre puis filer au-dessus de l’horizontale à la suspension
Barre fixe,valorisation,1 élément P2 (min.),elements,1,,,barre-fixe-27-p2-7-new,P2,,Balancé avant fermeture et oscillation pieds sur barre
Barre fixe,valorisation,1 élément P2 (min.),elements,1,,,barre-fixe-27-p3-109,P3,,"Pied main arrière, jambes écartées et tendues à l’ATR"
Barre fixe,valorisation,1 élément P2 (min.),elements,1,,,barre-fixe-27-p3-110,P3,,Tour arrière libre bras aux oreilles au moins à l’horizontale
Barre fixe,valorisation,1 élément P2 (min.),elements,1,,,barre-fixe-27-p3-113,P3,,"Pied main avant, jambes serrées ou écartées et tendues à l’ATR"
Barre fixe,valorisation,1 élément P2 (min.),elements,1,,,barre-fixe-27-p3-8-new,P3,,Balancé avant oscillation endo/stalder et dégagé
Barre fixe,valorisation,1 élément P2 (min.),elements,1,,,barre-fixe-27-p4-112,P4,,"Pied main arrière, jambes serrées et tendues à l’ATR"
Barre fixe,valorisation,1 élément P2 (min.),elements,1,,,barre-fixe-27-p4-116,P4,,Passement filé à l’ATR (sauté ou non)
Barre fixe,valorisation,1 élément P2 (min.),elements,1,,,barre-fixe-27-p4-143,P4,,Sortie pied main salto ou filée salto avant groupé
Barre fixe,valorisation,1 élément P2 (min.),elements,1,,,barre-fixe-27-p5-119,P5,,Endo jambes écartées Elan circulaire écart libre en avant par l’appui renversé
Barre fixe,valorisation,1 élément P2 (min.),elements,1,,,barre-fixe-27-p5-121,P5,,Stalder jambes écartées Elan circulaire écart libre en arrière par l’appui renversé
Barre fixe,valorisation,1 élément P2 (min.),elements,1,,,barre-fixe-27-p5-125,P5,,Passement filé avec 1/2 tour ou plus
Barre fixe,valorisation,1 élément P2 (min.),elements,1,,,barre-fixe-27-p5-126,P5,,Pieds barre jambes serrées ou écartées à l’ATR avec 1/2 tour
Barre fixe,valorisation,1 élément P2 (min.),elements,1,,,barre-fixe-27-p5-151,P5,,Sortie pied main salto ou filé salto avant groupé avec 1/2 tour
Barre fixe,valorisation,1 élément P2 (min.),elements,1,,,barre-fixe-27-p6-118,P6,,Weller. De l’appui renversé tour appui avant par l’appui renversé
Barre fixe,valorisation,1 élément P2 (min.),elements,1,,,barre-fixe-27-p6-120,P6,,Endo jambes écartées avec 1/2 tour
Barre fixe,valorisation,1 élément P2 (min.),elements,1,,,barre-fixe-27-p6-122,P6,,Stalder jambes écartées avec 1/2 tour
Barre fixe,valorisation,1 élément P2 (min.),elements,1,,,barre-fixe-27-p6-124,P6,,Stalder jambes serrées sauté à l’appui renversé
Barre fixe,valorisation,1 élément P2 (min.),elements,1,,,barre-fixe-27-p6-132,P6,,Pieds barre jambes serrées ou écartées à l’ATR avec 1/1 tour
Barre fixe,valorisation,1 élément P2 (min.),elements,1,,,barre-fixe-27-p6-30,P6,,Elan circulaire Adler au moins à 45°
Barre fixe,valorisation,1 élément P2 (min.),elements,1,,,barre-fixe-27-p7-127,P7,,Endo jambes serrées avec 1/2 tour ou +
Barre fixe,valorisation,1 élément P2 (min.),elements,1,,,barre-fixe-27-p7-128,P7,,Endo jambes écartées avec 1/1 ou 3/2 tours
Barre fixe,valorisation,1 élément P2 (min.),elements,1,,,barre-fixe-27-p7-129,P7,,Stalder jambes serrées ou avec ½ tour ou +
Barre fixe,valorisation,1 élément P2 (min.),elements,1,,,barre-fixe-27-p7-130,P7,,Stalder jambes écartées avec 1/1 ou 3/2 tour
Barre fixe,valorisation,1 élément P2 (min.),elements,1,,,barre-fixe-27-p7-131,P7,,Weller avec ½ tour ou +
Barre fixe,valorisation,1 élément P2 (min.),elements,1,,,barre-fixe-27-p7-35,P7,,Adler par l’appui renversé ou avec 1/2 tour ou avec 1/1 tour
Barre fixe,valorisation,1 élément P2 (min.),elements,1,,,barre-fixe-27-p7-56,P7,,"Tkatchev (sous toutes formes) depuis n’importe quel élément près de la barre (passe-fil, pieds barre, Stalder..)"
Barre fixe,valorisation,1 rotation P1 (min.),elements,1,,,barre-fixe-27-p1-103,P1,,Tour d’appui arrière corps tendu
Barre fixe,valorisation,1 rotation P1 (min.),elements,1,,,barre-fixe-27-p2-105,P2,,De l’appui renversement arrière corps tendu bassin près de la barre puis filer au-dessus de l’horizontale à la suspension
Barre fixe,valorisation,1 rotation P1 (min.),elements,1,,,barre-fixe-27-p2-7-new,P2,,Balancé avant fermeture et oscillation pieds sur barre
Barre fixe,valorisation,1 rotation P1 (min.),elements,1,,,barre-fixe-27-p3-109,P3,,"Pied main arrière, jambes écartées et tendues à l’ATR"
Barre fixe,valorisation,1 rotation P1 (min.),elements,1,,,barre-fixe-27-p3-110,P3,,Tour arrière libre bras aux oreilles au moins à l’horizontale
Barre fixe,valorisation,1 rotation P1 (min.),elements,1,,,barre-fixe-27-p3-113,P3,,"Pied main avant, jambes serrées ou écartées et tendues à l’ATR"
Barre fixe,valorisation,1 rotation P1 (min.),elements,1,,,barre-fixe-27-p3-8-new,P3,,Balancé avant oscillation endo/stalder et dégagé
Barre fixe,valorisation,1 rotation P1 (min.),elements,1,,,barre-fixe-27-p4-112,P4,,"Pied main arrière, jambes serrées et tendues à l’ATR"
Barre fixe,valorisation,1 rotation P1 (min.),elements,1,,,barre-fixe-27-p4-116,P4,,Passement filé à l’ATR (sauté ou non)
Barre fixe,valorisation,1 rotation P1 (min.),elements,1,,,barre-fixe-27-p4-143,P4,,Sortie pied main salto ou filée salto avant groupé
Barre fixe,valorisation,1 rotation P1 (min.),elements,1,,,barre-fixe-27-p5-119,P5,,Endo jambes écartées Elan circulaire écart libre en avant par l’appui renversé
Barre fixe,valorisation,1 rotation P1 (min.),elements,1,,,barre-fixe-27-p5-121,P5,,Stalder jambes écartées Elan circulaire écart libre en arrière par l’appui renversé
Barre fixe,valorisation,1 rotation P1 (min.),elements,1,,,barre-fixe-27-p5-125,P5,,Passement filé avec 1/2 tour ou plus
Barre fixe,valorisation,1 rotation P1 (min.),elements,1,,,barre-fixe-27-p5-126,P5,,Pieds barre jambes serrées ou écartées à l’ATR avec 1/2 tour
Barre fixe,valorisation,1 rotation P1 (min.),elements,1,,,barre-fixe-27-p5-151,P5,,Sortie pied main salto ou filé salto avant groupé avec 1/2 tour
Barre fixe,valorisation,1 rotation P1 (min.),elements,1,,,barre-fixe-27-p6-118,P6,,Weller. De l’appui renversé tour appui avant par l’appui renversé
Barre fixe,valorisation,1 rotation P1 (min.),elements,1,,,barre-fixe-27-p6-120,P6,,Endo jambes écartées avec 1/2 tour
Barre fixe,valorisation,1 rotation P1 (min.),elements,1,,,barre-fixe-27-p6-122,P6,,Stalder jambes écartées avec 1/2 tour
Barre fixe,valorisation,1 rotation P1 (min.),elements,1,,,barre-fixe-27-p6-124,P6,,Stalder jambes serrées sauté à l’appui renversé
Barre fixe,valorisation,1 rotation P1 (min.),elements,1,,,barre-fixe-27-p6-132,P6,,Pieds barre jambes serrées ou écartées à l’ATR avec 1/1 tour
Barre fixe,valorisation,1 rotation P1 (min.),elements,1,,,barre-fixe-27-p6-30,P6,,Elan circulaire Adler au moins à 45°
Barre fixe,valorisation,1 rotation P1 (min.),elements,1,,,barre-fixe-27-p7-127,P7,,Endo jambes serrées avec 1/2 tour ou +
Barre fixe,valorisation,1 rotation P1 (min.),elements,1,,,barre-fixe-27-p7-128,P7,,Endo jambes écartées avec 1/1 ou 3/2 tours
Barre fixe,valorisation,1 rotation P1 (min.),elements,1,,,barre-fixe-27-p7-129,P7,,Stalder jambes serrées ou avec ½ tour ou +
Barre fixe,valorisation,1 rotation P1 (min.),elements,1,,,barre-fixe-27-p7-130,P7,,Stalder jambes écartées avec 1/1 ou 3/2 tour
Barre fixe,valorisation,1 rotation P1 (min.),elements,1,,,barre-fixe-27-p7-131,P7,,Weller avec ½ tour ou +
Barre fixe,valorisation,1 rotation P1 (min.),elements,1,,,barre-fixe-27-p7-35,P7,,Adler par l’appui renversé ou avec 1/2 tour ou avec 1/1 tour
Barre fixe,valorisation,1 rotation P1 (min.),elements,1,,,barre-fixe-27-p7-56,P7,,"Tkatchev (sous toutes formes) depuis n’importe quel élément près de la barre (passe-fil, pieds barre, Stalder..)"
Barre fixe,exigence,Exécuter un grand tour,elements,1,,,barre-fixe-24-p3-21,P3,,Grand tour arrière (soleil) 360°
Barre fixe,exigence,Exécuter un grand tour,elements,1,,,barre-fixe-24-p4-71,P4,,Grand tour arrière à l’ATR avec 1/2 tour
Barre fixe,exigence,Exécuter un grand tour,elements,1,,,barre-fixe-24-p5-28,P5,,Grand tour arrière avec 1/1 tour
Barre fixe,exigence,Exécuter un grand tour,elements,1,,,barre-fixe-24-p6-42,P6,,Grand tour arrière sauté ou sauté avec 1/2 tour
Barre fixe,exigence,Exécuter un grand tour,elements,1,,,barre-fixe-24-p7-32,P7,,Grand tour arrière d’un bras
Barre fixe,exigence,Exécuter un grand tour,elements,1,,,barre-fixe-24-p7-33,P7,,Grand tour arrière avec 3/2 tour ou + (sauté ou non)
Barre fixe,exigence,Exécuter un grand tour,elements,1,,,barre-fixe-24-p7-51,P7,,Grand tour arrière sauté avec 1/1 tour ou plus
Barre fixe,exigence,Exécuter un grand tour,elements,1,,,barre-fixe-24-p7-83,P7,,Grand tour arrière avec 3/2 tours en prise cubitale
Barre fixe,exigence,Exécuter un grand tour,elements,1,,,barre-fixe-25-p3-20,P3,,Grand tour avant (lune) 360°
Barre fixe,exigence,Exécuter un grand tour,elements,1,,,barre-fixe-25-p3-70,P3,,Grand tour avant à l’ATR avec 1/2 tour
Barre fixe,exigence,Exécuter un grand tour,elements,1,,,barre-fixe-25-p5-40,P5,,Grand tour avant sauté ou sauté avec 1/2 tour
Barre fixe,exigence,Exécuter un grand tour,elements,1,,,barre-fixe-25-p6-26,P6,,Grand tour avant avec 1/1 ou 3/2 tours
Barre fixe,exigence,Exécuter un grand tour,elements,1,,,barre-fixe-25-p6-29,P6,,Grand tour avant en prise cubitale
Barre fixe,exigence,Exécuter un grand tour,elements,1,,,barre-fixe-25-p7-31,P7,,Grand tour avant d’un bras
Barre fixe,exigence,Exécuter un grand tour,elements,1,,,barre-fixe-25-p7-34,P7,,Grand tour avant avec 1/1 tours à la prise cubitale
Barre fixe,exigence,Un élément P3,elements,1,,,barre-fixe-24-p3-139,P3,,Salto arrière corps tendu
Barre fixe,exigence,Un élément P3,elements,1,,,barre-fixe-24-p3-2-new,P3,,Balancé avec 1/2 tour à l’ATR
Barre fixe,exigence,Un élément P3,elements,1,,,barre-fixe-24-p3-21,P3,,Grand tour arrière (soleil) 360°
Barre fixe,exigence,Un élément P3,elements,1,,,barre-fixe-25-p3-141,P3,,Salto avant carpé ou tendu
Barre fixe,exigence,Un élément P3,elements,1,,,barre-fixe-25-p3-20,P3,,Grand tour avant (lune) 360°
Barre fixe,exigence,Un élément P3,elements,1,,,barre-fixe-25-p3-70,P3,,Grand tour avant à l’ATR avec 1/2 tour
Barre fixe,exigence,Un élément P3,elements,1,,,barre-fixe-26-p3-15,P3,,Etablissement arrière à l’appui
Barre fixe,exigence,Un élément P3,elements,1,,,barre-fixe-27-p3-109,P3,,"Pied main arrière, jambes écartées et tendues à l’ATR"
Barre fixe,exigence,Un élément P3,elements,1,,,barre-fixe-27-p3-110,P3,,Tour arrière libre bras aux oreilles au moins à l’horizontale
Barre fixe,exigence,Un élément P3,elements,1,,,barre-fixe-27-p3-113,P3,,"Pied main avant, jambes serrées ou écartées et tendues à l’ATR"
Barre fixe,exigence,Un élément P3,elements,1,,,barre-fixe-27-p3-8-new,P3,,Balancé avant oscillation endo/stalder et dégagé
Barre fixe,exigence,changement de prise,elements,1,,oui,barre-fixe-24-p5-3-new,P5,,Balancé ATR changement prise lune
Barre fixe,exigence,changement de prise,elements,1,,oui,barre-fixe-24-p7-83,P7,,Grand tour arrière avec 3/2 tours en prise cubitale
Barre fixe,exigence,changement de prise,elements,1,,oui,barre-fixe-25-p5-24,P5,,Etablissement arrière prise cubitale et sauté par l’appui renversé
Barre fixe,exigence,changement de prise,elements,1,,oui,barre-fixe-25-p6-29,P6,,Grand tour avant en prise cubitale
Barre fixe,exigence,changement de prise,elements,1,,oui,barre-fixe-25-p7-34,P7,,Grand tour avant avec 1/1 tours à la prise cubitale
Barre fixe,exigence,changement de prise,elements,1,,oui,barre-fixe-26-p1-16,P1,,Prise d’élan corps aligné au-dessus de l’horizontale
Barre fixe,exigence,changement de prise,elements,1,,oui,barre-fixe-26-p2-5,P2,,De la suspension prise d’élan épaules à hauteur de la barre
Barre fixe,exigence,changement de prise,elements,1,,oui,barre-fixe-26-p5-17,P5,,Prise d’élan à l’ATR
Barre fixe,exigence,changement de prise,elements,1,,oui,barre-fixe-26-p6-18,P6,,Prise d’élan à l’ATR avec 1/2 tour
Barre fixe,valorisation,1 grand tour,elements,1,,,barre-fixe-24-p3-21,P3,,Grand tour arrière (soleil) 360°
Barre fixe,valorisation,1 grand tour,elements,1,,,barre-fixe-24-p4-71,P4,,Grand tour arrière à l’ATR avec 1/2 tour
Barre fixe,valorisation,1 grand tour,elements,1,,,barre-fixe-24-p5-28,P5,,Grand tour arrière avec 1/1 tour
Barre fixe,valorisation,1 grand tour,elements,1,,,barre-fixe-24-p6-42,P6,,Grand tour arrière sauté ou sauté avec 1/2 tour
Barre fixe,valorisation,1 grand tour,elements,1,,,barre-fixe-24-p7-32,P7,,Grand tour arrière d’un bras
Barre fixe,valorisation,1 grand tour,elements,1,,,barre-fixe-24-p7-33,P7,,Grand tour arrière avec 3/2 tour ou + (sauté ou non)
Barre fixe,valorisation,1 grand tour,elements,1,,,barre-fixe-24-p7-51,P7,,Grand tour arrière sauté avec 1/1 tour ou plus
Barre fixe,valorisation,1 grand tour,elements,1,,,barre-fixe-24-p7-83,P7,,Grand tour arrière avec 3/2 tours en prise cubitale
Barre fixe,valorisation,1 grand tour,elements,1,,,barre-fixe-25-p3-20,P3,,Grand tour avant (lune) 360°
Barre fixe,valorisation,1 grand tour,elements,1,,,barre-fixe-25-p3-70,P3,,Grand tour avant à l’ATR avec 1/2 tour
Barre fixe,valorisation,1 grand tour,elements,1,,,barre-fixe-25-p5-40,P5,,Grand tour avant sauté ou sauté avec 1/2 tour
Barre fixe,valorisation,1 grand tour,elements,1,,,barre-fixe-25-p6-26,P6,,Grand tour avant avec 1/1 ou 3/2 tours
Barre fixe,valorisation,1 grand tour,elements,1,,,barre-fixe-25-p6-29,P6,,Grand tour avant en prise cubitale
Barre fixe,valorisation,1 grand tour,elements,1,,,barre-fixe-25-p7-31,P7,,Grand tour avant d’un bras
Barre fixe,valorisation,1 grand tour,elements,1,,,barre-fixe-25-p7-34,P7,,Grand tour avant avec 1/1 tours à la prise cubitale
Barre fixe,valorisation,1 élément P3 (min.),elements,1,,,barre-fixe-24-p3-139,P3,,Salto arrière corps tendu
Barre fixe,valorisation,1 élément P3 (min.),elements,1,,,barre-fixe-24-p3-2-new,P3,,Balancé avec 1/2 tour à l’ATR
Barre fixe,valorisation,1 élément P3 (min.),elements,1,,,barre-fixe-24-p3-21,P3,,Grand tour arrière (soleil) 360°
Barre fixe,valorisation,1 élément P3 (min.),elements,1,,,barre-fixe-24-p4-142,P4,,Salto arrière carpé ou tendu avec 1/2 ou 1/1 tour
Barre fixe,valorisation,1 élément P3 (min.),elements,1,,,barre-fixe-24-p4-146,P4,,Sortie salto arrière tendu depuis un soleil
Barre fixe,valorisation,1 élément P3 (min.),elements,1,,,barre-fixe-24-p4-71,P4,,Grand tour arrière à l’ATR avec 1/2 tour
Barre fixe,valorisation,1 élément P3 (min.),elements,1,,,barre-fixe-24-p5-148,P5,,Salto arrière carpé ou tendu avec 3/2 ou 2/1 tours
Barre fixe,valorisation,1 élément P3 (min.),elements,1,,,barre-fixe-24-p5-149,P5,,Double salto arrière groupé ou carpé
Barre fixe,valorisation,1 élément P3 (min.),elements,1,,,barre-fixe-24-p5-28,P5,,Grand tour arrière avec 1/1 tour
Barre fixe,valorisation,1 élément P3 (min.),elements,1,,,barre-fixe-24-p5-3-new,P5,,Balancé ATR changement prise lune
Barre fixe,valorisation,1 élément P3 (min.),elements,1,,,barre-fixe-24-p6-42,P6,,Grand tour arrière sauté ou sauté avec 1/2 tour
Barre fixe,valorisation,1 élément P3 (min.),elements,1,,,barre-fixe-24-p6-59,P6,,Gienger. Elancer en avant et salto arrière carpé ou tendu avec 1/2 tour à la suspension
Barre fixe,valorisation,1 élément P3 (min.),elements,1,,,barre-fixe-24-p7-154,P7,,Double salto arrière tendu
Barre fixe,valorisation,1 élément P3 (min.),elements,1,,,barre-fixe-24-p7-155,P7,,Double salto arrière avec 1/1 tour ou +
Barre fixe,valorisation,1 élément P3 (min.),elements,1,,,barre-fixe-24-p7-32,P7,,Grand tour arrière d’un bras
Barre fixe,valorisation,1 élément P3 (min.),elements,1,,,barre-fixe-24-p7-33,P7,,Grand tour arrière avec 3/2 tour ou + (sauté ou non)
Barre fixe,valorisation,1 élément P3 (min.),elements,1,,,barre-fixe-24-p7-51,P7,,Grand tour arrière sauté avec 1/1 tour ou plus
Barre fixe,valorisation,1 élément P3 (min.),elements,1,,,barre-fixe-24-p7-55,P7,,Tkatchev (sous toute forme)
Barre fixe,valorisation,1 élément P3 (min.),elements,1,,,barre-fixe-24-p7-60,P7,,Kovacs ou avec 1/2 tour ou avec 1/1 tour
Barre fixe,valorisation,1 élément P3 (min.),elements,1,,,barre-fixe-24-p7-83,P7,,Grand tour arrière avec 3/2 tours en prise cubitale
Barre fixe,valorisation,1 élément P3 (min.),elements,1,,,barre-fixe-25-p3-141,P3,,Salto avant carpé ou tendu
Barre fixe,valorisation,1 élément P3 (min.),elements,1,,,barre-fixe-25-p3-20,P3,,Grand tour avant (lune) 360°
Barre fixe,valorisation,1 élément P3 (min.),elements,1,,,barre-fixe-25-p3-70,P3,,Grand tour avant à l’ATR avec 1/2 tour
Barre fixe,valorisation,1 élément P3 (min.),elements,1,,,barre-fixe-25-p4-145,P4,,Salto avant carpé ou tendu avec 1/2 tour
Barre fixe,valorisation,1 élément P3 (min.),elements,1,,,barre-fixe-25-p4-45,P4,,Voronin. Etablissement arrière et sauté carpé avec 1/2 tour à la suspension
Barre fixe,valorisation,1 élément P3 (min.),elements,1,,,barre-fixe-25-p4-46,P4,,Etablissement arrière et sauté dorsal avec 1/4 tour à la suspension
Barre fixe,valorisation,1 élément P3 (min.),elements,1,,,barre-fixe-25-p5-152,P5,,Salto avant tendu avec 1/1 ou 3/2 tours
Barre fixe,valorisation,1 élément P3 (min.),elements,1,,,barre-fixe-25-p5-24,P5,,Etablissement arrière prise cubitale et sauté par l’appui renversé
Barre fixe,valorisation,1 élément P3 (min.),elements,1,,,barre-fixe-25-p5-40,P5,,Grand tour avant sauté ou sauté avec 1/2 tour
Barre fixe,valorisation,1 élément P3 (min.),elements,1,,,barre-fixe-25-p6-160,P6,,Double salto avant par dessus la barre aussi avec 1/2 tour
Barre fixe,valorisation,1 élément P3 (min.),elements,1,,,barre-fixe-25-p6-26,P6,,Grand tour avant avec 1/1 ou 3/2 tours
Barre fixe,valorisation,1 élément P3 (min.),elements,1,,,barre-fixe-25-p6-29,P6,,Grand tour avant en prise cubitale
Barre fixe,valorisation,1 élément P3 (min.),elements,1,,,barre-fixe-25-p6-58,P6,,Jager. Elancé en arrière et salto avant groupé carpé ou écart à la suspension
Barre fixe,valorisation,1 élément P3 (min.),elements,1,,,barre-fixe-25-p7-159,P7,,Double salto avant groupé ou carpé aussi avec 1/2 tour ou +
Barre fixe,valorisation,1 élément P3 (min.),elements,1,,,barre-fixe-25-p7-31,P7,,Grand tour avant d’un bras
Barre fixe,valorisation,1 élément P3 (min.),elements,1,,,barre-fixe-25-p7-34,P7,,Grand tour avant avec 1/1 tours à la prise cubitale
Barre fixe,valorisation,1 élément P3 (min.),elements,1,,,barre-fixe-26-p3-15,P3,,Etablissement arrière à l’appui
Barre fixe,valorisation,1 élément P3 (min.),elements,1,,,barre-fixe-26-p4-13,P4,,Bascule d’élan
Barre fixe,valorisation,1 élément P3 (min.),elements,1,,,barre-fixe-26-p5-14,P5,,Bascule de l’appui à l’appui
Barre fixe,valorisation,1 élément P3 (min.),elements,1,,,barre-fixe-26-p5-17,P5,,Prise d’élan à l’ATR
Barre fixe,valorisation,1 élément P3 (min.),elements,1,,,barre-fixe-26-p5-19,P5,,Etablissement arrière à l’ATR
Barre fixe,valorisation,1 élément P3 (min.),elements,1,,,barre-fixe-26-p5-37,P5,,Bascule couper écart
Barre fixe,valorisation,1 élément P3 (min.),elements,1,,,barre-fixe-26-p6-18,P6,,Prise d’élan à l’ATR avec 1/2 tour
Barre fixe,valorisation,1 élément P3 (min.),elements,1,,,barre-fixe-26-p6-23,P6,,Bascule d’élan puis montée ATR en liaison directe
Barre fixe,valorisation,1 élément P3 (min.),elements,1,,,barre-fixe-26-p7-19bis,P7,,Etablissement arrière à l’ATR avec 1/2 tour
Barre fixe,valorisation,1 élément P3 (min.),elements,1,,,barre-fixe-26-p7-23-plus,P7,,Bascule d’élan puis montée ATR avec 1/2 tour en liaison directe
Barre fixe,valorisation,1 élément P3 (min.),elements,1,,,barre-fixe-27-p3-109,P3,,"Pied main arrière, jambes écartées et tendues à l’ATR"
Barre fixe,valorisation,1 élément P3 (min.),elements,1,,,barre-fixe-27-p3-110,P3,,Tour arrière libre bras aux oreilles au moins à l’horizontale
Barre fixe,valorisation,1 élément P3 (min.),elements,1,,,barre-fixe-27-p3-113,P3,,"Pied main avant, jambes serrées ou écartées et tendues à l’ATR"
Barre fixe,valorisation,1 élément P3 (min.),elements,1,,,barre-fixe-27-p3-8-new,P3,,Balancé avant oscillation endo/stalder et dégagé
Barre fixe,valorisation,1 élément P3 (min.),elements,1,,,barre-fixe-27-p4-112,P4,,"Pied main arrière, jambes serrées et tendues à l’ATR"
Barre fixe,valorisation,1 élément P3 (min.),elements,1,,,barre-fixe-27-p4-116,P4,,Passement filé à l’ATR (sauté ou non)
Barre fixe,valorisation,1 élément P3 (min.),elements,1,,,barre-fixe-27-p4-143,P4,,Sortie pied main salto ou filée salto avant groupé
Barre fixe,valorisation,1 élément P3 (min.),elements,1,,,barre-fixe-27-p5-119,P5,,Endo jambes écartées Elan circulaire écart libre en avant par l’appui renversé
Barre fixe,valorisation,1 élément P3 (min.),elements,1,,,barre-fixe-27-p5-121,P5,,Stalder jambes écartées Elan circulaire écart libre en arrière par l’appui renversé
Barre fixe,valorisation,1 élément P3 (min.),elements,1,,,barre-fixe-27-p5-125,P5,,Passement filé avec 1/2 tour ou plus
Barre fixe,valorisation,1 élément P3 (min.),elements,1,,,barre-fixe-27-p5-126,P5,,Pieds barre jambes serrées ou écartées à l’ATR avec 1/2 tour
Barre fixe,valorisation,1 élément P3 (min.),elements,1,,,barre-fixe-27-p5-151,P5,,Sortie pied main salto ou filé salto avant groupé avec 1/2 tour
Barre fixe,valorisation,1 élément P3 (min.),elements,1,,,barre-fixe-27-p6-118,P6,,Weller. De l’appui renversé tour appui avant par l’appui renversé
Barre fixe,valorisation,1 élément P3 (min.),elements,1,,,barre-fixe-27-p6-120,P6,,Endo jambes écartées avec 1/2 tour
Barre fixe,valorisation,1 élément P3 (min.),elements,1,,,barre-fixe-27-p6-122,P6,,Stalder jambes écartées avec 1/2 tour
Barre fixe,valorisation,1 élément P3 (min.),elements,1,,,barre-fixe-27-p6-124,P6,,Stalder jambes serrées sauté à l’appui renversé
Barre fixe,valorisation,1 élément P3 (min.),elements,1,,,barre-fixe-27-p6-132,P6,,Pieds barre jambes serrées ou écartées à l’ATR avec 1/1 tour
Barre fixe,valorisation,1 élément P3 (min.),elements,1,,,barre-fixe-27-p6-30,P6,,Elan circulaire Adler au moins à 45°
Barre fixe,valorisation,1 élément P3 (min.),elements,1,,,barre-fixe-27-p7-127,P7,,Endo jambes serrées avec 1/2 tour ou +
Barre fixe,valorisation,1 élément P3 (min.),elements,1,,,barre-fixe-27-p7-128,P7,,Endo jambes écartées avec 1/1 ou 3/2 tours
Barre fixe,valorisation,1 élément P3 (min.),elements,1,,,barre-fixe-27-p7-129,P7,,Stalder jambes serrées ou avec ½ tour ou +
Barre fixe,valorisation,1 élément P3 (min.),elements,1,,,barre-fixe-27-p7-130,P7,,Stalder jambes écartées avec 1/1 ou 3/2 tour
Barre fixe,valorisation,1 élément P3 (min.),elements,1,,,barre-fixe-27-p7-131,P7,,Weller avec ½ tour ou +
Barre fixe,valorisation,1 élément P3 (min.),elements,1,,,barre-fixe-27-p7-35,P7,,Adler par l’appui renversé ou avec 1/2 tour ou avec 1/1 tour
Barre fixe,valorisation,1 élément P3 (min.),elements,1,,,barre-fixe-27-p7-56,P7,,"Tkatchev (sous toutes formes) depuis n’importe quel élément près de la barre (passe-fil, pieds barre, Stalder..)"
Barre fixe,valorisation,1 rotation P2 (min.),elements,1,,,barre-fixe-27-p2-105,P2,,De l’appui renversement arrière corps tendu bassin près de la barre puis filer au-dessus de l’horizontale à la suspension
Barre fixe,valorisation,1 rotation P2 (min.),elements,1,,,barre-fixe-27-p2-7-new,P2,,Balancé avant fermeture et oscillation pieds sur barre
Barre fixe,valorisation,1 rotation P2 (min.),elements,1,,,barre-fixe-27-p3-109,P3,,"Pied main arrière, jambes écartées et tendues à l’ATR"
Barre fixe,valorisation,1 rotation P2 (min.),elements,1,,,barre-fixe-27-p3-110,P3,,Tour arrière libre bras aux oreilles au moins à l’horizontale
Barre fixe,valorisation,1 rotation P2 (min.),elements,1,,,barre-fixe-27-p3-113,P3,,"Pied main avant, jambes serrées ou écartées et tendues à l’ATR"
Barre fixe,valorisation,1 rotation P2 (min.),elements,1,,,barre-fixe-27-p3-8-new,P3,,Balancé avant oscillation endo/stalder et dégagé
Barre fixe,valorisation,1 rotation P2 (min.),elements,1,,,barre-fixe-27-p4-112,P4,,"Pied main arrière, jambes serrées et tendues à l’ATR"
Barre fixe,valorisation,1 rotation P2 (min.),elements,1,,,barre-fixe-27-p4-116,P4,,Passement filé à l’ATR (sauté ou non)
Barre fixe,valorisation,1 rotation P2 (min.),elements,1,,,barre-fixe-27-p4-143,P4,,Sortie pied main salto ou filée salto avant groupé
Barre fixe,valorisation,1 rotation P2 (min.),elements,1,,,barre-fixe-27-p5-119,P5,,Endo jambes écartées Elan circulaire écart libre en avant par l’appui renversé
Barre fixe,valorisation,1 rotation P2 (min.),elements,1,,,barre-fixe-27-p5-121,P5,,Stalder jambes écartées Elan circulaire écart libre en arrière par l’appui renversé
Barre fixe,valorisation,1 rotation P2 (min.),elements,1,,,barre-fixe-27-p5-125,P5,,Passement filé avec 1/2 tour ou plus
Barre fixe,valorisation,1 rotation P2 (min.),elements,1,,,barre-fixe-27-p5-126,P5,,Pieds barre jambes serrées ou écartées à l’ATR avec 1/2 tour
Barre fixe,valorisation,1 rotation P2 (min.),elements,1,,,barre-fixe-27-p5-151,P5,,Sortie pied main salto ou filé salto avant groupé avec 1/2 tour
Barre fixe,valorisation,1 rotation P2 (min.),elements,1,,,barre-fixe-27-p6-118,P6,,Weller. De l’appui renversé tour appui avant par l’appui renversé
Barre fixe,valorisation,1 rotation P2 (min.),elements,1,,,barre-fixe-27-p6-120,P6,,Endo jambes écartées avec 1/2 tour
Barre fixe,valorisation,1 rotation P2 (min.),elements,1,,,barre-fixe-27-p6-122,P6,,Stalder jambes écartées avec 1/2 tour
Barre fixe,valorisation,1 rotation P2 (min.),elements,1,,,barre-fixe-27-p6-124,P6,,Stalder jambes serrées sauté à l’appui renversé
Barre fixe,valorisation,1 rotation P2 (min.),elements,1,,,barre-fixe-27-p6-132,P6,,Pieds barre jambes serrées ou écartées à l’ATR avec 1/1 tour
Barre fixe,valorisation,1 rotation P2 (min.),elements,1,,,barre-fixe-27-p6-30,P6,,Elan circulaire Adler au moins à 45°
Barre fixe,valorisation,1 rotation P2 (min.),elements,1,,,barre-fixe-27-p7-127,P7,,Endo jambes serrées avec 1/2 tour ou +
Barre fixe,valorisation,1 rotation P2 (min.),elements,1,,,barre-fixe-27-p7-128,P7,,Endo jambes écartées avec 1/1 ou 3/2 tours
Barre fixe,valorisation,1 rotation P2 (min.),elements,1,,,barre-fixe-27-p7-129,P7,,Stalder jambes serrées ou avec ½ tour ou +
Barre fixe,valorisation,1 rotation P2 (min.),elements,1,,,barre-fixe-27-p7-130,P7,,Stalder jambes écartées avec 1/1 ou 3/2 tour
Barre fixe,valorisation,1 rotation P2 (min.),elements,1,,,barre-fixe-27-p7-131,P7,,Weller avec ½ tour ou +
Barre fixe,valorisation,1 rotation P2 (min.),elements,1,,,barre-fixe-27-p7-35,P7,,Adler par l’appui renversé ou avec 1/2 tour ou avec 1/1 tour
Barre fixe,valorisation,1 rotation P2 (min.),elements,1,,,barre-fixe-27-p7-56,P7,,"Tkatchev (sous toutes formes) depuis n’importe quel élément près de la barre (passe-fil, pieds barre, Stalder..)"
Barre fixe,valorisation,Sortie P3 (min.),elements,1,,,barre-fixe-24-p4-146,P4,,Sortie salto arrière tendu depuis un soleil
Barre fixe,valorisation,Sortie P3 (min.),elements,1,,,barre-fixe-27-p4-143,P4,,Sortie pied main salto ou filée salto avant groupé
Barre fixe,valorisation,Sortie P3 (min.),elements,1,,,barre-fixe-27-p5-151,P5,,Sortie pied main salto ou filé salto avant groupé avec 1/2 tour
Barre fixe,exigence,1 élément P4,elements,1,,,barre-fixe-24-p4-142,P4,,Salto arrière carpé ou tendu avec 1/2 ou 1/1 tour
Barre fixe,exigence,1 élément P4,elements,1,,,barre-fixe-24-p4-146,P4,,Sortie salto arrière tendu depuis un soleil
Barre fixe,exigence,1 élément P4,elements,1,,,barre-fixe-24-p4-71,P4,,Grand tour arrière à l’ATR avec 1/2 tour
Barre fixe,exigence,1 élément P4,elements,1,,,barre-fixe-25-p4-145,P4,,Salto avant carpé ou tendu avec 1/2 tour
Barre fixe,exigence,1 élément P4,elements,1,,,barre-fixe-25-p4-45,P4,,Voronin. Etablissement arrière et sauté carpé avec 1/2 tour à la suspension
Barre fixe,exigence,1 élément P4,elements,1,,,barre-fixe-25-p4-46,P4,,Etablissement arrière et sauté dorsal avec 1/4 tour à la suspension
Barre fixe,exigence,1 élément P4,elements,1,,,barre-fixe-26-p4-13,P4,,Bascule d’élan
Barre fixe,exigence,1 élément P4,elements,1,,,barre-fixe-27-p4-112,P4,,"Pied main arrière, jambes serrées et tendues à l’ATR"
Barre fixe,exigence,1 élément P4,elements,1,,,barre-fixe-27-p4-116,P4,,Passement filé à l’ATR (sauté ou non)
Barre fixe,exigence,1 élément P4,elements,1,,,barre-fixe-27-p4-143,P4,,Sortie pied main salto ou filée salto avant groupé
Barre fixe,valorisation,1 grand tour arrière avec rotation longitudinale 180°,elements,1,,oui,barre-fixe-24-p3-21,P3,,Grand tour arrière (soleil) 360°
Barre fixe,valorisation,1 grand tour arrière avec rotation longitudinale 180°,elements,1,,oui,barre-fixe-24-p4-71,P4,,Grand tour arrière à l’ATR avec 1/2 tour
Barre fixe,valorisation,1 grand tour arrière avec rotation longitudinale 180°,elements,1,,oui,barre-fixe-24-p5-28,P5,,Grand tour arrière avec 1/1 tour
Barre fixe,valorisation,1 grand tour arrière avec rotation longitudinale 180°,elements,1,,oui,barre-fixe-24-p6-42,P6,,Grand tour arrière sauté ou sauté avec 1/2 tour
Barre fixe,valorisation,1 grand tour arrière avec rotation longitudinale 180°,elements,1,,oui,barre-fixe-24-p7-32,P7,,Grand tour arrière d’un bras
Barre fixe,valorisation,1 grand tour arrière avec rotation longitudinale 180°,elements,1,,oui,barre-fixe-24-p7-33,P7,,Grand tour arrière avec 3/2 tour ou + (sauté ou non)
Barre fixe,valorisation,1 grand tour arrière avec rotation longitudinale 180°,elements,1,,oui,barre-fixe-24-p7-51,P7,,Grand tour arrière sauté avec 1/1 tour ou plus
Barre fixe,valorisation,1 grand tour arrière avec rotation longitudinale 180°,elements,1,,oui,barre-fixe-24-p7-83,P7,,Grand tour arrière avec 3/2 tours en prise cubitale
Barre fixe,valorisation,1 grand tour arrière avec rotation longitudinale 180°,elements,1,,oui,barre-fixe-25-p3-20,P3,,Grand tour avant (lune) 360°
Barre fixe,valorisation,1 grand tour arrière avec rotation longitudinale 180°,elements,1,,oui,barre-fixe-25-p3-70,P3,,Grand tour avant à l’ATR avec 1/2 tour
Barre fixe,valorisation,1 grand tour arrière avec rotation longitudinale 180°,elements,1,,oui,barre-fixe-25-p5-40,P5,,Grand tour avant sauté ou sauté avec 1/2 tour
Barre fixe,valorisation,1 grand tour arrière avec rotation longitudinale 180°,elements,1,,oui,barre-fixe-25-p6-26,P6,,Grand tour avant avec 1/1 ou 3/2 tours
Barre fixe,valorisation,1 grand tour arrière avec rotation longitudinale 180°,elements,1,,oui,barre-fixe-25-p6-29,P6,,Grand tour avant en prise cubitale
Barre fixe,valorisation,1 grand tour arrière avec rotation longitudinale 180°,elements,1,,oui,barre-fixe-25-p7-31,P7,,Grand tour avant d’un bras
Barre fixe,valorisation,1 grand tour arrière avec rotation longitudinale 180°,elements,1,,oui,barre-fixe-25-p7-34,P7,,Grand tour avant avec 1/1 tours à la prise cubitale
Barre fixe,valorisation,1 élément P4 (min.),elements,1,,,barre-fixe-24-p4-142,P4,,Salto arrière carpé ou tendu avec 1/2 ou 1/1 tour
Barre fixe,valorisation,1 élément P4 (min.),elements,1,,,barre-fixe-24-p4-146,P4,,Sortie salto arrière tendu depuis un soleil
Barre fixe,valorisation,1 élément P4 (min.),elements,1,,,barre-fixe-24-p4-71,P4,,Grand tour arrière à l’ATR avec 1/2 tour
Barre fixe,valorisation,1 élément P4 (min.),elements,1,,,barre-fixe-24-p5-148,P5,,Salto arrière carpé ou tendu avec 3/2 ou 2/1 tours
Barre fixe,valorisation,1 élément P4 (min.),elements,1,,,barre-fixe-24-p5-149,P5,,Double salto arrière groupé ou carpé
Barre fixe,valorisation,1 élément P4 (min.),elements,1,,,barre-fixe-24-p5-28,P5,,Grand tour arrière avec 1/1 tour
Barre fixe,valorisation,1 élément P4 (min.),elements,1,,,barre-fixe-24-p5-3-new,P5,,Balancé ATR changement prise lune
Barre fixe,valorisation,1 élément P4 (min.),elements,1,,,barre-fixe-24-p6-42,P6,,Grand tour arrière sauté ou sauté avec 1/2 tour
Barre fixe,valorisation,1 élément P4 (min.),elements,1,,,barre-fixe-24-p6-59,P6,,Gienger. Elancer en avant et salto arrière carpé ou tendu avec 1/2 tour à la suspension
Barre fixe,valorisation,1 élément P4 (min.),elements,1,,,barre-fixe-24-p7-154,P7,,Double salto arrière tendu
Barre fixe,valorisation,1 élément P4 (min.),elements,1,,,barre-fixe-24-p7-155,P7,,Double salto arrière avec 1/1 tour ou +
Barre fixe,valorisation,1 élément P4 (min.),elements,1,,,barre-fixe-24-p7-32,P7,,Grand tour arrière d’un bras
Barre fixe,valorisation,1 élément P4 (min.),elements,1,,,barre-fixe-24-p7-33,P7,,Grand tour arrière avec 3/2 tour ou + (sauté ou non)
Barre fixe,valorisation,1 élément P4 (min.),elements,1,,,barre-fixe-24-p7-51,P7,,Grand tour arrière sauté avec 1/1 tour ou plus
Barre fixe,valorisation,1 élément P4 (min.),elements,1,,,barre-fixe-24-p7-55,P7,,Tkatchev (sous toute forme)
Barre fixe,valorisation,1 élément P4 (min.),elements,1,,,barre-fixe-24-p7-60,P7,,Kovacs ou avec 1/2 tour ou avec 1/1 tour
Barre fixe,valorisation,1 élément P4 (min.),elements,1,,,barre-fixe-24-p7-83,P7,,Grand tour arrière avec 3/2 tours en prise cubitale
Barre fixe,valorisation,1 élément P4 (min.),elements,1,,,barre-fixe-25-p4-145,P4,,Salto avant carpé ou tendu avec 1/2 tour
Barre fixe,valorisation,1 élément P4 (min.),elements,1,,,barre-fixe-25-p4-45,P4,,Voronin. Etablissement arrière et sauté carpé avec 1/2 tour à la suspension
Barre fixe,valorisation,1 élément P4 (min.),elements,1,,,barre-fixe-25-p4-46,P4,,Etablissement arrière et sauté dorsal avec 1/4 tour à la suspension
Barre fixe,valorisation,1 élément P4 (min.),elements,1,,,barre-fixe-25-p5-152,P5,,Salto avant tendu avec 1/1 ou 3/2 tours
Barre fixe,valorisation,1 élément P4 (min.),elements,1,,,barre-fixe-25-p5-24,P5,,Etablissement arrière prise cubitale et sauté par l’appui renversé
Barre fixe,valorisation,1 élément P4 (min.),elements,1,,,barre-fixe-25-p5-40,P5,,Grand tour avant sauté ou sauté avec 1/2 tour
Barre fixe,valorisation,1 élément P4 (min.),elements,1,,,barre-fixe-25-p6-160,P6,,Double salto avant par dessus la barre aussi avec 1/2 tour
Barre fixe,valorisation,1 élément P4 (min.),elements,1,,,barre-fixe-25-p6-26,P6,,Grand tour avant avec 1/1 ou 3/2 tours
Barre fixe,valorisation,1 élément P4 (min.),elements,1,,,barre-fixe-25-p6-29,P6,,Grand tour avant en prise cubitale
Barre fixe,valorisation,1 élément P4 (min.),elements,1,,,barre-fixe-25-p6-58,P6,,Jager. Elancé en arrière et salto avant groupé carpé ou écart à la suspension
Barre fixe,valorisation,1 élément P4 (min.),elements,1,,,barre-fixe-25-p7-159,P7,,Double salto avant groupé ou carpé aussi avec 1/2 tour ou +
Barre fixe,valorisation,1 élément P4 (min.),elements,1,,,barre-fixe-25-p7-31,P7,,Grand tour avant d’un bras
Barre fixe,valorisation,1 élément P4 (min.),elements,1,,,barre-fixe-25-p7-34,P7,,Grand tour avant avec 1/1 tours à la prise cubitale
Barre fixe,valorisation,1 élément P4 (min.),elements,1,,,barre-fixe-26-p4-13,P4,,Bascule d’élan
Barre fixe,valorisation,1 élément P4 (min.),elements,1,,,barre-fixe-26-p5-14,P5,,Bascule de l’appui à l’appui
Barre fixe,valorisation,1 élément P4 (min.),elements,1,,,barre-fixe-26-p5-17,P5,,Prise d’élan à l’ATR
Barre fixe,valorisation,1 élément P4 (min.),elements,1,,,barre-fixe-26-p5-19,P5,,Etablissement arrière à l’ATR
Barre fixe,valorisation,1 élément P4 (min.),elements,1,,,barre-fixe-26-p5-37,P5,,Bascule couper écart
Barre fixe,valorisation,1 élément P4 (min.),elements,1,,,barre-fixe-26-p6-18,P6,,Prise d’élan à l’ATR avec 1/2 tour
Barre fixe,valorisation,1 élément P4 (min.),elements,1,,,barre-fixe-26-p6-23,P6,,Bascule d’élan puis montée ATR en liaison directe
Barre fixe,valorisation,1 élément P4 (min.),elements,1,,,barre-fixe-26-p7-19bis,P7,,Etablissement arrière à l’ATR avec 1/2 tour
Barre fixe,valorisation,1 élément P4 (min.),elements,1,,,barre-fixe-26-p7-23-plus,P7,,Bascule d’élan puis montée ATR avec 1/2 tour en liaison directe
Barre fixe,valorisation,1 élément P4 (min.),elements,1,,,barre-fixe-27-p4-112,P4,,"Pied main arrière, jambes serrées et tendues à l’ATR"
Barre fixe,valorisation,1 élément P4 (min.),elements,1,,,barre-fixe-27-p4-116,P4,,Passement filé à l’ATR (sauté ou non)
Barre fixe,valorisation,1 élément P4 (min.),elements,1,,,barre-fixe-27-p4-143,P4,,Sortie pied main salto ou filée salto avant groupé
Barre fixe,valorisation,1 élément P4 (min.),elements,1,,,barre-fixe-27-p5-119,P5,,Endo jambes écartées Elan circulaire écart libre en avant par l’appui renversé
Barre fixe,valorisation,1 élément P4 (min.),elements,1,,,barre-fixe-27-p5-121,P5,,Stalder jambes écartées Elan circulaire écart libre en arrière par l’appui renversé
Barre fixe,valorisation,1 élément P4 (min.),elements,1,,,barre-fixe-27-p5-125,P5,,Passement filé avec 1/2 tour ou plus
Barre fixe,valorisation,1 élément P4 (min.),elements,1,,,barre-fixe-27-p5-126,P5,,Pieds barre jambes serrées ou écartées à l’ATR avec 1/2 tour
Barre fixe,valorisation,1 élément P4 (min.),elements,1,,,barre-fixe-27-p5-151,P5,,Sortie pied main salto ou filé salto avant groupé avec 1/2 tour
Barre fixe,valorisation,1 élément P4 (min.),elements,1,,,barre-fixe-27-p6-118,P6,,Weller. De l’appui renversé tour appui avant par l’appui renversé
Barre fixe,valorisation,1 élément P4 (min.),elements,1,,,barre-fixe-27-p6-120,P6,,Endo jambes écartées avec 1/2 tour
Barre fixe,valorisation,1 élément P4 (min.),elements,1,,,barre-fixe-27-p6-122,P6,,Stalder jambes écartées avec 1/2 tour
Barre fixe,valorisation,1 élément P4 (min.),elements,1,,,barre-fixe-27-p6-124,P6,,Stalder jambes serrées sauté à l’appui renversé
Barre fixe,valorisation,1 élément P4 (min.),elements,1,,,barre-fixe-27-p6-132,P6,,Pieds barre jambes serrées ou écartées à l’ATR avec 1/1 tour
Barre fixe,valorisation,1 élément P4 (min.),elements,1,,,barre-fixe-27-p6-30,P6,,Elan circulaire Adler au moins à 45°
Barre fixe,valorisation,1 élément P4 (min.),elements,1,,,barre-fixe-27-p7-127,P7,,Endo jambes serrées avec 1/2 tour ou +
Barre fixe,valorisation,1 élément P4 (min.),elements,1,,,barre-fixe-27-p7-128,P7,,Endo jambes écartées avec 1/1 ou 3/2 tours
Barre fixe,valorisation,1 élément P4 (min.),elements,1,,,barre-fixe-27-p7-129,P7,,Stalder jambes serrées ou avec ½ tour ou +
Barre fixe,valorisation,1 élément P4 (min.),elements,1,,,barre-fixe-27-p7-130,P7,,Stalder jambes écartées avec 1/1 ou 3/2 tour
Barre fixe,valorisation,1 élément P4 (min.),elements,1,,,barre-fixe-27-p7-131,P7,,Weller avec ½ tour ou +
Barre fixe,valorisation,1 élément P4 (min.),elements,1,,,barre-fixe-27-p7-35,P7,,Adler par l’appui renversé ou avec 1/2 tour ou avec 1/1 tour
Barre fixe,valorisation,1 élément P4 (min.),elements,1,,,barre-fixe-27-p7-56,P7,,"Tkatchev (sous toutes formes) depuis n’importe quel élément près de la barre (passe-fil, pieds barre, Stalder..)"
Barre fixe,valorisation,1 rotation P4 (min.),elements,1,,,barre-fixe-27-p4-112,P4,,"Pied main arrière, jambes serrées et tendues à l’ATR"
Barre fixe,valorisation,1 rotation P4 (min.),elements,1,,,barre-fixe-27-p4-116,P4,,Passement filé à l’ATR (sauté ou non)
Barre fixe,valorisation,1 rotation P4 (min.),elements,1,,,barre-fixe-27-p4-143,P4,,Sortie pied main salto ou filée salto avant groupé
Barre fixe,valorisation,1 rotation P4 (min.),elements,1,,,barre-fixe-27-p5-119,P5,,Endo jambes écartées Elan circulaire écart libre en avant par l’appui renversé
Barre fixe,valorisation,1 rotation P4 (min.),elements,1,,,barre-fixe-27-p5-121,P5,,Stalder jambes écartées Elan circulaire écart libre en arrière par l’appui renversé
Barre fixe,valorisation,1 rotation P4 (min.),elements,1,,,barre-fixe-27-p5-125,P5,,Passement filé avec 1/2 tour ou plus
Barre fixe,valorisation,1 rotation P4 (min.),elements,1,,,barre-fixe-27-p5-126,P5,,Pieds barre jambes serrées ou écartées à l’ATR avec 1/2 tour
Barre fixe,valorisation,1 rotation P4 (min.),elements,1,,,barre-fixe-27-p5-151,P5,,Sortie pied main salto ou filé salto avant groupé avec 1/2 tour
Barre fixe,valorisation,1 rotation P4 (min.),elements,1,,,barre-fixe-27-p6-118,P6,,Weller. De l’appui renversé tour appui avant par l’appui renversé
Barre fixe,valorisation,1 rotation P4 (min.),elements,1,,,barre-fixe-27-p6-120,P6,,Endo jambes écartées avec 1/2 tour
Barre fixe,valorisation,1 rotation P4 (min.),elements,1,,,barre-fixe-27-p6-122,P6,,Stalder jambes écartées avec 1/2 tour
Barre fixe,valorisation,1 rotation P4 (min.),elements,1,,,barre-fixe-27-p6-124,P6,,Stalder jambes serrées sauté à l’appui renversé
Barre fixe,valorisation,1 rotation P4 (min.),elements,1,,,barre-fixe-27-p6-132,P6,,Pieds barre jambes serrées ou écartées à l’ATR avec 1/1 tour
Barre fixe,valorisation,1 rotation P4 (min.),elements,1,,,barre-fixe-27-p6-30,P6,,Elan circulaire Adler au moins à 45°
Barre fixe,valorisation,1 rotation P4 (min.),elements,1,,,barre-fixe-27-p7-127,P7,,Endo jambes serrées avec 1/2 tour ou +
Barre fixe,valorisation,1 rotation P4 (min.),elements,1,,,barre-fixe-27-p7-128,P7,,Endo jambes écartées avec 1/1 ou 3/2 tours
Barre fixe,valorisation,1 rotation P4 (min.),elements,1,,,barre-fixe-27-p7-129,P7,,Stalder jambes serrées ou avec ½ tour ou +
Barre fixe,valorisation,1 rotation P4 (min.),elements,1,,,barre-fixe-27-p7-130,P7,,Stalder jambes écartées avec 1/1 ou 3/2 tour
Barre fixe,valorisation,1 rotation P4 (min.),elements,1,,,barre-fixe-27-p7-131,P7,,Weller avec ½ tour ou +
Barre fixe,valorisation,1 rotation P4 (min.),elements,1,,,barre-fixe-27-p7-35,P7,,Adler par l’appui renversé ou avec 1/2 tour ou avec 1/1 tour
Barre fixe,valorisation,1 rotation P4 (min.),elements,1,,,barre-fixe-27-p7-56,P7,,"Tkatchev (sous toutes formes) depuis n’importe quel élément près de la barre (passe-fil, pieds barre, Stalder..)"
Barre fixe,valorisation,Sortie P4 (min.),elements,1,,,barre-fixe-24-p4-146,P4,,Sortie salto arrière tendu depuis un soleil
Barre fixe,valorisation,Sortie P4 (min.),elements,1,,,barre-fixe-27-p4-143,P4,,Sortie pied main salto ou filée salto avant groupé
Barre fixe,valorisation,Sortie P4 (min.),elements,1,,,barre-fixe-27-p5-151,P5,,Sortie pied main salto ou filé salto avant groupé avec 1/2 tour
Barre fixe,exigence,Un élément P5,elements,1,,,barre-fixe-24-p5-148,P5,,Salto arrière carpé ou tendu avec 3/2 ou 2/1 tours
Barre fixe,exigence,Un élément P5,elements,1,,,barre-fixe-24-p5-149,P5,,Double salto arrière groupé ou carpé
Barre fixe,exigence,Un élément P5,elements,1,,,barre-fixe-24-p5-28,P5,,Grand tour arrière avec 1/1 tour
Barre fixe,exigence,Un élément P5,elements,1,,,barre-fixe-24-p5-3-new,P5,,Balancé ATR changement prise lune
Barre fixe,exigence,Un élément P5,elements,1,,,barre-fixe-25-p5-152,P5,,Salto avant tendu avec 1/1 ou 3/2 tours
Barre fixe,exigence,Un élément P5,elements,1,,,barre-fixe-25-p5-24,P5,,Etablissement arrière prise cubitale et sauté par l’appui renversé
Barre fixe,exigence,Un élément P5,elements,1,,,barre-fixe-25-p5-40,P5,,Grand tour avant sauté ou sauté avec 1/2 tour
Barre fixe,exigence,Un élément P5,elements,1,,,barre-fixe-26-p5-14,P5,,Bascule de l’appui à l’appui
Barre fixe,exigence,Un élément P5,elements,1,,,barre-fixe-26-p5-17,P5,,Prise d’élan à l’ATR
Barre fixe,exigence,Un élément P5,elements,1,,,barre-fixe-26-p5-19,P5,,Etablissement arrière à l’ATR
Barre fixe,exigence,Un élément P5,elements,1,,,barre-fixe-26-p5-37,P5,,Bascule couper écart
Barre fixe,exigence,Un élément P5,elements,1,,,barre-fixe-27-p5-119,P5,,Endo jambes écartées Elan circulaire écart libre en avant par l’appui renversé
Barre fixe,exigence,Un élément P5,elements,1,,,barre-fixe-27-p5-121,P5,,Stalder jambes écartées Elan circulaire écart libre en arrière par l’appui renversé
Barre fixe,exigence,Un élément P5,elements,1,,,barre-fixe-27-p5-125,P5,,Passement filé avec 1/2 tour ou plus
Barre fixe,exigence,Un élément P5,elements,1,,,barre-fixe-27-p5-126,P5,,Pieds barre jambes serrées ou écartées à l’ATR avec 1/2 tour
Barre fixe,exigence,Un élément P5,elements,1,,,barre-fixe-27-p5-151,P5,,Sortie pied main salto ou filé salto avant groupé avec 1/2 tour
Barre fixe,exigence,1 sortie,elements,1,,,barre-fixe-24-p2-140,P2,,"Depuis un soleil, sortie par repoussé arrière depuis l’ATR (règle d’angles)"
Barre fixe,exigence,1 sortie,elements,1,,,barre-fixe-24-p4-146,P4,,Sortie salto arrière tendu depuis un soleil
Barre fixe,exigence,1 sortie,elements,1,,,barre-fixe-27-p4-143,P4,,Sortie pied main salto ou filée salto avant groupé
Barre fixe,exigence,1 sortie,elements,1,,,barre-fixe-27-p5-151,P5,,Sortie pied main salto ou filé salto avant groupé avec 1/2 tour
Barre fixe,valorisation,1 grand tour avec rotation longitudinale 360°,elements,1,,oui,barre-fixe-24-p3-21,P3,,Grand tour arrière (soleil) 360°
Barre fixe,valorisation,1 grand tour avec rotation longitudinale 360°,elements,1,,oui,barre-fixe-24-p4-71,P4,,Grand tour arrière à l’ATR avec 1/2 tour
Barre fixe,valorisation,1 grand tour avec rotation longitudinale 360°,elements,1,,oui,barre-fixe-24-p5-28,P5,,Grand tour arrière avec 1/1 tour
Barre fixe,valorisation,1 grand tour avec rotation longitudinale 360°,elements,1,,oui,barre-fixe-24-p6-42,P6,,Grand tour arrière sauté ou sauté avec 1/2 tour
Barre fixe,valorisation,1 grand tour avec rotation longitudinale 360°,elements,1,,oui,barre-fixe-24-p7-32,P7,,Grand tour arrière d’un bras
Barre fixe,valorisation,1 grand tour avec rotation longitudinale 360°,elements,1,,oui,barre-fixe-24-p7-33,P7,,Grand tour arrière avec 3/2 tour ou + (sauté ou non)
Barre fixe,valorisation,1 grand tour avec rotation longitudinale 360°,elements,1,,oui,barre-fixe-24-p7-51,P7,,Grand tour arrière sauté avec 1/1 tour ou plus
Barre fixe,valorisation,1 grand tour avec rotation longitudinale 360°,elements,1,,oui,barre-fixe-24-p7-83,P7,,Grand tour arrière avec 3/2 tours en prise cubitale
Barre fixe,valorisation,1 grand tour avec rotation longitudinale 360°,elements,1,,oui,barre-fixe-25-p3-20,P3,,Grand tour avant (lune) 360°
Barre fixe,valorisation,1 grand tour avec rotation longitudinale 360°,elements,1,,oui,barre-fixe-25-p3-70,P3,,Grand tour avant à l’ATR avec 1/2 tour
Barre fixe,valorisation,1 grand tour avec rotation longitudinale 360°,elements,1,,oui,barre-fixe-25-p5-40,P5,,Grand tour avant sauté ou sauté avec 1/2 tour
Barre fixe,valorisation,1 grand tour avec rotation longitudinale 360°,elements,1,,oui,barre-fixe-25-p6-26,P6,,Grand tour avant avec 1/1 ou 3/2 tours
Barre fixe,valorisation,1 grand tour avec rotation longitudinale 360°,elements,1,,oui,barre-fixe-25-p6-29,P6,,Grand tour avant en prise cubitale
Barre fixe,valorisation,1 grand tour avec rotation longitudinale 360°,elements,1,,oui,barre-fixe-25-p7-31,P7,,Grand tour avant d’un bras
Barre fixe,valorisation,1 grand tour avec rotation longitudinale 360°,elements,1,,oui,barre-fixe-25-p7-34,P7,,Grand tour avant avec 1/1 tours à la prise cubitale
Barre fixe,valorisation,1 élément P5 (min.),elements,1,,,barre-fixe-24-p5-148,P5,,Salto arrière carpé ou tendu avec 3/2 ou 2/1 tours
Barre fixe,valorisation,1 élément P5 (min.),elements,1,,,barre-fixe-24-p5-149,P5,,Double salto arrière groupé ou carpé
Barre fixe,valorisation,1 élément P5 (min.),elements,1,,,barre-fixe-24-p5-28,P5,,Grand tour arrière avec 1/1 tour
Barre fixe,valorisation,1 élément P5 (min.),elements,1,,,barre-fixe-24-p5-3-new,P5,,Balancé ATR changement prise lune
Barre fixe,valorisation,1 élément P5 (min.),elements,1,,,barre-fixe-24-p6-42,P6,,Grand tour arrière sauté ou sauté avec 1/2 tour
Barre fixe,valorisation,1 élément P5 (min.),elements,1,,,barre-fixe-24-p6-59,P6,,Gienger. Elancer en avant et salto arrière carpé ou tendu avec 1/2 tour à la suspension
Barre fixe,valorisation,1 élément P5 (min.),elements,1,,,barre-fixe-24-p7-154,P7,,Double salto arrière tendu
Barre fixe,valorisation,1 élément P5 (min.),elements,1,,,barre-fixe-24-p7-155,P7,,Double salto arrière avec 1/1 tour ou +
Barre fixe,valorisation,1 élément P5 (min.),elements,1,,,barre-fixe-24-p7-32,P7,,Grand tour arrière d’un bras
Barre fixe,valorisation,1 élément P5 (min.),elements,1,,,barre-fixe-24-p7-33,P7,,Grand tour arrière avec 3/2 tour ou + (sauté ou non)
Barre fixe,valorisation,1 élément P5 (min.),elements,1,,,barre-fixe-24-p7-51,P7,,Grand tour arrière sauté avec 1/1 tour ou plus
Barre fixe,valorisation,1 élément P5 (min.),elements,1,,,barre-fixe-24-p7-55,P7,,Tkatchev (sous toute forme)
Barre fixe,valorisation,1 élément P5 (min.),elements,1,,,barre-fixe-24-p7-60,P7,,Kovacs ou avec 1/2 tour ou avec 1/1 tour
Barre fixe,valorisation,1 élément P5 (min.),elements,1,,,barre-fixe-24-p7-83,P7,,Grand tour arrière avec 3/2 tours en prise cubitale
Barre fixe,valorisation,1 élément P5 (min.),elements,1,,,barre-fixe-25-p5-152,P5,,Salto avant tendu avec 1/1 ou 3/2 tours
Barre fixe,valorisation,1 élément P5 (min.),elements,1,,,barre-fixe-25-p5-24,P5,,Etablissement arrière prise cubitale et sauté par l’appui renversé
Barre fixe,valorisation,1 élément P5 (min.),elements,1,,,barre-fixe-25-p5-40,P5,,Grand tour avant sauté ou sauté avec 1/2 tour
Barre fixe,valorisation,1 élément P5 (min.),elements,1,,,barre-fixe-25-p6-160,P6,,Double salto avant par dessus la barre aussi avec 1/2 tour
Barre fixe,valorisation,1 élément P5 (min.),elements,1,,,barre-fixe-25-p6-26,P6,,Grand tour avant avec 1/1 ou 3/2 tours
Barre fixe,valorisation,1 élément P5 (min.),elements,1,,,barre-fixe-25-p6-29,P6,,Grand tour avant en prise cubitale
Barre fixe,valorisation,1 élément P5 (min.),elements,1,,,barre-fixe-25-p6-58,P6,,Jager. Elancé en arrière et salto avant groupé carpé ou écart à la suspension
Barre fixe,valorisation,1 élément P5 (min.),elements,1,,,barre-fixe-25-p7-159,P7,,Double salto avant groupé ou carpé aussi avec 1/2 tour ou +
Barre fixe,valorisation,1 élément P5 (min.),elements,1,,,barre-fixe-25-p7-31,P7,,Grand tour avant d’un bras
Barre fixe,valorisation,1 élément P5 (min.),elements,1,,,barre-fixe-25-p7-34,P7,,Grand tour avant avec 1/1 tours à la prise cubitale
Barre fixe,valorisation,1 élément P5 (min.),elements,1,,,barre-fixe-26-p5-14,P5,,Bascule de l’appui à l’appui
Barre fixe,valorisation,1 élément P5 (min.),elements,1,,,barre-fixe-26-p5-17,P5,,Prise d’élan à l’ATR
Barre fixe,valorisation,1 élément P5 (min.),elements,1,,,barre-fixe-26-p5-19,P5,,Etablissement arrière à l’ATR
Barre fixe,valorisation,1 élément P5 (min.),elements,1,,,barre-fixe-26-p5-37,P5,,Bascule couper écart
Barre fixe,valorisation,1 élément P5 (min.),elements,1,,,barre-fixe-26-p6-18,P6,,Prise d’élan à l’ATR avec 1/2 tour
Barre fixe,valorisation,1 élément P5 (min.),elements,1,,,barre-fixe-26-p6-23,P6,,Bascule d’élan puis montée ATR en liaison directe
Barre fixe,valorisation,1 élément P5 (min.),elements,1,,,barre-fixe-26-p7-19bis,P7,,Etablissement arrière à l’ATR avec 1/2 tour
Barre fixe,valorisation,1 élément P5 (min.),elements,1,,,barre-fixe-26-p7-23-plus,P7,,Bascule d’élan puis montée ATR avec 1/2 tour en liaison directe
Barre fixe,valorisation,1 élément P5 (min.),elements,1,,,barre-fixe-27-p5-119,P5,,Endo jambes écartées Elan circulaire écart libre en avant par l’appui renversé
Barre fixe,valorisation,1 élément P5 (min.),elements,1,,,barre-fixe-27-p5-121,P5,,Stalder jambes écartées Elan circulaire écart libre en arrière par l’appui renversé
Barre fixe,valorisation,1 élément P5 (min.),elements,1,,,barre-fixe-27-p5-125,P5,,Passement filé avec 1/2 tour ou plus
Barre fixe,valorisation,1 élément P5 (min.),elements,1,,,barre-fixe-27-p5-126,P5,,Pieds barre jambes serrées ou écartées à l’ATR avec 1/2 tour
Barre fixe,valorisation,1 élément P5 (min.),elements,1,,,barre-fixe-27-p5-151,P5,,Sortie pied main salto ou filé salto avant groupé avec 1/2 tour
Barre fixe,valorisation,1 élément P5 (min.),elements,1,,,barre-fixe-27-p6-118,P6,,Weller. De l’appui renversé tour appui avant par l’appui renversé
Barre fixe,valorisation,1 élément P5 (min.),elements,1,,,barre-fixe-27-p6-120,P6,,Endo jambes écartées avec 1/2 tour
Barre fixe,valorisation,1 élément P5 (min.),elements,1,,,barre-fixe-27-p6-122,P6,,Stalder jambes écartées avec 1/2 tour
Barre fixe,valorisation,1 élément P5 (min.),elements,1,,,barre-fixe-27-p6-124,P6,,Stalder jambes serrées sauté à l’appui renversé
Barre fixe,valorisation,1 élément P5 (min.),elements,1,,,barre-fixe-27-p6-132,P6,,Pieds barre jambes serrées ou écartées à l’ATR avec 1/1 tour
Barre fixe,valorisation,1 élément P5 (min.),elements,1,,,barre-fixe-27-p6-30,P6,,Elan circulaire Adler au moins à 45°
Barre fixe,valorisation,1 élément P5 (min.),elements,1,,,barre-fixe-27-p7-127,P7,,Endo jambes serrées avec 1/2 tour ou +
Barre fixe,valorisation,1 élément P5 (min.),elements,1,,,barre-fixe-27-p7-128,P7,,Endo jambes écartées avec 1/1 ou 3/2 tours
Barre fixe,valorisation,1 élément P5 (min.),elements,1,,,barre-fixe-27-p7-129,P7,,Stalder jambes serrées ou avec ½ tour ou +
Barre fixe,valorisation,1 élément P5 (min.),elements,1,,,barre-fixe-27-p7-130,P7,,Stalder jambes écartées avec 1/1 ou 3/2 tour
Barre fixe,valorisation,1 élément P5 (min.),elements,1,,,barre-fixe-27-p7-131,P7,,Weller avec ½ tour ou +
Barre fixe,valorisation,1 élément P5 (min.),elements,1,,,barre-fixe-27-p7-35,P7,,Adler par l’appui renversé ou avec 1/2 tour ou avec 1/1 tour
Barre fixe,valorisation,1 élément P5 (min.),elements,1,,,barre-fixe-27-p7-56,P7,,"Tkatchev (sous toutes formes) depuis n’importe quel élément près de la barre (passe-fil, pieds barre, Stalder..)"
Barre fixe,valorisation,1 rotation P5 (min.),elements,1,,,barre-fixe-27-p5-119,P5,,Endo jambes écartées Elan circulaire écart libre en avant par l’appui renversé
Barre fixe,valorisation,1 rotation P5 (min.),elements,1,,,barre-fixe-27-p5-121,P5,,Stalder jambes écartées Elan circulaire écart libre en arrière par l’appui renversé
Barre fixe,valorisation,1 rotation P5 (min.),elements,1,,,barre-fixe-27-p5-125,P5,,Passement filé avec 1/2 tour ou plus
Barre fixe,valorisation,1 rotation P5 (min.),elements,1,,,barre-fixe-27-p5-126,P5,,Pieds barre jambes serrées ou écartées à l’ATR avec 1/2 tour
Barre fixe,valorisation,1 rotation P5 (min.),elements,1,,,barre-fixe-27-p5-151,P5,,Sortie pied main salto ou filé salto avant groupé avec 1/2 tour
Barre fixe,valorisation,1 rotation P5 (min.),elements,1,,,barre-fixe-27-p6-118,P6,,Weller. De l’appui renversé tour appui avant par l’appui renversé
Barre fixe,valorisation,1 rotation P5 (min.),elements,1,,,barre-fixe-27-p6-120,P6,,Endo jambes écartées avec 1/2 tour
Barre fixe,valorisation,1 rotation P5 (min.),elements,1,,,barre-fixe-27-p6-122,P6,,Stalder jambes écartées avec 1/2 tour
Barre fixe,valorisation,1 rotation P5 (min.),elements,1,,,barre-fixe-27-p6-124,P6,,Stalder jambes serrées sauté à l’appui renversé
Barre fixe,valorisation,1 rotation P5 (min.),elements,1,,,barre-fixe-27-p6-132,P6,,Pieds barre jambes serrées ou écartées à l’ATR avec 1/1 tour
Barre fixe,valorisation,1 rotation P5 (min.),elements,1,,,barre-fixe-27-p6-30,P6,,Elan circulaire Adler au moins à 45°
Barre fixe,valorisation,1 rotation P5 (min.),elements,1,,,barre-fixe-27-p7-127,P7,,Endo jambes serrées avec 1/2 tour ou +
Barre fixe,valorisation,1 rotation P5 (min.),elements,1,,,barre-fixe-27-p7-128,P7,,Endo jambes écartées avec 1/1 ou 3/2 tours
Barre fixe,valorisation,1 rotation P5 (min.),elements,1,,,barre-fixe-27-p7-129,P7,,Stalder jambes serrées ou avec ½ tour ou +
Barre fixe,valorisation,1 rotation P5 (min.),elements,1,,,barre-fixe-27-p7-130,P7,,Stalder jambes écartées avec 1/1 ou 3/2 tour
Barre fixe,valorisation,1 rotation P5 (min.),elements,1,,,barre-fixe-27-p7-131,P7,,Weller avec ½ tour ou +
Barre fixe,valorisation,1 rotation P5 (min.),elements,1,,,barre-fixe-27-p7-35,P7,,Adler par l’appui renversé ou avec 1/2 tour ou avec 1/1 tour
Barre fixe,valorisation,1 rotation P5 (min.),elements,1,,,barre-fixe-27-p7-56,P7,,"Tkatchev (sous toutes formes) depuis n’importe quel élément près de la barre (passe-fil, pieds barre, Stalder..)"
Barre fixe,valorisation,1 sortie P5 (min.),elements,1,,,barre-fixe-27-p5-151,P5,,Sortie pied main salto ou filé salto avant groupé avec 1/2 tour
Barre fixe,exigence,1 élément P6,elements,1,,,barre-fixe-24-p6-42,P6,,Grand tour arrière sauté ou sauté avec 1/2 tour
Barre fixe,exigence,1 élément P6,elements,1,,,barre-fixe-24-p6-59,P6,,Gienger. Elancer en avant et salto arrière carpé ou tendu avec 1/2 tour à la suspension
Barre fixe,exigence,1 élément P6,elements,1,,,barre-fixe-25-p6-160,P6,,Double salto avant par dessus la barre aussi avec 1/2 tour
Barre fixe,exigence,1 élément P6,elements,1,,,barre-fixe-25-p6-26,P6,,Grand tour avant avec 1/1 ou 3/2 tours
Barre fixe,exigence,1 élément P6,elements,1,,,barre-fixe-25-p6-29,P6,,Grand tour avant en prise cubitale
Barre fixe,exigence,1 élément P6,elements,1,,,barre-fixe-25-p6-58,P6,,Jager. Elancé en arrière et salto avant groupé carpé ou écart à la suspension
Barre fixe,exigence,1 élément P6,elements,1,,,barre-fixe-26-p6-18,P6,,Prise d’élan à l’ATR avec 1/2 tour
Barre fixe,exigence,1 élément P6,elements,1,,,barre-fixe-26-p6-23,P6,,Bascule d’élan puis montée ATR en liaison directe
Barre fixe,exigence,1 élément P6,elements,1,,,barre-fixe-27-p6-118,P6,,Weller. De l’appui renversé tour appui avant par l’appui renversé
Barre fixe,exigence,1 élément P6,elements,1,,,barre-fixe-27-p6-120,P6,,Endo jambes écartées avec 1/2 tour
Barre fixe,exigence,1 élément P6,elements,1,,,barre-fixe-27-p6-122,P6,,Stalder jambes écartées avec 1/2 tour
Barre fixe,exigence,1 élément P6,elements,1,,,barre-fixe-27-p6-124,P6,,Stalder jambes serrées sauté à l’appui renversé
Barre fixe,exigence,1 élément P6,elements,1,,,barre-fixe-27-p6-132,P6,,Pieds barre jambes serrées ou écartées à l’ATR avec 1/1 tour
Barre fixe,exigence,1 élément P6,elements,1,,,barre-fixe-27-p6-30,P6,,Elan circulaire Adler au moins à 45°
Barre fixe,valorisation,1 élément P6 (min.),elements,1,,,barre-fixe-24-p6-42,P6,,Grand tour arrière sauté ou sauté avec 1/2 tour
Barre fixe,valorisation,1 élément P6 (min.),elements,1,,,barre-fixe-24-p6-59,P6,,Gienger. Elancer en avant et salto arrière carpé ou tendu avec 1/2 tour à la suspension
Barre fixe,valorisation,1 élément P6 (min.),elements,1,,,barre-fixe-24-p7-154,P7,,Double salto arrière tendu
Barre fixe,valorisation,1 élément P6 (min.),elements,1,,,barre-fixe-24-p7-155,P7,,Double salto arrière avec 1/1 tour ou +
Barre fixe,valorisation,1 élément P6 (min.),elements,1,,,barre-fixe-24-p7-32,P7,,Grand tour arrière d’un bras
Barre fixe,valorisation,1 élément P6 (min.),elements,1,,,barre-fixe-24-p7-33,P7,,Grand tour arrière avec 3/2 tour ou + (sauté ou non)
Barre fixe,valorisation,1 élément P6 (min.),elements,1,,,barre-fixe-24-p7-51,P7,,Grand tour arrière sauté avec 1/1 tour ou plus
Barre fixe,valorisation,1 élément P6 (min.),elements,1,,,barre-fixe-24-p7-55,P7,,Tkatchev (sous toute forme)
Barre fixe,valorisation,1 élément P6 (min.),elements,1,,,barre-fixe-24-p7-60,P7,,Kovacs ou avec 1/2 tour ou avec 1/1 tour
Barre fixe,valorisation,1 élément P6 (min.),elements,1,,,barre-fixe-24-p7-83,P7,,Grand tour arrière avec 3/2 tours en prise cubitale
Barre fixe,valorisation,1 élément P6 (min.),elements,1,,,barre-fixe-25-p6-160,P6,,Double salto avant par dessus la barre aussi avec 1/2 tour
Barre fixe,valorisation,1 élément P6 (min.),elements,1,,,barre-fixe-25-p6-26,P6,,Grand tour avant avec 1/1 ou 3/2 tours
Barre fixe,valorisation,1 élément P6 (min.),elements,1,,,barre-fixe-25-p6-29,P6,,Grand tour avant en prise cubitale
Barre fixe,valorisation,1 élément P6 (min.),elements,1,,,barre-fixe-25-p6-58,P6,,Jager. Elancé en arrière et salto avant groupé carpé ou écart à la suspension
Barre fixe,valorisation,1 élément P6 (min.),elements,1,,,barre-fixe-25-p7-159,P7,,Double salto avant groupé ou carpé aussi avec 1/2 tour ou +
Barre fixe,valorisation,1 élément P6 (min.),elements,1,,,barre-fixe-25-p7-31,P7,,Grand tour avant d’un bras
Barre fixe,valorisation,1 élément P6 (min.),elements,1,,,barre-fixe-25-p7-34,P7,,Grand tour avant avec 1/1 tours à la prise cubitale
Barre fixe,valorisation,1 élément P6 (min.),elements,1,,,barre-fixe-26-p6-18,P6,,Prise d’élan à l’ATR avec 1/2 tour
Barre fixe,valorisation,1 élément P6 (min.),elements,1,,,barre-fixe-26-p6-23,P6,,Bascule d’élan puis montée ATR en liaison directe
Barre fixe,valorisation,1 élément P6 (min.),elements,1,,,barre-fixe-26-p7-19bis,P7,,Etablissement arrière à l’ATR avec 1/2 tour
Barre fixe,valorisation,1 élément P6 (min.),elements,1,,,barre-fixe-26-p7-23-plus,P7,,Bascule d’élan puis montée ATR avec 1/2 tour en liaison directe
Barre fixe,valorisation,1 élément P6 (min.),elements,1,,,barre-fixe-27-p6-118,P6,,Weller. De l’appui renversé tour appui avant par l’appui renversé
Barre fixe,valorisation,1 élément P6 (min.),elements,1,,,barre-fixe-27-p6-120,P6,,Endo jambes écartées avec 1/2 tour
Barre fixe,valorisation,1 élément P6 (min.),elements,1,,,barre-fixe-27-p6-122,P6,,Stalder jambes écartées avec 1/2 tour
Barre fixe,valorisation,1 élément P6 (min.),elements,1,,,barre-fixe-27-p6-124,P6,,Stalder jambes serrées sauté à l’appui renversé
Barre fixe,valorisation,1 élément P6 (min.),elements,1,,,barre-fixe-27-p6-132,P6,,Pieds barre jambes serrées ou écartées à l’ATR avec 1/1 tour
Barre fixe,valorisation,1 élément P6 (min.),elements,1,,,barre-fixe-27-p6-30,P6,,Elan circulaire Adler au moins à 45°
Barre fixe,valorisation,1 élément P6 (min.),elements,1,,,barre-fixe-27-p7-127,P7,,Endo jambes serrées avec 1/2 tour ou +
Barre fixe,valorisation,1 élément P6 (min.),elements,1,,,barre-fixe-27-p7-128,P7,,Endo jambes écartées avec 1/1 ou 3/2 tours
Barre fixe,valorisation,1 élément P6 (min.),elements,1,,,barre-fixe-27-p7-129,P7,,Stalder jambes serrées ou avec ½ tour ou +
Barre fixe,valorisation,1 élément P6 (min.),elements,1,,,barre-fixe-27-p7-130,P7,,Stalder jambes écartées avec 1/1 ou 3/2 tour
Barre fixe,valorisation,1 élément P6 (min.),elements,1,,,barre-fixe-27-p7-131,P7,,Weller avec ½ tour ou +
Barre fixe,valorisation,1 élément P6 (min.),elements,1,,,barre-fixe-27-p7-35,P7,,Adler par l’appui renversé ou avec 1/2 tour ou avec 1/1 tour
Barre fixe,valorisation,1 élément P6 (min.),elements,1,,,barre-fixe-27-p7-56,P7,,"Tkatchev (sous toutes formes) depuis n’importe quel élément près de la barre (passe-fil, pieds barre, Stalder..)"
Barre fixe,valorisation,1 rotation P6 (min.),elements,1,,,barre-fixe-27-p6-118,P6,,Weller. De l’appui renversé tour appui avant par l’appui renversé
Barre fixe,valorisation,1 rotation P6 (min.),elements,1,,,barre-fixe-27-p6-120,P6,,Endo jambes écartées avec 1/2 tour
Barre fixe,valorisation,1 rotation P6 (min.),elements,1,,,barre-fixe-27-p6-122,P6,,Stalder jambes écartées avec 1/2 tour
Barre fixe,valorisation,1 rotation P6 (min.),elements,1,,,barre-fixe-27-p6-124,P6,,Stalder jambes serrées sauté à l’appui renversé
Barre fixe,valorisation,1 rotation P6 (min.),elements,1,,,barre-fixe-27-p6-132,P6,,Pieds barre jambes serrées ou écartées à l’ATR avec 1/1 tour
Barre fixe,valorisation,1 rotation P6 (min.),elements,1,,,barre-fixe-27-p6-30,P6,,Elan circulaire Adler au moins à 45°
Barre fixe,valorisation,1 rotation P6 (min.),elements,1,,,barre-fixe-27-p7-127,P7,,Endo jambes serrées avec 1/2 tour ou +
Barre fixe,valorisation,1 rotation P6 (min.),elements,1,,,barre-fixe-27-p7-128,P7,,Endo jambes écartées avec 1/1 ou 3/2 tours
Barre fixe,valorisation,1 rotation P6 (min.),elements,1,,,barre-fixe-27-p7-129,P7,,Stalder jambes serrées ou avec ½ tour ou +
Barre fixe,valorisation,1 rotation P6 (min.),elements,1,,,barre-fixe-27-p7-130,P7,,Stalder jambes écartées avec 1/1 ou 3/2 tour
Barre fixe,valorisation,1 rotation P6 (min.),elements,1,,,barre-fixe-27-p7-131,P7,,Weller avec ½ tour ou +
Barre fixe,valorisation,1 rotation P6 (min.),elements,1,,,barre-fixe-27-p7-35,P7,,Adler par l’appui renversé ou avec 1/2 tour ou avec 1/1 tour
Barre fixe,valorisation,1 rotation P6 (min.),elements,1,,,barre-fixe-27-p7-56,P7,,"Tkatchev (sous toutes formes) depuis n’importe quel élément près de la barre (passe-fil, pieds barre, Stalder..)"
